AID,SID,CID,Activity Outcome,Target Accession,Activity Name,Activity Qualifier,Activity Value [uM],Assay Name,Assay Type,PubMed ID,RNAi
1433,50100089,16007391,Inactive,NP_001005862,,,4.3,Kinase Inhibitor Selectivity Profiling Assay,Other,,
1433,50100094,156414,Active,NP_001005862,,,0.087,Kinase Inhibitor Selectivity Profiling Assay,Other,,
1433,50100096,9874913,Active,NP_001005862,,,0.043,Kinase Inhibitor Selectivity Profiling Assay,Other,,
1433,50100097,3062316,Active,NP_001005862,,,1.4,Kinase Inhibitor Selectivity Profiling Assay,Other,,
1433,50100098,6445562,Active,NP_001005862,,,0.5,Kinase Inhibitor Selectivity Profiling Assay,Other,,
1433,50100103,123631,Inactive,NP_001005862,,,3.5,Kinase Inhibitor Selectivity Profiling Assay,Other,,
1433,50100107,208908,Active,NP_001005862,,,0.007,Kinase Inhibitor Selectivity Profiling Assay,Other,,
1433,50100123,3081361,Active,NP_001005862,,,2.6,Kinase Inhibitor Selectivity Profiling Assay,Other,,
1622,56478506,,Inactive,,,,,RNAi Global Initiative pilot viability screen of human kinase and cell cycle genes,Screening,,1
1904,85105457,,Unspecified,,,,,siRNA Circadian Assay,Other,,1
1904,85112680,,Unspecified,,,,,siRNA Circadian Assay,Other,,1
1982,48409448,2858522,Inactive,NP_001005862,,,,Kinase inhibition selectivity assay for compound SID-48409448,Other,,
493040,103904189,49830272,Inactive,,,,,Navigating the Kinome,Other,21336281,
493040,103904191,49830274,Inactive,,,,,Navigating the Kinome,Other,21336281,
493040,103904192,49830275,Inactive,,,,,Navigating the Kinome,Other,21336281,
493040,103904193,49830272,Inactive,,,,,Navigating the Kinome,Other,21336281,
493040,103904194,49830276,Inactive,,,,,Navigating the Kinome,Other,21336281,
493040,103904195,49830277,Inactive,,,,,Navigating the Kinome,Other,21336281,
493040,103904196,49830278,Inactive,,,,,Navigating the Kinome,Other,21336281,
493040,103904197,49830279,Inactive,,,,,Navigating the Kinome,Other,21336281,
493040,103904201,11565683,Inactive,,,,,Navigating the Kinome,Other,21336281,
493040,103904202,49830281,Inactive,,,,,Navigating the Kinome,Other,21336281,
493040,103904203,44415997,Inactive,,,,,Navigating the Kinome,Other,21336281,
493040,103904204,49830282,Inactive,,,,,Navigating the Kinome,Other,21336281,
493040,103904205,44415977,Inactive,,,,,Navigating the Kinome,Other,21336281,
493040,103904206,49830283,Inactive,,,,,Navigating the Kinome,Other,21336281,
493040,103904209,49830286,Inactive,,,,,Navigating the Kinome,Other,21336281,
493040,103904210,49830287,Inactive,,,,,Navigating the Kinome,Other,21336281,
493040,103904211,49830288,Inactive,,,,,Navigating the Kinome,Other,21336281,
493040,103904212,49830289,Inactive,,,,,Navigating the Kinome,Other,21336281,
493040,103904214,49830291,Inactive,,,,,Navigating the Kinome,Other,21336281,
493040,103904215,49830292,Inactive,,,,,Navigating the Kinome,Other,21336281,
493040,103904216,49830293,Active,,,,,Navigating the Kinome,Other,21336281,
493040,103904272,46207586,Active,,,,,Navigating the Kinome,Other,21336281,
493040,103904275,10043997,Inactive,,,,,Navigating the Kinome,Other,21336281,
493040,103904276,6539985,Inactive,,,,,Navigating the Kinome,Other,21336281,
493040,103904277,9868229,Inactive,,,,,Navigating the Kinome,Other,21336281,
493040,103904278,21907506,Inactive,,,,,Navigating the Kinome,Other,21336281,
493040,103904279,11156716,Inactive,,,,,Navigating the Kinome,Other,21336281,
493040,103904280,18451176,Inactive,,,,,Navigating the Kinome,Other,21336281,
493040,103904281,18451223,Inactive,,,,,Navigating the Kinome,Other,21336281,
493040,103904283,49830348,Inactive,,,,,Navigating the Kinome,Other,21336281,
493040,103904284,49830349,Inactive,,,,,Navigating the Kinome,Other,21336281,
493040,103904285,18451199,Inactive,,,,,Navigating the Kinome,Other,21336281,
493040,103904286,18451197,Inactive,,,,,Navigating the Kinome,Other,21336281,
493040,103904287,49830350,Inactive,,,,,Navigating the Kinome,Other,21336281,
493040,103904288,24894620,Inactive,,,,,Navigating the Kinome,Other,21336281,
493040,103904289,24894081,Inactive,,,,,Navigating the Kinome,Other,21336281,
493040,103904290,49830351,Inactive,,,,,Navigating the Kinome,Other,21336281,
493040,103904292,49830352,Inactive,,,,,Navigating the Kinome,Other,21336281,
493040,103904293,49830353,Inactive,,,,,Navigating the Kinome,Other,21336281,
493040,103904294,6540003,Inactive,,,,,Navigating the Kinome,Other,21336281,
493040,103904295,18451374,Inactive,,,,,Navigating the Kinome,Other,21336281,
493040,103904296,49830354,Inactive,,,,,Navigating the Kinome,Other,21336281,
493040,103904297,11442914,Inactive,,,,,Navigating the Kinome,Other,21336281,
493040,103904300,18451149,Inactive,,,,,Navigating the Kinome,Other,21336281,
493040,103904302,18451135,Inactive,,,,,Navigating the Kinome,Other,21336281,
493040,103904303,18451141,Inactive,,,,,Navigating the Kinome,Other,21336281,
493040,103904304,18450918,Inactive,,,,,Navigating the Kinome,Other,21336281,
493040,103904307,18451208,Inactive,,,,,Navigating the Kinome,Other,21336281,
493040,103904308,18451073,Inactive,,,,,Navigating the Kinome,Other,21336281,
493040,103904309,49830356,Active,,,,,Navigating the Kinome,Other,21336281,
493040,103904310,49830357,Active,,,,,Navigating the Kinome,Other,21336281,
493040,103904313,49830358,Inactive,,,,,Navigating the Kinome,Other,21336281,
493040,103904314,49830359,Active,,,,,Navigating the Kinome,Other,21336281,
493040,103904316,49830361,Inactive,,,,,Navigating the Kinome,Other,21336281,
493040,103904319,11306240,Inactive,,,,,Navigating the Kinome,Other,21336281,
493040,103904320,49830364,Inactive,,,,,Navigating the Kinome,Other,21336281,
493040,103904321,18450667,Inactive,,,,,Navigating the Kinome,Other,21336281,
493040,103904327,18451363,Inactive,,,,,Navigating the Kinome,Other,21336281,
493040,103904328,16125042,Active,,,,,Navigating the Kinome,Other,21336281,
493040,103904329,9950716,Inactive,,,,,Navigating the Kinome,Other,21336281,
493040,103904330,49830368,Inactive,,,,,Navigating the Kinome,Other,21336281,
493040,103904331,49830369,Inactive,,,,,Navigating the Kinome,Other,21336281,
493040,103904332,11189864,Inactive,,,,,Navigating the Kinome,Other,21336281,
493040,103904333,11314310,Inactive,,,,,Navigating the Kinome,Other,21336281,
493040,103904334,49830370,Inactive,,,,,Navigating the Kinome,Other,21336281,
493040,103904335,11856204,Inactive,,,,,Navigating the Kinome,Other,21336281,
493040,103904337,5329880,Inactive,,,,,Navigating the Kinome,Other,21336281,
493040,103904338,11710853,Inactive,,,,,Navigating the Kinome,Other,21336281,
493040,103904339,11588815,Inactive,,,,,Navigating the Kinome,Other,21336281,
493040,103904340,11485656,Inactive,,,,,Navigating the Kinome,Other,21336281,
493040,103904342,11710853,Inactive,,,,,Navigating the Kinome,Other,21336281,
493040,103904346,16043242,Inactive,,,,,Navigating the Kinome,Other,21336281,
493040,103904347,18451372,Inactive,,,,,Navigating the Kinome,Other,21336281,
493040,103904348,6540027,Inactive,,,,,Navigating the Kinome,Other,21336281,
493040,103904349,49830375,Inactive,,,,,Navigating the Kinome,Other,21336281,
493040,103904350,49830376,Inactive,,,,,Navigating the Kinome,Other,21336281,
493040,103904351,11463885,Inactive,,,,,Navigating the Kinome,Other,21336281,
493040,103904352,49830377,Inactive,,,,,Navigating the Kinome,Other,21336281,
493040,103904353,49830378,Inactive,,,,,Navigating the Kinome,Other,21336281,
493040,103904355,16122934,Inactive,,,,,Navigating the Kinome,Other,21336281,
493040,103904356,49830379,Inactive,,,,,Navigating the Kinome,Other,21336281,
493040,103904357,10409523,Inactive,,,,,Navigating the Kinome,Other,21336281,
493040,103904358,49830380,Inactive,,,,,Navigating the Kinome,Other,21336281,
493040,103904359,18450541,Inactive,,,,,Navigating the Kinome,Other,21336281,
493040,103904360,5329902,Inactive,,,,,Navigating the Kinome,Other,21336281,
493040,103904361,49830381,Inactive,,,,,Navigating the Kinome,Other,21336281,
493040,103904362,18451366,Inactive,,,,,Navigating the Kinome,Other,21336281,
493040,103904363,49830382,Inactive,,,,,Navigating the Kinome,Other,21336281,
493040,103904364,49830383,Inactive,,,,,Navigating the Kinome,Other,21336281,
493040,103904365,10067064,Inactive,,,,,Navigating the Kinome,Other,21336281,
493040,103904366,11676233,Inactive,,,,,Navigating the Kinome,Other,21336281,
493040,103904367,11292807,Inactive,,,,,Navigating the Kinome,Other,21336281,
493040,103904368,10338500,Inactive,,,,,Navigating the Kinome,Other,21336281,
493040,103904369,44560751,Inactive,,,,,Navigating the Kinome,Other,21336281,
493040,103904370,11244819,Inactive,,,,,Navigating the Kinome,Other,21336281,
493040,103904371,49830384,Inactive,,,,,Navigating the Kinome,Other,21336281,
493040,103904377,5329895,Inactive,,,,,Navigating the Kinome,Other,21336281,
493040,103904379,49830386,Inactive,,,,,Navigating the Kinome,Other,21336281,
493040,103904381,11338239,Inactive,,,,,Navigating the Kinome,Other,21336281,
493040,103904383,49830387,Inactive,,,,,Navigating the Kinome,Other,21336281,
493040,103904384,49830388,Inactive,,,,,Navigating the Kinome,Other,21336281,
493040,103904402,49830398,Active,,,,,Navigating the Kinome,Other,21336281,
493040,103904403,6420138,Inactive,,,,,Navigating the Kinome,Other,21336281,
493040,103904411,49830404,Active,,,,,Navigating the Kinome,Other,21336281,
493040,103904417,46886319,Active,,,,,Navigating the Kinome,Other,21336281,
493040,103904418,49830406,Active,,,,,Navigating the Kinome,Other,21336281,
493040,103904419,49830407,Active,,,,,Navigating the Kinome,Other,21336281,
493040,103904420,46886323,Active,,,,,Navigating the Kinome,Other,21336281,
493040,103904422,49830408,Inactive,,,,,Navigating the Kinome,Other,21336281,
493040,103904443,49830423,Inactive,,,,,Navigating the Kinome,Other,21336281,
493040,103904444,216239,Inactive,,,,,Navigating the Kinome,Other,21336281,
493040,103904448,2797247,Inactive,,,,,Navigating the Kinome,Other,21336281,
493040,103904449,2797246,Active,,,,,Navigating the Kinome,Other,21336281,
493040,103904450,14983992,Inactive,,,,,Navigating the Kinome,Other,21336281,
493040,103904451,44520205,Inactive,,,,,Navigating the Kinome,Other,21336281,
493040,103904463,49830431,Inactive,,,,,Navigating the Kinome,Other,21336281,
493040,103904464,49830432,Inactive,,,,,Navigating the Kinome,Other,21336281,
493040,103904465,49830433,Inactive,,,,,Navigating the Kinome,Other,21336281,
493040,103904466,49830434,Inactive,,,,,Navigating the Kinome,Other,21336281,
493040,103904468,20744853,Inactive,,,,,Navigating the Kinome,Other,21336281,
493040,103904469,49830436,Inactive,,,,,Navigating the Kinome,Other,21336281,
493040,103904470,22607336,Inactive,,,,,Navigating the Kinome,Other,21336281,
493040,103904471,25164469,Inactive,,,,,Navigating the Kinome,Other,21336281,
493040,103904472,49830437,Inactive,,,,,Navigating the Kinome,Other,21336281,
493040,103904473,49830438,Inactive,,,,,Navigating the Kinome,Other,21336281,
493040,103904474,22607531,Inactive,,,,,Navigating the Kinome,Other,21336281,
493040,103904475,49830439,Inactive,,,,,Navigating the Kinome,Other,21336281,
493040,103904476,49830440,Inactive,,,,,Navigating the Kinome,Other,21336281,
493040,103904477,22607499,Inactive,,,,,Navigating the Kinome,Other,21336281,
493040,103904478,22607266,Inactive,,,,,Navigating the Kinome,Other,21336281,
493040,103904479,20744829,Inactive,,,,,Navigating the Kinome,Other,21336281,
493040,103904480,49830441,Inactive,,,,,Navigating the Kinome,Other,21336281,
493040,103904482,25165277,Inactive,,,,,Navigating the Kinome,Other,21336281,
493040,103904483,49830442,Inactive,,,,,Navigating the Kinome,Other,21336281,
493040,103904484,20744821,Inactive,,,,,Navigating the Kinome,Other,21336281,
493040,103904487,49830444,Inactive,,,,,Navigating the Kinome,Other,21336281,
493040,103904489,49830445,Inactive,,,,,Navigating the Kinome,Other,21336281,
493040,103904501,49830454,Inactive,,,,,Navigating the Kinome,Other,21336281,
493040,103904502,49830455,Inactive,,,,,Navigating the Kinome,Other,21336281,
493040,103904504,49830456,Inactive,,,,,Navigating the Kinome,Other,21336281,
493040,103904508,25165861,Inactive,,,,,Navigating the Kinome,Other,21336281,
493040,103904509,25167072,Inactive,,,,,Navigating the Kinome,Other,21336281,
493040,103904510,25167074,Inactive,,,,,Navigating the Kinome,Other,21336281,
493040,103904511,25164676,Inactive,,,,,Navigating the Kinome,Other,21336281,
493040,103904512,25164882,Inactive,,,,,Navigating the Kinome,Other,21336281,
493040,103904514,49830460,Inactive,,,,,Navigating the Kinome,Other,21336281,
493040,103904515,49830461,Inactive,,,,,Navigating the Kinome,Other,21336281,
493040,103904516,49830462,Inactive,,,,,Navigating the Kinome,Other,21336281,
493040,103904517,25164884,Inactive,,,,,Navigating the Kinome,Other,21336281,
493040,103904518,49830463,Inactive,,,,,Navigating the Kinome,Other,21336281,
493040,103904519,25164472,Inactive,,,,,Navigating the Kinome,Other,21336281,
493040,103904520,25167075,Inactive,,,,,Navigating the Kinome,Other,21336281,
493040,103904524,49830467,Inactive,,,,,Navigating the Kinome,Other,21336281,
493040,103904525,25164675,Inactive,,,,,Navigating the Kinome,Other,21336281,
493040,103904526,25165085,Inactive,,,,,Navigating the Kinome,Other,21336281,
493040,103904527,16661285,Inactive,,,,,Navigating the Kinome,Other,21336281,
493040,103904528,25167280,Inactive,,,,,Navigating the Kinome,Other,21336281,
493040,103904529,49830468,Inactive,,,,,Navigating the Kinome,Other,21336281,
493040,103904530,25166655,Inactive,,,,,Navigating the Kinome,Other,21336281,
493040,103904543,25164677,Inactive,,,,,Navigating the Kinome,Other,21336281,
493040,103904545,25167078,Inactive,,,,,Navigating the Kinome,Other,21336281,
493040,103904546,25166868,Inactive,,,,,Navigating the Kinome,Other,21336281,
493040,103904547,25164470,Inactive,,,,,Navigating the Kinome,Other,21336281,
493040,103904550,25165481,Active,,,,,Navigating the Kinome,Other,21336281,
493040,103904552,49830479,Inactive,,,,,Navigating the Kinome,Other,21336281,
493040,103904555,49830481,Inactive,,,,,Navigating the Kinome,Other,21336281,
493040,103904556,49830482,Inactive,,,,,Navigating the Kinome,Other,21336281,
493040,103904557,49830483,Inactive,,,,,Navigating the Kinome,Other,21336281,
493040,103904558,49830484,Inactive,,,,,Navigating the Kinome,Other,21336281,
493040,103904559,49830485,Inactive,,,,,Navigating the Kinome,Other,21336281,
493040,103904560,49830486,Inactive,,,,,Navigating the Kinome,Other,21336281,
493040,103904561,49830487,Inactive,,,,,Navigating the Kinome,Other,21336281,
493040,103904564,44237411,Inactive,,,,,Navigating the Kinome,Other,21336281,
493040,103904565,49830489,Inactive,,,,,Navigating the Kinome,Other,21336281,
493040,103904566,49830490,Inactive,,,,,Navigating the Kinome,Other,21336281,
493040,103904567,49830491,Inactive,,,,,Navigating the Kinome,Other,21336281,
493040,103904574,49830497,Inactive,,,,,Navigating the Kinome,Other,21336281,
493040,103904580,49830502,Inactive,,,,,Navigating the Kinome,Other,21336281,
493040,103904581,49830503,Inactive,,,,,Navigating the Kinome,Other,21336281,
493040,103904591,49830508,Active,,,,,Navigating the Kinome,Other,21336281,
493040,103904592,15605335,Active,,,,,Navigating the Kinome,Other,21336281,
493040,103904593,23647265,Active,,,,,Navigating the Kinome,Other,21336281,
493040,103904594,23647251,Active,,,,,Navigating the Kinome,Other,21336281,
493040,103904595,9891182,Inactive,,,,,Navigating the Kinome,Other,21336281,
493040,103904596,49830509,Active,,,,,Navigating the Kinome,Other,21336281,
493040,103904597,11712649,Inactive,,,,,Navigating the Kinome,Other,21336281,
493040,103904598,16038120,Active,,,,,Navigating the Kinome,Other,21336281,
493040,103904600,11213558,Active,,,,,Navigating the Kinome,Other,21336281,
493040,103904601,9934347,Active,,,,,Navigating the Kinome,Other,21336281,
493040,103904602,49830511,Active,,,,,Navigating the Kinome,Other,21336281,
493040,103904603,49830512,Active,,,,,Navigating the Kinome,Other,21336281,
493040,103904604,23647264,Inactive,,,,,Navigating the Kinome,Other,21336281,
493040,103904610,667926,Inactive,,,,,Navigating the Kinome,Other,21336281,
493040,103904634,448014,Inactive,,,,,Navigating the Kinome,Other,21336281,
493040,103904638,11577250,Inactive,,,,,Navigating the Kinome,Other,21336281,
493040,103904641,49830534,Inactive,,,,,Navigating the Kinome,Other,21336281,
493040,103904643,24765714,Inactive,,,,,Navigating the Kinome,Other,21336281,
493040,103904646,712193,Inactive,,,,,Navigating the Kinome,Other,21336281,
493040,103904649,11210054,Inactive,,,,,Navigating the Kinome,Other,21336281,
493040,103904652,5209964,Active,,,,,Navigating the Kinome,Other,21336281,
493040,103904655,49830543,Inactive,,,,,Navigating the Kinome,Other,21336281,
493040,103904656,44586040,Inactive,,,,,Navigating the Kinome,Other,21336281,
493040,103904657,23570850,Inactive,,,,,Navigating the Kinome,Other,21336281,
493040,103904658,49830544,Inactive,,,,,Navigating the Kinome,Other,21336281,
493040,103904659,49830545,Inactive,,,,,Navigating the Kinome,Other,21336281,
493040,103904662,49830547,Inactive,,,,,Navigating the Kinome,Other,21336281,
493040,103904664,17163635,Inactive,,,,,Navigating the Kinome,Other,21336281,
493040,103904666,24768216,Inactive,,,,,Navigating the Kinome,Other,21336281,
493040,103904673,49830552,Active,,,,,Navigating the Kinome,Other,21336281,
493040,103904677,49830554,Inactive,,,,,Navigating the Kinome,Other,21336281,
493040,103904683,49830556,Inactive,,,,,Navigating the Kinome,Other,21336281,
493040,103904684,135398510,Inactive,,,,,Navigating the Kinome,Other,21336281,
493040,103904687,23433004,Inactive,,,,,Navigating the Kinome,Other,21336281,
493040,103904688,9905711,Inactive,,,,,Navigating the Kinome,Other,21336281,
493040,103904702,49830565,Inactive,,,,,Navigating the Kinome,Other,21336281,
493040,103904703,135533388,Inactive,,,,,Navigating the Kinome,Other,21336281,
493040,103904705,49830566,Inactive,,,,,Navigating the Kinome,Other,21336281,
493040,103904709,201327,Inactive,,,,,Navigating the Kinome,Other,21336281,
493040,103904711,49830569,Active,,,,,Navigating the Kinome,Other,21336281,
493040,103904712,9981692,Inactive,,,,,Navigating the Kinome,Other,21336281,
493040,103904713,10317442,Inactive,,,,,Navigating the Kinome,Other,21336281,
493040,103904721,49830576,Inactive,,,,,Navigating the Kinome,Other,21336281,
493040,103904723,49830577,Inactive,,,,,Navigating the Kinome,Other,21336281,
493040,103904725,49830579,Inactive,,,,,Navigating the Kinome,Other,21336281,
493040,103904727,19934548,Inactive,,,,,Navigating the Kinome,Other,21336281,
493040,103904729,49830582,Inactive,,,,,Navigating the Kinome,Other,21336281,
493040,103904736,49830587,Inactive,,,,,Navigating the Kinome,Other,21336281,
493040,103904737,49830588,Inactive,,,,,Navigating the Kinome,Other,21336281,
493040,103904738,49830589,Inactive,,,,,Navigating the Kinome,Other,21336281,
493040,103904739,49830590,Inactive,,,,,Navigating the Kinome,Other,21336281,
493040,103904741,49830591,Inactive,,,,,Navigating the Kinome,Other,21336281,
493040,103904742,15941246,Inactive,,,,,Navigating the Kinome,Other,21336281,
493040,103904743,136027061,Inactive,,,,,Navigating the Kinome,Other,21336281,
493040,103904744,49830593,Inactive,,,,,Navigating the Kinome,Other,21336281,
493040,103904745,49830594,Inactive,,,,,Navigating the Kinome,Other,21336281,
493040,103904746,49830595,Inactive,,,,,Navigating the Kinome,Other,21336281,
493040,103904749,49830597,Inactive,,,,,Navigating the Kinome,Other,21336281,
493040,103904750,49830598,Inactive,,,,,Navigating the Kinome,Other,21336281,
493040,103904751,49830599,Inactive,,,,,Navigating the Kinome,Other,21336281,
493040,103904752,22607792,Inactive,,,,,Navigating the Kinome,Other,21336281,
493040,103904753,49830600,Inactive,,,,,Navigating the Kinome,Other,21336281,
493040,103904754,49830601,Active,,,,,Navigating the Kinome,Other,21336281,
493040,103904759,49830606,Inactive,,,,,Navigating the Kinome,Other,21336281,
493040,103904760,16050449,Inactive,,,,,Navigating the Kinome,Other,21336281,
493040,103904761,16050452,Inactive,,,,,Navigating the Kinome,Other,21336281,
493040,103904762,16050453,Inactive,,,,,Navigating the Kinome,Other,21336281,
493040,103904773,25016360,Inactive,,,,,Navigating the Kinome,Other,21336281,
493040,103904775,49830616,Inactive,,,,,Navigating the Kinome,Other,21336281,
493040,103904776,49830617,Inactive,,,,,Navigating the Kinome,Other,21336281,
493040,103904777,49830618,Inactive,,,,,Navigating the Kinome,Other,21336281,
493040,103904778,15981404,Inactive,,,,,Navigating the Kinome,Other,21336281,
493040,103904779,16050450,Inactive,,,,,Navigating the Kinome,Other,21336281,
493040,103904783,1400,Active,,,,,Navigating the Kinome,Other,21336281,
493040,103904784,49830620,Inactive,,,,,Navigating the Kinome,Other,21336281,
493040,103904785,49830621,Inactive,,,,,Navigating the Kinome,Other,21336281,
493040,103904786,49830622,Inactive,,,,,Navigating the Kinome,Other,21336281,
493040,103904787,49830623,Active,,,,,Navigating the Kinome,Other,21336281,
493040,103904788,49830623,Active,,,,,Navigating the Kinome,Other,21336281,
493040,103904789,49830624,Inactive,,,,,Navigating the Kinome,Other,21336281,
493040,103904794,11846126,Inactive,,,,,Navigating the Kinome,Other,21336281,
493040,103904796,49830628,Active,,,,,Navigating the Kinome,Other,21336281,
493040,103904797,135451585,Inactive,,,,,Navigating the Kinome,Other,21336281,
493040,103904798,136027062,Inactive,,,,,Navigating the Kinome,Other,21336281,
493040,103904806,22665513,Inactive,,,,,Navigating the Kinome,Other,21336281,
493040,103904809,4982682,Inactive,,,,,Navigating the Kinome,Other,21336281,
493040,103904810,49830635,Inactive,,,,,Navigating the Kinome,Other,21336281,
493040,103904811,49830636,Inactive,,,,,Navigating the Kinome,Other,21336281,
493040,103904812,16220223,Inactive,,,,,Navigating the Kinome,Other,21336281,
493040,103904813,24180596,Inactive,,,,,Navigating the Kinome,Other,21336281,
493040,103904815,49830638,Inactive,,,,,Navigating the Kinome,Other,21336281,
493040,103904816,49830639,Inactive,,,,,Navigating the Kinome,Other,21336281,
493040,103904817,44442347,Inactive,,,,,Navigating the Kinome,Other,21336281,
493040,103904819,49830641,Active,,,,,Navigating the Kinome,Other,21336281,
493040,103904828,156422,Inactive,,,,,Navigating the Kinome,Other,21336281,
493040,103904855,49830670,Inactive,,,,,Navigating the Kinome,Other,21336281,
493040,103904856,49830671,Inactive,,,,,Navigating the Kinome,Other,21336281,
493040,103904857,11407183,Inactive,,,,,Navigating the Kinome,Other,21336281,
493040,103904859,49830673,Inactive,,,,,Navigating the Kinome,Other,21336281,
493040,103904872,49830684,Inactive,,,,,Navigating the Kinome,Other,21336281,
493040,103904873,49830685,Inactive,,,,,Navigating the Kinome,Other,21336281,
493040,103904882,49830693,Inactive,,,,,Navigating the Kinome,Other,21336281,
493040,103904884,24858859,Inactive,,,,,Navigating the Kinome,Other,21336281,
493040,103904885,23646813,Inactive,,,,,Navigating the Kinome,Other,21336281,
493040,103904886,45269554,Inactive,,,,,Navigating the Kinome,Other,21336281,
493040,103904887,24859296,Inactive,,,,,Navigating the Kinome,Other,21336281,
493040,103904888,24859013,Inactive,,,,,Navigating the Kinome,Other,21336281,
493040,103904889,24772168,Inactive,,,,,Navigating the Kinome,Other,21336281,
493040,103904890,24858860,Inactive,,,,,Navigating the Kinome,Other,21336281,
493040,103904891,49830695,Inactive,,,,,Navigating the Kinome,Other,21336281,
493040,103904892,49830696,Inactive,,,,,Navigating the Kinome,Other,21336281,
493040,103904895,24859161,Inactive,,,,,Navigating the Kinome,Other,21336281,
493040,103904896,49830698,Inactive,,,,,Navigating the Kinome,Other,21336281,
493040,103904897,49830699,Inactive,,,,,Navigating the Kinome,Other,21336281,
493040,103904898,49830700,Inactive,,,,,Navigating the Kinome,Other,21336281,
493040,103904899,49830701,Inactive,,,,,Navigating the Kinome,Other,21336281,
493040,103904900,49830702,Inactive,,,,,Navigating the Kinome,Other,21336281,
493040,103904901,49830703,Inactive,,,,,Navigating the Kinome,Other,21336281,
493040,103904904,136027064,Inactive,,,,,Navigating the Kinome,Other,21336281,
493040,103904906,136027064,Inactive,,,,,Navigating the Kinome,Other,21336281,
493040,103904908,49830708,Inactive,,,,,Navigating the Kinome,Other,21336281,
493040,103904912,49830711,Active,,,,,Navigating the Kinome,Other,21336281,
493040,103904913,45273796,Active,,,,,Navigating the Kinome,Other,21336281,
493040,103904926,2858224,Inactive,,,,,Navigating the Kinome,Other,21336281,
493040,103904937,49830729,Inactive,,,,,Navigating the Kinome,Other,21336281,
493040,103904938,49830730,Inactive,,,,,Navigating the Kinome,Other,21336281,
493040,103904939,9881974,Inactive,,,,,Navigating the Kinome,Other,21336281,
493040,103904940,49830731,Inactive,,,,,Navigating the Kinome,Other,21336281,
493040,103904946,49830736,Active,,,,,Navigating the Kinome,Other,21336281,
493040,103904950,49830739,Inactive,,,,,Navigating the Kinome,Other,21336281,
493040,103904952,25206387,Inactive,,,,,Navigating the Kinome,Other,21336281,
493040,103904953,3536,Inactive,,,,,Navigating the Kinome,Other,21336281,
493040,103904954,5711,Inactive,,,,,Navigating the Kinome,Other,21336281,
493040,103904955,25205762,Inactive,,,,,Navigating the Kinome,Other,21336281,
493040,103904960,46224697,Inactive,,,,,Navigating the Kinome,Other,21336281,
493040,103904961,46224684,Inactive,,,,,Navigating the Kinome,Other,21336281,
493040,103904962,49830742,Active,,,,,Navigating the Kinome,Other,21336281,
493040,103904963,623415,Inactive,,,,,Navigating the Kinome,Other,21336281,
493040,103904965,11992146,Inactive,,,,,Navigating the Kinome,Other,21336281,
493040,103904967,49830744,Inactive,,,,,Navigating the Kinome,Other,21336281,
493040,103904968,49830745,Inactive,,,,,Navigating the Kinome,Other,21336281,
493040,103904969,49830746,Inactive,,,,,Navigating the Kinome,Other,21336281,
493040,103904978,136027068,Inactive,,,,,Navigating the Kinome,Other,21336281,
493040,103904979,135515045,Inactive,,,,,Navigating the Kinome,Other,21336281,
493040,103904980,136027069,Inactive,,,,,Navigating the Kinome,Other,21336281,
493040,103904984,24809803,Inactive,,,,,Navigating the Kinome,Other,21336281,
493040,103904985,24809803,Inactive,,,,,Navigating the Kinome,Other,21336281,
493040,103904987,18516237,Inactive,,,,,Navigating the Kinome,Other,21336281,
493040,103904988,24809834,Inactive,,,,,Navigating the Kinome,Other,21336281,
493040,103904989,176155,Inactive,,,,,Navigating the Kinome,Other,21336281,
493040,103904991,6539952,Active,,,,,Navigating the Kinome,Other,21336281,
493040,103904993,49830757,Inactive,,,,,Navigating the Kinome,Other,21336281,
493040,103904994,9956874,Inactive,,,,,Navigating the Kinome,Other,21336281,
493040,103904995,10073297,Inactive,,,,,Navigating the Kinome,Other,21336281,
493040,103904996,9825149,Inactive,,,,,Navigating the Kinome,Other,21336281,
493040,103904997,49830758,Inactive,,,,,Navigating the Kinome,Other,21336281,
493040,103904998,49830759,Inactive,,,,,Navigating the Kinome,Other,21336281,
493040,103904999,49830760,Inactive,,,,,Navigating the Kinome,Other,21336281,
493040,103905001,49830762,Inactive,,,,,Navigating the Kinome,Other,21336281,
493040,103905002,16007116,Inactive,,,,,Navigating the Kinome,Other,21336281,
493040,103905007,11950170,Inactive,,,,,Navigating the Kinome,Other,21336281,
493040,103905024,9952773,Inactive,,,,,Navigating the Kinome,Other,21336281,
493040,103905032,49830785,Inactive,,,,,Navigating the Kinome,Other,21336281,
493040,103905033,11164136,Inactive,,,,,Navigating the Kinome,Other,21336281,
493040,103905034,11268820,Inactive,,,,,Navigating the Kinome,Other,21336281,
493040,103905036,49830787,Inactive,,,,,Navigating the Kinome,Other,21336281,
493040,103905041,18516349,Inactive,,,,,Navigating the Kinome,Other,21336281,
493040,103905042,49830789,Inactive,,,,,Navigating the Kinome,Other,21336281,
493040,103905043,49830790,Inactive,,,,,Navigating the Kinome,Other,21336281,
493040,103905044,18516214,Inactive,,,,,Navigating the Kinome,Other,21336281,
493040,103905046,9906347,Inactive,,,,,Navigating the Kinome,Other,21336281,
493040,103905047,49830791,Inactive,,,,,Navigating the Kinome,Other,21336281,
493040,103905048,49830792,Inactive,,,,,Navigating the Kinome,Other,21336281,
493040,103905050,49830794,Inactive,,,,,Navigating the Kinome,Other,21336281,
493040,103905051,49830795,Inactive,,,,,Navigating the Kinome,Other,21336281,
493040,103905053,136027071,Inactive,,,,,Navigating the Kinome,Other,21336281,
493040,103905055,135543617,Inactive,,,,,Navigating the Kinome,Other,21336281,
493040,103905056,10296883,Active,,,,,Navigating the Kinome,Other,21336281,
493040,103905060,136027072,Inactive,,,,,Navigating the Kinome,Other,21336281,
493040,103905061,24952850,Active,,,,,Navigating the Kinome,Other,21336281,
493040,103905062,24952854,Active,,,,,Navigating the Kinome,Other,21336281,
493040,103905063,49830799,Active,,,,,Navigating the Kinome,Other,21336281,
493040,103905064,24952851,Active,,,,,Navigating the Kinome,Other,21336281,
493040,103905067,49830801,Active,,,,,Navigating the Kinome,Other,21336281,
493040,103905069,49830803,Inactive,,,,,Navigating the Kinome,Other,21336281,
493040,103905074,49830805,Inactive,,,,,Navigating the Kinome,Other,21336281,
493040,103905075,44593713,Inactive,,,,,Navigating the Kinome,Other,21336281,
493040,103905076,49830806,Inactive,,,,,Navigating the Kinome,Other,21336281,
493040,103905077,44588881,Inactive,,,,,Navigating the Kinome,Other,21336281,
493040,103905078,44588915,Inactive,,,,,Navigating the Kinome,Other,21336281,
493040,103905079,44412343,Inactive,,,,,Navigating the Kinome,Other,21336281,
493040,103905081,11987888,Inactive,,,,,Navigating the Kinome,Other,21336281,
493040,103905082,3541,Inactive,,,,,Navigating the Kinome,Other,21336281,
493040,103905084,15745966,Inactive,,,,,Navigating the Kinome,Other,21336281,
493040,103905091,49830813,Inactive,,,,,Navigating the Kinome,Other,21336281,
493040,103905092,49830814,Inactive,,,,,Navigating the Kinome,Other,21336281,
493040,103905094,49830816,Active,,,,,Navigating the Kinome,Other,21336281,
493040,103905095,49830817,Inactive,,,,,Navigating the Kinome,Other,21336281,
493040,103905096,49830818,Inactive,,,,,Navigating the Kinome,Other,21336281,
493040,103905097,49830819,Inactive,,,,,Navigating the Kinome,Other,21336281,
493040,103905100,3453573,Inactive,,,,,Navigating the Kinome,Other,21336281,
493040,103905102,2813676,Inactive,,,,,Navigating the Kinome,Other,21336281,
493040,103905103,3155438,Inactive,,,,,Navigating the Kinome,Other,21336281,
493040,103905106,10286133,Inactive,,,,,Navigating the Kinome,Other,21336281,
493040,103905112,123015,Inactive,,,,,Navigating the Kinome,Other,21336281,
493040,103905113,206042,Inactive,,,,,Navigating the Kinome,Other,21336281,
493040,103905114,49830823,Inactive,,,,,Navigating the Kinome,Other,21336281,
493040,103905117,24906268,Inactive,,,,,Navigating the Kinome,Other,21336281,
493040,103905119,49830824,Inactive,,,,,Navigating the Kinome,Other,21336281,
493040,103905120,49830825,Inactive,,,,,Navigating the Kinome,Other,21336281,
493040,103905121,49830826,Inactive,,,,,Navigating the Kinome,Other,21336281,
493040,103905123,324081,Active,,,,,Navigating the Kinome,Other,21336281,
493040,103905136,49830832,Inactive,,,,,Navigating the Kinome,Other,21336281,
493040,103905137,49830833,Inactive,,,,,Navigating the Kinome,Other,21336281,
493040,103905140,3133620,Active,,,,,Navigating the Kinome,Other,21336281,
493040,103905141,2044508,Inactive,,,,,Navigating the Kinome,Other,21336281,
493040,103905144,25205759,Inactive,,,,,Navigating the Kinome,Other,21336281,
493040,103905145,10391182,Inactive,,,,,Navigating the Kinome,Other,21336281,
493040,103905148,11293798,Inactive,,,,,Navigating the Kinome,Other,21336281,
493040,103905149,11430448,Inactive,,,,,Navigating the Kinome,Other,21336281,
493040,103905150,11362471,Inactive,,,,,Navigating the Kinome,Other,21336281,
493040,103905151,44444843,Inactive,,,,,Navigating the Kinome,Other,21336281,
493040,103905152,11397177,Inactive,,,,,Navigating the Kinome,Other,21336281,
493040,103905153,11784520,Inactive,,,,,Navigating the Kinome,Other,21336281,
493040,103905154,49830837,Inactive,,,,,Navigating the Kinome,Other,21336281,
493040,103905155,49830838,Inactive,,,,,Navigating the Kinome,Other,21336281,
493040,103905156,49830839,Inactive,,,,,Navigating the Kinome,Other,21336281,
493040,103905163,135564570,Inactive,,,,,Navigating the Kinome,Other,21336281,
493040,103905167,11715767,Inactive,,,,,Navigating the Kinome,Other,21336281,
493040,103905168,15745956,Inactive,,,,,Navigating the Kinome,Other,21336281,
493040,103905172,49830850,Active,,,,,Navigating the Kinome,Other,21336281,
493040,103905180,49830854,Inactive,,,,,Navigating the Kinome,Other,21336281,
493040,103905182,24755603,Inactive,,,,,Navigating the Kinome,Other,21336281,
493040,103905185,11846125,Inactive,,,,,Navigating the Kinome,Other,21336281,
493040,103905186,49830857,Inactive,,,,,Navigating the Kinome,Other,21336281,
493040,103905187,44611456,Inactive,,,,,Navigating the Kinome,Other,21336281,
493040,103905189,11624601,Inactive,,,,,Navigating the Kinome,Other,21336281,
493040,103905191,11846124,Inactive,,,,,Navigating the Kinome,Other,21336281,
493040,103905192,49830859,Inactive,,,,,Navigating the Kinome,Other,21336281,
493040,103905193,11539329,Inactive,,,,,Navigating the Kinome,Other,21336281,
493040,103905196,11640926,Inactive,,,,,Navigating the Kinome,Other,21336281,
493040,103905197,11590363,Inactive,,,,,Navigating the Kinome,Other,21336281,
493040,103905202,49830863,Inactive,,,,,Navigating the Kinome,Other,21336281,
493040,103905204,4306353,Inactive,,,,,Navigating the Kinome,Other,21336281,
493040,103905205,2831603,Inactive,,,,,Navigating the Kinome,Other,21336281,
493040,103905206,2868675,Inactive,,,,,Navigating the Kinome,Other,21336281,
493040,103905208,135444250,Inactive,,,,,Navigating the Kinome,Other,21336281,
493040,103905209,135435475,Inactive,,,,,Navigating the Kinome,Other,21336281,
493040,103905210,233113,Inactive,,,,,Navigating the Kinome,Other,21336281,
493040,103905212,49830865,Inactive,,,,,Navigating the Kinome,Other,21336281,
493040,103905215,21060786,Inactive,,,,,Navigating the Kinome,Other,21336281,
493040,103905219,15941392,Inactive,,,,,Navigating the Kinome,Other,21336281,
493040,103905231,10200390,Inactive,,,,,Navigating the Kinome,Other,21336281,
493040,103905233,10110877,Inactive,,,,,Navigating the Kinome,Other,21336281,
493040,103905237,49830874,Inactive,,,,,Navigating the Kinome,Other,21336281,
493040,103905238,16219401,Inactive,,,,,Navigating the Kinome,Other,21336281,
493040,103905247,11597571,Inactive,,,,,Navigating the Kinome,Other,21336281,
493040,103905248,11221493,Inactive,,,,,Navigating the Kinome,Other,21336281,
493040,103905250,49830876,Active,,,,,Navigating the Kinome,Other,21336281,
493040,103905251,49830877,Inactive,,,,,Navigating the Kinome,Other,21336281,
493040,103905252,49830878,Inactive,,,,,Navigating the Kinome,Other,21336281,
493040,103905253,5164,Inactive,,,,,Navigating the Kinome,Other,21336281,
493040,103905255,5166,Inactive,,,,,Navigating the Kinome,Other,21336281,
493040,103905256,9863367,Inactive,,,,,Navigating the Kinome,Other,21336281,
493040,103905259,49830880,Inactive,,,,,Navigating the Kinome,Other,21336281,
493040,103905260,10389239,Inactive,,,,,Navigating the Kinome,Other,21336281,
493040,103905263,49830881,Inactive,,,,,Navigating the Kinome,Other,21336281,
493040,103905265,49830883,Active,,,,,Navigating the Kinome,Other,21336281,
493040,103905266,49830884,Inactive,,,,,Navigating the Kinome,Other,21336281,
493040,103905267,49830885,Inactive,,,,,Navigating the Kinome,Other,21336281,
493040,103905277,5466794,Inactive,,,,,Navigating the Kinome,Other,21336281,
493040,103905283,404051,Inactive,,,,,Navigating the Kinome,Other,21336281,
493040,103905284,24203040,Inactive,,,,,Navigating the Kinome,Other,21336281,
493040,103905287,49830890,Inactive,,,,,Navigating the Kinome,Other,21336281,
493040,103905288,49830891,Inactive,,,,,Navigating the Kinome,Other,21336281,
493040,103905296,44186884,Inactive,,,,,Navigating the Kinome,Other,21336281,
493040,103905300,135465267,Inactive,,,,,Navigating the Kinome,Other,21336281,
493040,103905308,49830895,Inactive,,,,,Navigating the Kinome,Other,21336281,
493040,103905309,135566504,Inactive,,,,,Navigating the Kinome,Other,21336281,
493040,103905310,49830896,Inactive,,,,,Navigating the Kinome,Other,21336281,
493040,103905315,49830900,Inactive,,,,,Navigating the Kinome,Other,21336281,
493040,103905316,9549184,Active,,,,,Navigating the Kinome,Other,21336281,
493040,103905318,3449643,Inactive,,,,,Navigating the Kinome,Other,21336281,
493040,103905329,49830907,Inactive,,,,,Navigating the Kinome,Other,21336281,
493040,103905339,176870,Active,,,,,Navigating the Kinome,Other,21336281,
493040,103905340,9933475,Active,,,,,Navigating the Kinome,Other,21336281,
493040,103905342,3038522,Inactive,,,,,Navigating the Kinome,Other,21336281,
493040,103905343,123631,Active,,,,,Navigating the Kinome,Other,21336281,
493040,103905344,123631,Active,,,,,Navigating the Kinome,Other,21336281,
493040,103905345,16007391,Inactive,,,,,Navigating the Kinome,Other,21336281,
493040,103905352,613127,Active,,,,,Navigating the Kinome,Other,21336281,
493040,103905356,19959069,Inactive,,,,,Navigating the Kinome,Other,21336281,
493040,103905358,49830917,Inactive,,,,,Navigating the Kinome,Other,21336281,
493040,103905360,2727417,Inactive,,,,,Navigating the Kinome,Other,21336281,
493040,103905370,18516203,Inactive,,,,,Navigating the Kinome,Other,21336281,
493040,103905371,136027078,Inactive,,,,,Navigating the Kinome,Other,21336281,
493040,103905372,9946124,Inactive,,,,,Navigating the Kinome,Other,21336281,
493040,103905378,49830925,Inactive,,,,,Navigating the Kinome,Other,21336281,
493040,103905382,49830927,Inactive,,,,,Navigating the Kinome,Other,21336281,
493040,103905383,49830928,Inactive,,,,,Navigating the Kinome,Other,21336281,
493040,103905384,49830929,Inactive,,,,,Navigating the Kinome,Other,21336281,
493040,103905385,6539560,Inactive,,,,,Navigating the Kinome,Other,21336281,
493040,103905386,49830930,Inactive,,,,,Navigating the Kinome,Other,21336281,
493040,103905388,49830932,Inactive,,,,,Navigating the Kinome,Other,21336281,
493040,103905390,3547,Inactive,,,,,Navigating the Kinome,Other,21336281,
493040,103905391,23647201,Inactive,,,,,Navigating the Kinome,Other,21336281,
493040,103905398,49830938,Inactive,,,,,Navigating the Kinome,Other,21336281,
493040,103905407,49830944,Inactive,,,,,Navigating the Kinome,Other,21336281,
493040,103905409,2744272,Inactive,,,,,Navigating the Kinome,Other,21336281,
493040,103905413,49830947,Inactive,,,,,Navigating the Kinome,Other,21336281,
493040,103905414,11993789,Inactive,,,,,Navigating the Kinome,Other,21336281,
493040,103905419,9818231,Inactive,,,,,Navigating the Kinome,Other,21336281,
493040,103905420,22282869,Inactive,,,,,Navigating the Kinome,Other,21336281,
493040,103905424,49830951,Inactive,,,,,Navigating the Kinome,Other,21336281,
493040,103905425,695484,Inactive,,,,,Navigating the Kinome,Other,21336281,
493040,103905427,49830953,Inactive,,,,,Navigating the Kinome,Other,21336281,
493040,103905428,25263111,Inactive,,,,,Navigating the Kinome,Other,21336281,
493040,103905429,9826308,Active,,,,,Navigating the Kinome,Other,21336281,
493040,103905430,10409707,Inactive,,,,,Navigating the Kinome,Other,21336281,
493040,103905437,447873,Inactive,,,,,Navigating the Kinome,Other,21336281,
493040,103905441,6538897,Inactive,,,,,Navigating the Kinome,Other,21336281,
493040,103905442,49830958,Inactive,,,,,Navigating the Kinome,Other,21336281,
493040,103905443,49830959,Inactive,,,,,Navigating the Kinome,Other,21336281,
493040,103905444,49830960,Inactive,,,,,Navigating the Kinome,Other,21336281,
493040,103905447,3392643,Inactive,,,,,Navigating the Kinome,Other,21336281,
493040,103905449,49830963,Inactive,,,,,Navigating the Kinome,Other,21336281,
493040,103905453,49830966,Inactive,,,,,Navigating the Kinome,Other,21336281,
493040,103905455,16730109,Inactive,,,,,Navigating the Kinome,Other,21336281,
493040,103905463,11640390,Inactive,,,,,Navigating the Kinome,Other,21336281,
493040,103905464,11442386,Inactive,,,,,Navigating the Kinome,Other,21336281,
493040,103905471,44440493,Inactive,,,,,Navigating the Kinome,Other,21336281,
493040,103905472,16727123,Inactive,,,,,Navigating the Kinome,Other,21336281,
493040,103905481,1268887,Inactive,,,,,Navigating the Kinome,Other,21336281,
493040,103905482,136027083,Inactive,,,,,Navigating the Kinome,Other,21336281,
493040,103905485,22402079,Inactive,,,,,Navigating the Kinome,Other,21336281,
493040,103905487,3820,Inactive,,,,,Navigating the Kinome,Other,21336281,
493040,103905488,135398504,Inactive,,,,,Navigating the Kinome,Other,21336281,
493040,103905492,6263849,Inactive,,,,,Navigating the Kinome,Other,21336281,
493040,103905496,49830987,Inactive,,,,,Navigating the Kinome,Other,21336281,
493040,103905509,4121107,Inactive,,,,,Navigating the Kinome,Other,21336281,
493040,103905510,9814156,Inactive,,,,,Navigating the Kinome,Other,21336281,
493040,103905515,49830994,Inactive,,,,,Navigating the Kinome,Other,21336281,
493040,103905525,49830998,Inactive,,,,,Navigating the Kinome,Other,21336281,
493040,103905531,49831000,Active,,,,,Navigating the Kinome,Other,21336281,
493040,103905532,3501,Active,,,,,Navigating the Kinome,Other,21336281,
493040,103905536,49831002,Inactive,,,,,Navigating the Kinome,Other,21336281,
493040,103905539,3086685,Inactive,,,,,Navigating the Kinome,Other,21336281,
493040,103905540,49831004,Inactive,,,,,Navigating the Kinome,Other,21336281,
493040,103905543,3062316,Active,,,,,Navigating the Kinome,Other,21336281,
493040,103905546,25032704,Inactive,,,,,Navigating the Kinome,Other,21336281,
493040,103905547,25190453,Inactive,,,,,Navigating the Kinome,Other,21336281,
493040,103905548,151194,Inactive,,,,,Navigating the Kinome,Other,21336281,
493040,103905550,15314616,Inactive,,,,,Navigating the Kinome,Other,21336281,
493040,103905551,23829003,Inactive,,,,,Navigating the Kinome,Other,21336281,
493040,103905558,49831008,Inactive,,,,,Navigating the Kinome,Other,21336281,
493040,103905562,49831009,Active,,,,,Navigating the Kinome,Other,21336281,
493040,103905566,22557045,Active,,,,,Navigating the Kinome,Other,21336281,
493040,103905567,208908,Active,,,,,Navigating the Kinome,Other,21336281,
493040,103905568,208908,Active,,,,,Navigating the Kinome,Other,21336281,
493040,103905569,47001891,Inactive,,,,,Navigating the Kinome,Other,21336281,
493040,103905570,25002232,Inactive,,,,,Navigating the Kinome,Other,21336281,
493040,103905576,49831012,Inactive,,,,,Navigating the Kinome,Other,21336281,
493040,103905577,136027088,Inactive,,,,,Navigating the Kinome,Other,21336281,
493040,103905578,135566832,Inactive,,,,,Navigating the Kinome,Other,21336281,
493040,103905579,49831015,Inactive,,,,,Navigating the Kinome,Other,21336281,
493040,103905580,13452859,Inactive,,,,,Navigating the Kinome,Other,21336281,
493040,103905581,49831016,Inactive,,,,,Navigating the Kinome,Other,21336281,
493040,103905583,49831017,Inactive,,,,,Navigating the Kinome,Other,21336281,
493040,103905585,1568886,Inactive,,,,,Navigating the Kinome,Other,21336281,
493040,103905586,24995524,Inactive,,,,,Navigating the Kinome,Other,21336281,
493040,103905590,23882428,Inactive,,,,,Navigating the Kinome,Other,21336281,
493040,103905593,10364560,Inactive,,,,,Navigating the Kinome,Other,21336281,
493040,103905594,135497772,Inactive,,,,,Navigating the Kinome,Other,21336281,
493040,103905596,5291,Inactive,,,,,Navigating the Kinome,Other,21336281,
493040,103905597,23642173,Inactive,,,,,Navigating the Kinome,Other,21336281,
493040,103905598,24809769,Inactive,,,,,Navigating the Kinome,Other,21336281,
493040,103905603,49831024,Inactive,,,,,Navigating the Kinome,Other,21336281,
493040,103905605,49831025,Inactive,,,,,Navigating the Kinome,Other,21336281,
493040,103905607,135398512,Inactive,,,,,Navigating the Kinome,Other,21336281,
493040,103905608,21874004,Inactive,,,,,Navigating the Kinome,Other,21336281,
493040,103905614,9820195,Inactive,,,,,Navigating the Kinome,Other,21336281,
493040,103905618,2858816,Inactive,,,,,Navigating the Kinome,Other,21336281,
493040,103905619,49831031,Inactive,,,,,Navigating the Kinome,Other,21336281,
493040,103905621,5005498,Inactive,,,,,Navigating the Kinome,Other,21336281,
493040,103905622,9811611,Inactive,,,,,Navigating the Kinome,Other,21336281,
493040,103905625,11406590,Inactive,,,,,Navigating the Kinome,Other,21336281,
493040,103905628,3662552,Inactive,,,,,Navigating the Kinome,Other,21336281,
493040,103905630,3038525,Inactive,,,,,Navigating the Kinome,Other,21336281,
493040,103905632,24771867,Active,,,,,Navigating the Kinome,Other,21336281,
493040,103905636,15986273,Inactive,,,,,Navigating the Kinome,Other,21336281,
493040,103905640,9956119,Inactive,,,,,Navigating the Kinome,Other,21336281,
493040,103905641,49831037,Inactive,,,,,Navigating the Kinome,Other,21336281,
493040,103905648,5494449,Inactive,,,,,Navigating the Kinome,Other,21336281,
493040,103905649,11524200,Active,,,,,Navigating the Kinome,Other,21336281,
493040,103905650,22413670,Inactive,,,,,Navigating the Kinome,Other,21336281,
493040,103905651,49831039,Inactive,,,,,Navigating the Kinome,Other,21336281,
493040,103905653,49831041,Inactive,,,,,Navigating the Kinome,Other,21336281,
493040,103905662,794531,Inactive,,,,,Navigating the Kinome,Other,21336281,
493040,103905665,136027090,Inactive,,,,,Navigating the Kinome,Other,21336281,
493040,103905667,13084523,Inactive,,,,,Navigating the Kinome,Other,21336281,
493040,103905670,3086686,Inactive,,,,,Navigating the Kinome,Other,21336281,
493040,103905674,16095342,Inactive,,,,,Navigating the Kinome,Other,21336281,
493040,103905676,9885023,Inactive,,,,,Navigating the Kinome,Other,21336281,
493040,103905684,11713159,Inactive,,,,,Navigating the Kinome,Other,21336281,
588725,117686865,51003603,Inactive,NP_001005862,,,,Late stage counterscreen results from the probe development effort to identify inhibitors of kruppel-like factor 5 (KLF5): Radioactivity-based biochemical assay to identify modulators of a panel of 48 kinases,Other,,
588781,125333544,,Inactive,,,,,Protein Tyrosine Kinases siRNA Cell Polarization/Mechanosensitivity Screening Assay,Other,22081092,1
624099,56478506,,Inactive,,,,,An siRNA screen for human genes that are involved in human papilloma virus (HPV) E2 transcriptional repression of the E6 and E7 oncogenes,Other,20133580,1
651810,152153302,,Inactive,,,,,Genome-wide high-content siRNA screens for regulators of Parkin translocation in selective mitophagy (Dharmacon Library),Screening,24270810,1
651811,160773956,,Inactive,,,,,Genome-wide high-content siRNA screens for regulators of Parkin translocation in selective mitophagy (Ambion Library),Screening,24270810,1
651811,160774052,,Inactive,,,,,Genome-wide high-content siRNA screens for regulators of Parkin translocation in selective mitophagy (Ambion Library),Screening,24270810,1
651811,160774137,,Inactive,,,,,Genome-wide high-content siRNA screens for regulators of Parkin translocation in selective mitophagy (Ambion Library),Screening,24270810,1
686974,85267040,16190663,Inactive,AAO18082,,,,"Late stage assay provider results from the probe development effort to identify selective inhibitors of heat shock protein 90 (HSP90): Western blot analysis of Hsp90-dependent client proteins, Her2 and AKT",Other,,
686974,85267043,4988879,Inactive,AAO18082,,,,"Late stage assay provider results from the probe development effort to identify selective inhibitors of heat shock protein 90 (HSP90): Western blot analysis of Hsp90-dependent client proteins, Her2 and AKT",Other,,
686974,96079536,929904,Active,AAO18082,,,,"Late stage assay provider results from the probe development effort to identify selective inhibitors of heat shock protein 90 (HSP90): Western blot analysis of Hsp90-dependent client proteins, Her2 and AKT",Other,,
686974,96079537,949725,Active,AAO18082,,,,"Late stage assay provider results from the probe development effort to identify selective inhibitors of heat shock protein 90 (HSP90): Western blot analysis of Hsp90-dependent client proteins, Her2 and AKT",Other,,
686974,96079538,1565171,Active,AAO18082,,,,"Late stage assay provider results from the probe development effort to identify selective inhibitors of heat shock protein 90 (HSP90): Western blot analysis of Hsp90-dependent client proteins, Her2 and AKT",Other,,
686974,96079539,1417406,Active,AAO18082,,,,"Late stage assay provider results from the probe development effort to identify selective inhibitors of heat shock protein 90 (HSP90): Western blot analysis of Hsp90-dependent client proteins, Her2 and AKT",Other,,
686974,96079540,1417940,Inactive,AAO18082,,,,"Late stage assay provider results from the probe development effort to identify selective inhibitors of heat shock protein 90 (HSP90): Western blot analysis of Hsp90-dependent client proteins, Her2 and AKT",Other,,
686974,96079541,935372,Active,AAO18082,,,,"Late stage assay provider results from the probe development effort to identify selective inhibitors of heat shock protein 90 (HSP90): Western blot analysis of Hsp90-dependent client proteins, Her2 and AKT",Other,,
686974,96079542,1572025,Active,AAO18082,,,,"Late stage assay provider results from the probe development effort to identify selective inhibitors of heat shock protein 90 (HSP90): Western blot analysis of Hsp90-dependent client proteins, Her2 and AKT",Other,,
686974,115001717,1872661,Inactive,AAO18082,,,,"Late stage assay provider results from the probe development effort to identify selective inhibitors of heat shock protein 90 (HSP90): Western blot analysis of Hsp90-dependent client proteins, Her2 and AKT",Other,,
686974,115001718,3781338,Active,AAO18082,,,,"Late stage assay provider results from the probe development effort to identify selective inhibitors of heat shock protein 90 (HSP90): Western blot analysis of Hsp90-dependent client proteins, Her2 and AKT",Other,,
686974,115001719,3945091,Active,AAO18082,,,,"Late stage assay provider results from the probe development effort to identify selective inhibitors of heat shock protein 90 (HSP90): Western blot analysis of Hsp90-dependent client proteins, Her2 and AKT",Other,,
686974,115001720,921568,Active,AAO18082,,,,"Late stage assay provider results from the probe development effort to identify selective inhibitors of heat shock protein 90 (HSP90): Western blot analysis of Hsp90-dependent client proteins, Her2 and AKT",Other,,
686974,115001721,929897,Active,AAO18082,,,,"Late stage assay provider results from the probe development effort to identify selective inhibitors of heat shock protein 90 (HSP90): Western blot analysis of Hsp90-dependent client proteins, Her2 and AKT",Other,,
686974,115001722,930325,Active,AAO18082,,,,"Late stage assay provider results from the probe development effort to identify selective inhibitors of heat shock protein 90 (HSP90): Western blot analysis of Hsp90-dependent client proteins, Her2 and AKT",Other,,
686974,115001723,930700,Active,AAO18082,,,,"Late stage assay provider results from the probe development effort to identify selective inhibitors of heat shock protein 90 (HSP90): Western blot analysis of Hsp90-dependent client proteins, Her2 and AKT",Other,,
720703,152153302,,Active,,,,,AT1R-EGFR transactivation kinome screen - primary,Screening,24046455,1
720705,56475279,,Active,,,,,AT1R-EGFR transactivation kinome screen - secondary,Other,24046455,1
720705,56475280,,Active,,,,,AT1R-EGFR transactivation kinome screen - secondary,Other,24046455,1
720705,56475281,,Active,,,,,AT1R-EGFR transactivation kinome screen - secondary,Other,24046455,1
720705,56475282,,Active,,,,,AT1R-EGFR transactivation kinome screen - secondary,Other,24046455,1
743121,164363595,,Inactive,,,,,Druggable Genome siRNA Screen for Enhancers of Camptothecin in MDA-MB-231 Breast Cancer Cells,Screening,,1
743121,164363599,,Inactive,,,,,Druggable Genome siRNA Screen for Enhancers of Camptothecin in MDA-MB-231 Breast Cancer Cells,Screening,,1
743121,164363601,,Inactive,,,,,Druggable Genome siRNA Screen for Enhancers of Camptothecin in MDA-MB-231 Breast Cancer Cells,Screening,,1
743121,164363602,,Inactive,,,,,Druggable Genome siRNA Screen for Enhancers of Camptothecin in MDA-MB-231 Breast Cancer Cells,Screening,,1
743454,152153302,,Inactive,,,,,RNAi screen for vorinostat resistance genes - Primary Screen,Screening,25977774,1
1117269,152153302,,Inactive,,,,,Human kinome siRNA screen in A549-BTR and MDA-231-1833-BTR cells,Screening,25564677,1
1117281,160773956,,Inactive,,,,,A whole genome RNAi screen highlights components of the ER/Golgi as a prominent source of resistance to immunotoxin-mediated cytotoxicity,Screening,25713356,1
1117281,160774052,,Inactive,,,,,A whole genome RNAi screen highlights components of the ER/Golgi as a prominent source of resistance to immunotoxin-mediated cytotoxicity,Screening,25713356,1
1117281,160774137,,Inactive,,,,,A whole genome RNAi screen highlights components of the ER/Golgi as a prominent source of resistance to immunotoxin-mediated cytotoxicity,Screening,25713356,1
1117357,249379758,,Unspecified,,,,,InfectX: Pathogen infection siRNA screens,Screening,26445817,1
1117357,249379760,,Unspecified,,,,,InfectX: Pathogen infection siRNA screens,Screening,26445817,1
1117357,249379762,,Unspecified,,,,,InfectX: Pathogen infection siRNA screens,Screening,26445817,1
1117357,249380273,,Unspecified,,,,,InfectX: Pathogen infection siRNA screens,Screening,26445817,1
1117357,249380274,,Unspecified,,,,,InfectX: Pathogen infection siRNA screens,Screening,26445817,1
1117357,249380275,,Unspecified,,,,,InfectX: Pathogen infection siRNA screens,Screening,26445817,1
1117357,249380276,,Unspecified,,,,,InfectX: Pathogen infection siRNA screens,Screening,26445817,1
1117357,249380277,,Unspecified,,,,,InfectX: Pathogen infection siRNA screens,Screening,26445817,1
1117357,249405829,,Unspecified,,,,,InfectX: Pathogen infection siRNA screens,Screening,26445817,1
1117357,249477142,,Unspecified,,,,,InfectX: Pathogen infection siRNA screens,Screening,26445817,1
1117357,249477143,,Unspecified,,,,,InfectX: Pathogen infection siRNA screens,Screening,26445817,1
1117357,249484333,,Unspecified,,,,,InfectX: Pathogen infection siRNA screens,Screening,26445817,1
1159506,160773956,,Unspecified,,,,,Identification of proteins required for the processing of the EWS-FLI1 nascent transcript,Other,,1
1159506,160774052,,Unspecified,,,,,Identification of proteins required for the processing of the EWS-FLI1 nascent transcript,Other,,1
1159506,160774137,,Unspecified,,,,,Identification of proteins required for the processing of the EWS-FLI1 nascent transcript,Other,,1
1159578,255349541,,Inactive,,,,,A screen to identify genes that regulate lymphatic endothelial cell migration - Primary Screen,Screening,,1
1159584,152153302,,Inactive,,,,,A screen to identify synthetic lethal interactions with E-cadherin in an MCF10A isogenic cell line,Screening,25777964,1
1224830,315448547,,Inactive,,,,,Genome-wide siRNA screen of genes regulating the Lipopolysaccharide-induced TNF-alpha response in human macrophages_Primary screen TNF readout,Summary,,1
1259259,152153302,,Inactive,,,,,A screen to identify synergistic combinations in colorectal cancer - Primary Screen (SW1463),Screening,28972570,1
1259260,152153302,,Inactive,,,,,A screen to identify synergistic combinations in colorectal cancer - Primary Screen (NCIH716),Screening,28972570,1
1259261,152153302,,Inactive,,,,,A screen to identify synergistic combinations in colorectal cancer - Primary Screen (HCC2998),Screening,28972570,1
1259264,152153302,,Inactive,,,,,A screen to identify synergistic combinations in colorectal cancer - Primary Screen (CL40),Screening,28972570,1
1259266,152153302,,Inactive,,,,,A screen to identify synergistic combinations in colorectal cancer - Primary Screen (LS123),Screening,28972570,1
1259267,152153302,,Inactive,,,,,A screen to identify synergistic combinations in colorectal cancer - Primary Screen (GP5D),Screening,28972570,1
1259272,152153302,,Inactive,,,,,A screen to identify synergistic combinations in colorectal cancer - Primary Screen (SW1116),Screening,28972570,1
1259274,152153302,,Inactive,,,,,A screen to identify synergistic combinations in colorectal cancer - Primary Screen (RKO),Screening,28972570,1
1259275,152153302,,Inactive,,,,,A screen to identify synergistic combinations in colorectal cancer - Primary Screen (COLO320HSR),Screening,28972570,1
1259276,152153302,,Inactive,,,,,A screen to identify synergistic combinations in colorectal cancer - Primary Screen (C2BBE1),Screening,28972570,1
1259279,152153302,,Inactive,,,,,A screen to identify synergistic combinations in colorectal cancer - Primary Screen (LS180),Screening,28972570,1
1259280,152153302,,Inactive,,,,,A screen to identify synergistic combinations in colorectal cancer - Primary Screen (SNU407),Screening,28972570,1
1259281,152153302,,Inactive,,,,,A screen to identify synergistic combinations in colorectal cancer - Primary Screen (COLO678),Screening,28972570,1
1259282,152153302,,Inactive,,,,,A screen to identify synergistic combinations in colorectal cancer - Primary Screen (DIFI),Screening,28972570,1
1259283,152153302,,Inactive,,,,,A screen to identify synergistic combinations in colorectal cancer - Primary Screen (HT115),Screening,28972570,1
1259284,152153302,,Inactive,,,,,A screen to identify synergistic combinations in colorectal cancer - Primary Screen (SW48),Screening,28972570,1
1259285,152153302,,Inactive,,,,,A screen to identify synergistic combinations in colorectal cancer - Primary Screen (HCC56),Screening,28972570,1
1259286,152153302,,Inactive,,,,,A screen to identify synergistic combinations in colorectal cancer - Primary Screen (NCIH630),Screening,28972570,1
1259289,152153302,,Inactive,,,,,A screen to identify synergistic combinations in colorectal cancer - Primary Screen (LS513),Screening,28972570,1
1259290,152153302,,Inactive,,,,,A screen to identify synergistic combinations in colorectal cancer - Primary Screen (SNUC1),Screening,28972570,1
1259291,152153302,,Inactive,,,,,A screen to identify synergistic combinations in colorectal cancer - Primary Screen (HT29),Screening,28972570,1
1259297,152153302,,Inactive,,,,,A screen to identify synergistic combinations in colorectal cancer - Primary Screen (RCM1),Screening,28972570,1
1259298,152153302,,Inactive,,,,,A screen to identify synergistic combinations in colorectal cancer - Primary Screen (HT55),Screening,28972570,1
1259299,152153302,,Inactive,,,,,A screen to identify synergistic combinations in colorectal cancer - Primary Screen (CAR1),Screening,28972570,1
1259300,152153302,,Inactive,,,,,A screen to identify synergistic combinations in colorectal cancer - Primary Screen (HCT15),Screening,28972570,1
1259306,152153302,,Inactive,,,,,A screen to identify synergistic combinations in colorectal cancer - Primary Screen (SNUC5),Screening,28972570,1
1259307,152153302,,Inactive,,,,,A screen to identify synergistic combinations in colorectal cancer - Primary Screen (SW620),Screening,28972570,1
1259323,336297243,,Active,,,,,Primary screen of kinases in signalling pathway between Protease activated receptor 2 (PAR2) and the ion channels Transient receptor potential vanilloid-4 (TRPV4) in HEK293 cells,Screening,,1
1345653,178101741,,Active,NP_001005862,,,,Human erb-b2 receptor tyrosine kinase 2 (Type I RTKs: ErbB (epidermal growth factor) receptor family),Other,,
1345653,178101775,,Active,NP_001005862,,,,Human erb-b2 receptor tyrosine kinase 2 (Type I RTKs: ErbB (epidermal growth factor) receptor family),Other,,
1345653,178102295,10184653,Active,NP_001005862,,,,Human erb-b2 receptor tyrosine kinase 2 (Type I RTKs: ErbB (epidermal growth factor) receptor family),Other,18408761,
1345653,178102302,156414,Active,NP_001005862,,,,Human erb-b2 receptor tyrosine kinase 2 (Type I RTKs: ErbB (epidermal growth factor) receptor family),Other,10753475,
1345653,178102313,9915743,Active,NP_001005862,,,,Human erb-b2 receptor tyrosine kinase 2 (Type I RTKs: ErbB (epidermal growth factor) receptor family),Other,15173008,
1345653,178102313,9915743,Active,NP_001005862,,,,Human erb-b2 receptor tyrosine kinase 2 (Type I RTKs: ErbB (epidermal growth factor) receptor family),Other,22037378,
1345653,178102319,208908,Active,NP_001005862,,,,Human erb-b2 receptor tyrosine kinase 2 (Type I RTKs: ErbB (epidermal growth factor) receptor family),Other,12467226,
1345653,178102319,208908,Active,NP_001005862,,,,Human erb-b2 receptor tyrosine kinase 2 (Type I RTKs: ErbB (epidermal growth factor) receptor family),Other,22037378,
1345653,178102587,9843206,Active,NP_001005862,,,,Human erb-b2 receptor tyrosine kinase 2 (Type I RTKs: ErbB (epidermal growth factor) receptor family),Other,11378364,
1345653,178102588,11566580,Active,NP_001005862,,,,Human erb-b2 receptor tyrosine kinase 2 (Type I RTKs: ErbB (epidermal growth factor) receptor family),Other,16480284,
1345653,178102633,6444692,Active,NP_001005862,,,,Human erb-b2 receptor tyrosine kinase 2 (Type I RTKs: ErbB (epidermal growth factor) receptor family),Other,16771730,
1345653,178103494,24821094,Active,NP_001005862,,,,Human erb-b2 receptor tyrosine kinase 2 (Type I RTKs: ErbB (epidermal growth factor) receptor family),Other,26641137,
1345653,178103994,11511120,Active,NP_001005862,,,,Human erb-b2 receptor tyrosine kinase 2 (Type I RTKs: ErbB (epidermal growth factor) receptor family),Other,22621397,
1345653,223365978,10297043,Active,NP_001005862,,,,Human erb-b2 receptor tyrosine kinase 2 (Type I RTKs: ErbB (epidermal growth factor) receptor family),Other,15256466,
1345653,223365981,6918508,Active,NP_001005862,,,,Human erb-b2 receptor tyrosine kinase 2 (Type I RTKs: ErbB (epidermal growth factor) receptor family),Other,15199094,
1345653,223365982,10437018,Active,NP_001005862,,,,Human erb-b2 receptor tyrosine kinase 2 (Type I RTKs: ErbB (epidermal growth factor) receptor family),Other,19821562,
1345653,223366050,11488320,Active,NP_001005862,,,,Human erb-b2 receptor tyrosine kinase 2 (Type I RTKs: ErbB (epidermal growth factor) receptor family),Other,24900741,
1345653,223366208,11349170,Active,NP_001005862,,,,Human erb-b2 receptor tyrosine kinase 2 (Type I RTKs: ErbB (epidermal growth factor) receptor family),Other,20166197,
1345653,223366212,9874913,Active,NP_001005862,,,,Human erb-b2 receptor tyrosine kinase 2 (Type I RTKs: ErbB (epidermal growth factor) receptor family),Other,18500794,
1345653,249565586,25127713,Active,NP_001005862,,,,Human erb-b2 receptor tyrosine kinase 2 (Type I RTKs: ErbB (epidermal growth factor) receptor family),Other,21306821,
1345653,249565627,10458325,Active,NP_001005862,,,,Human erb-b2 receptor tyrosine kinase 2 (Type I RTKs: ErbB (epidermal growth factor) receptor family),Other,17575237,
1345653,249565825,71556703,Active,NP_001005862,,,,Human erb-b2 receptor tyrosine kinase 2 (Type I RTKs: ErbB (epidermal growth factor) receptor family),Other,24915291,
1345653,252166886,,Active,NP_001005862,,,,Human erb-b2 receptor tyrosine kinase 2 (Type I RTKs: ErbB (epidermal growth factor) receptor family),Other,,
1345653,310264675,24756910,Active,NP_001005862,,,,Human erb-b2 receptor tyrosine kinase 2 (Type I RTKs: ErbB (epidermal growth factor) receptor family),Other,20143778,
1345653,310264693,71226662,Active,NP_001005862,,,,Human erb-b2 receptor tyrosine kinase 2 (Type I RTKs: ErbB (epidermal growth factor) receptor family),Other,26641137,
1345653,310264712,,Active,NP_001005862,,,,Human erb-b2 receptor tyrosine kinase 2 (Type I RTKs: ErbB (epidermal growth factor) receptor family),Other,22248472,
1345653,348353621,51039030,Active,NP_001005862,,,,Human erb-b2 receptor tyrosine kinase 2 (Type I RTKs: ErbB (epidermal growth factor) receptor family),Other,28115222,
1345653,363894206,24739943,Active,NP_001005862,,,,Human erb-b2 receptor tyrosine kinase 2 (Type I RTKs: ErbB (epidermal growth factor) receptor family),Other,21789172,
1345653,363894213,51348455,Active,NP_001005862,,,,Human erb-b2 receptor tyrosine kinase 2 (Type I RTKs: ErbB (epidermal growth factor) receptor family),Other,24121234,
1508588,152153302,,Inactive,,,,,RNAi screen for vemurafenib enhancer genes in BRAFV600 melanoma - Primary Screen,Screening,,1
1671289,441329562,2051,Active,,IC50,,0.04645,"Z'-LYTE: ERBB2 (HER2), Direct Format, kinase activity assay, coupled enzyme activity measurement method, detected via fluorescence resonance energy transfer",Other,,
2202499,523300241,166544130,Active,P04626,IC50,,0.0336,"ErbB Enzyme Assay from US Patent US12447153: ""HER2 mutation inhibitors""",Confirmatory,,
2202499,523300272,166544054,Active,P04626,IC50,,1.2931,"ErbB Enzyme Assay from US Patent US12447153: ""HER2 mutation inhibitors""",Confirmatory,,
2202499,523300276,166543783,Active,P04626,IC50,,0.2597,"ErbB Enzyme Assay from US Patent US12447153: ""HER2 mutation inhibitors""",Confirmatory,,
2202499,523300292,166544104,Active,P04626,IC50,,0.8761,"ErbB Enzyme Assay from US Patent US12447153: ""HER2 mutation inhibitors""",Confirmatory,,
2202499,523300293,166544197,Active,P04626,IC50,,2.3352,"ErbB Enzyme Assay from US Patent US12447153: ""HER2 mutation inhibitors""",Confirmatory,,
2202499,523300294,166543953,Active,P04626,IC50,,3.2977,"ErbB Enzyme Assay from US Patent US12447153: ""HER2 mutation inhibitors""",Confirmatory,,
2202499,523300295,166544297,Active,P04626,IC50,,2.0884,"ErbB Enzyme Assay from US Patent US12447153: ""HER2 mutation inhibitors""",Confirmatory,,
2202499,523300296,166544154,Active,P04626,IC50,,0.0765,"ErbB Enzyme Assay from US Patent US12447153: ""HER2 mutation inhibitors""",Confirmatory,,
2202499,523300297,166544142,Active,P04626,IC50,,0.9771,"ErbB Enzyme Assay from US Patent US12447153: ""HER2 mutation inhibitors""",Confirmatory,,
2202499,523300298,166543777,Active,P04626,IC50,,2.3979,"ErbB Enzyme Assay from US Patent US12447153: ""HER2 mutation inhibitors""",Confirmatory,,
2202499,523300299,166544197,Active,P04626,IC50,,2.3352,"ErbB Enzyme Assay from US Patent US12447153: ""HER2 mutation inhibitors""",Confirmatory,,
2202499,523300300,166544241,Active,P04626,IC50,,1.0315,"ErbB Enzyme Assay from US Patent US12447153: ""HER2 mutation inhibitors""",Confirmatory,,
2202499,523300301,166544119,Active,P04626,IC50,,0.0084,"ErbB Enzyme Assay from US Patent US12447153: ""HER2 mutation inhibitors""",Confirmatory,,
2202499,523300302,166544013,Active,P04626,IC50,,0.4316,"ErbB Enzyme Assay from US Patent US12447153: ""HER2 mutation inhibitors""",Confirmatory,,
2202499,523300303,166544051,Active,P04626,IC50,,0.0455,"ErbB Enzyme Assay from US Patent US12447153: ""HER2 mutation inhibitors""",Confirmatory,,
2202499,523300304,166543702,Inactive,P04626,IC50,,10,"ErbB Enzyme Assay from US Patent US12447153: ""HER2 mutation inhibitors""",Confirmatory,,
2202499,523300305,166543784,Active,P04626,IC50,,0.0483,"ErbB Enzyme Assay from US Patent US12447153: ""HER2 mutation inhibitors""",Confirmatory,,
2202499,523300306,166543971,Active,P04626,IC50,,0.0423,"ErbB Enzyme Assay from US Patent US12447153: ""HER2 mutation inhibitors""",Confirmatory,,
2202499,523300307,166544129,Active,P04626,IC50,,0.0178,"ErbB Enzyme Assay from US Patent US12447153: ""HER2 mutation inhibitors""",Confirmatory,,
2202499,523300308,166543952,Active,P04626,IC50,,0.0479,"ErbB Enzyme Assay from US Patent US12447153: ""HER2 mutation inhibitors""",Confirmatory,,
2202499,523300309,166544408,Active,P04626,IC50,,0.0832,"ErbB Enzyme Assay from US Patent US12447153: ""HER2 mutation inhibitors""",Confirmatory,,
2202499,523300310,166543926,Active,P04626,IC50,,0.167,"ErbB Enzyme Assay from US Patent US12447153: ""HER2 mutation inhibitors""",Confirmatory,,
2202499,523300311,166544185,Active,P04626,IC50,,0.0727,"ErbB Enzyme Assay from US Patent US12447153: ""HER2 mutation inhibitors""",Confirmatory,,
2202499,523300312,166544327,Active,P04626,IC50,,0.1938,"ErbB Enzyme Assay from US Patent US12447153: ""HER2 mutation inhibitors""",Confirmatory,,
2202499,523300313,166544073,Active,P04626,IC50,,0.0501,"ErbB Enzyme Assay from US Patent US12447153: ""HER2 mutation inhibitors""",Confirmatory,,
2202499,523300314,166544238,Active,P04626,IC50,,0.121,"ErbB Enzyme Assay from US Patent US12447153: ""HER2 mutation inhibitors""",Confirmatory,,
2202499,523300315,166543999,Active,P04626,IC50,,0.4865,"ErbB Enzyme Assay from US Patent US12447153: ""HER2 mutation inhibitors""",Confirmatory,,
2202499,523300316,166543697,Active,P04626,IC50,,0.2754,"ErbB Enzyme Assay from US Patent US12447153: ""HER2 mutation inhibitors""",Confirmatory,,
2202499,523300317,166543740,Active,P04626,IC50,,0.0365,"ErbB Enzyme Assay from US Patent US12447153: ""HER2 mutation inhibitors""",Confirmatory,,
2202499,523300318,166544350,Active,P04626,IC50,,0.006,"ErbB Enzyme Assay from US Patent US12447153: ""HER2 mutation inhibitors""",Confirmatory,,
2202499,523300319,166543907,Active,P04626,IC50,,0.0143,"ErbB Enzyme Assay from US Patent US12447153: ""HER2 mutation inhibitors""",Confirmatory,,
2202499,523300320,166544235,Active,P04626,IC50,,0.0458,"ErbB Enzyme Assay from US Patent US12447153: ""HER2 mutation inhibitors""",Confirmatory,,
2202499,523300321,166544263,Active,P04626,IC50,,0.0158,"ErbB Enzyme Assay from US Patent US12447153: ""HER2 mutation inhibitors""",Confirmatory,,
2202499,523300322,166544405,Active,P04626,IC50,,0.0287,"ErbB Enzyme Assay from US Patent US12447153: ""HER2 mutation inhibitors""",Confirmatory,,
2202499,523300323,166543739,Active,P04626,IC50,,0.0062,"ErbB Enzyme Assay from US Patent US12447153: ""HER2 mutation inhibitors""",Confirmatory,,
2202499,523300324,166544056,Active,P04626,IC50,,0.1047,"ErbB Enzyme Assay from US Patent US12447153: ""HER2 mutation inhibitors""",Confirmatory,,
2202499,523300325,167346243,Active,P04626,IC50,,0.1192,"ErbB Enzyme Assay from US Patent US12447153: ""HER2 mutation inhibitors""",Confirmatory,,
2202499,523300326,166543711,Active,P04626,IC50,,0.0085,"ErbB Enzyme Assay from US Patent US12447153: ""HER2 mutation inhibitors""",Confirmatory,,
2202499,523300327,166543850,Active,P04626,IC50,,0.0055,"ErbB Enzyme Assay from US Patent US12447153: ""HER2 mutation inhibitors""",Confirmatory,,
2202499,523300328,166543850,Active,P04626,IC50,,0.0113,"ErbB Enzyme Assay from US Patent US12447153: ""HER2 mutation inhibitors""",Confirmatory,,
2202499,523300329,166543820,Active,P04626,IC50,,0.13,"ErbB Enzyme Assay from US Patent US12447153: ""HER2 mutation inhibitors""",Confirmatory,,
2202499,523300330,166544023,Active,P04626,IC50,,0.0147,"ErbB Enzyme Assay from US Patent US12447153: ""HER2 mutation inhibitors""",Confirmatory,,
2202499,523300331,166544047,Active,P04626,IC50,,0.1201,"ErbB Enzyme Assay from US Patent US12447153: ""HER2 mutation inhibitors""",Confirmatory,,
2202499,523300332,167269358,Active,P04626,IC50,,0.0815,"ErbB Enzyme Assay from US Patent US12447153: ""HER2 mutation inhibitors""",Confirmatory,,
2202499,523300333,166543927,Active,P04626,IC50,,0.222,"ErbB Enzyme Assay from US Patent US12447153: ""HER2 mutation inhibitors""",Confirmatory,,
2202499,523300334,166544086,Active,P04626,IC50,,0.1188,"ErbB Enzyme Assay from US Patent US12447153: ""HER2 mutation inhibitors""",Confirmatory,,
2202499,523300335,166543962,Active,P04626,IC50,,0.0609,"ErbB Enzyme Assay from US Patent US12447153: ""HER2 mutation inhibitors""",Confirmatory,,
2202499,523300336,166544008,Active,P04626,IC50,,0.264,"ErbB Enzyme Assay from US Patent US12447153: ""HER2 mutation inhibitors""",Confirmatory,,
2202499,523300337,166543800,Active,P04626,IC50,,0.0186,"ErbB Enzyme Assay from US Patent US12447153: ""HER2 mutation inhibitors""",Confirmatory,,
2202499,523300338,166543858,Active,P04626,IC50,,0.0345,"ErbB Enzyme Assay from US Patent US12447153: ""HER2 mutation inhibitors""",Confirmatory,,
2202499,523300339,166543953,Active,P04626,IC50,,3.2977,"ErbB Enzyme Assay from US Patent US12447153: ""HER2 mutation inhibitors""",Confirmatory,,
2202499,523300340,166544139,Active,P04626,IC50,,0.3954,"ErbB Enzyme Assay from US Patent US12447153: ""HER2 mutation inhibitors""",Confirmatory,,
2202499,523300341,166544198,Active,P04626,IC50,,0.0991,"ErbB Enzyme Assay from US Patent US12447153: ""HER2 mutation inhibitors""",Confirmatory,,
2202499,523300342,166543761,Active,P04626,IC50,,0.4234,"ErbB Enzyme Assay from US Patent US12447153: ""HER2 mutation inhibitors""",Confirmatory,,
2202499,523300343,166544014,Active,P04626,IC50,,2.0434,"ErbB Enzyme Assay from US Patent US12447153: ""HER2 mutation inhibitors""",Confirmatory,,
2202499,523300344,166544397,Active,P04626,IC50,,0.2334,"ErbB Enzyme Assay from US Patent US12447153: ""HER2 mutation inhibitors""",Confirmatory,,
2202499,523300345,166543784,Active,P04626,IC50,,0.0483,"ErbB Enzyme Assay from US Patent US12447153: ""HER2 mutation inhibitors""",Confirmatory,,
2202499,523300346,166543978,Active,P04626,IC50,,0.4759,"ErbB Enzyme Assay from US Patent US12447153: ""HER2 mutation inhibitors""",Confirmatory,,
2202499,523300347,166543749,Active,P04626,IC50,,0.0254,"ErbB Enzyme Assay from US Patent US12447153: ""HER2 mutation inhibitors""",Confirmatory,,
2202499,523300348,166544347,Active,P04626,IC50,,0.0543,"ErbB Enzyme Assay from US Patent US12447153: ""HER2 mutation inhibitors""",Confirmatory,,
2202499,523300349,166544294,Active,P04626,IC50,,0.0163,"ErbB Enzyme Assay from US Patent US12447153: ""HER2 mutation inhibitors""",Confirmatory,,
2202499,523300350,166544404,Active,P04626,IC50,,0.0153,"ErbB Enzyme Assay from US Patent US12447153: ""HER2 mutation inhibitors""",Confirmatory,,
2202499,523300351,166544213,Active,P04626,IC50,,0.0314,"ErbB Enzyme Assay from US Patent US12447153: ""HER2 mutation inhibitors""",Confirmatory,,
2202499,523300352,166544303,Active,P04626,IC50,,0.0374,"ErbB Enzyme Assay from US Patent US12447153: ""HER2 mutation inhibitors""",Confirmatory,,
2202499,523300353,166544132,Active,P04626,IC50,,0.0174,"ErbB Enzyme Assay from US Patent US12447153: ""HER2 mutation inhibitors""",Confirmatory,,
2202499,523300354,166543877,Active,P04626,IC50,,0.0068,"ErbB Enzyme Assay from US Patent US12447153: ""HER2 mutation inhibitors""",Confirmatory,,
2202499,523300355,166543915,Active,P04626,IC50,,0.4219,"ErbB Enzyme Assay from US Patent US12447153: ""HER2 mutation inhibitors""",Confirmatory,,
2202499,523300356,166543741,Active,P04626,IC50,,0.6641,"ErbB Enzyme Assay from US Patent US12447153: ""HER2 mutation inhibitors""",Confirmatory,,
2202499,523300357,166544122,Active,P04626,IC50,,0.141,"ErbB Enzyme Assay from US Patent US12447153: ""HER2 mutation inhibitors""",Confirmatory,,
2202499,523300358,166544070,Active,P04626,IC50,,0.01,"ErbB Enzyme Assay from US Patent US12447153: ""HER2 mutation inhibitors""",Confirmatory,,
2202499,523300359,167346225,Active,P04626,IC50,,0.0865,"ErbB Enzyme Assay from US Patent US12447153: ""HER2 mutation inhibitors""",Confirmatory,,
2202499,523300360,166543705,Active,P04626,IC50,,0.0087,"ErbB Enzyme Assay from US Patent US12447153: ""HER2 mutation inhibitors""",Confirmatory,,
2202499,523300361,166543958,Active,P04626,IC50,,0.0364,"ErbB Enzyme Assay from US Patent US12447153: ""HER2 mutation inhibitors""",Confirmatory,,
2202499,523300362,166544277,Active,P04626,IC50,,0.0092,"ErbB Enzyme Assay from US Patent US12447153: ""HER2 mutation inhibitors""",Confirmatory,,
2202499,523300363,166544194,Active,P04626,IC50,,0.0652,"ErbB Enzyme Assay from US Patent US12447153: ""HER2 mutation inhibitors""",Confirmatory,,
2202499,523300364,166544321,Active,P04626,IC50,,0.0334,"ErbB Enzyme Assay from US Patent US12447153: ""HER2 mutation inhibitors""",Confirmatory,,
2202499,523300365,166544076,Active,P04626,IC50,,0.009,"ErbB Enzyme Assay from US Patent US12447153: ""HER2 mutation inhibitors""",Confirmatory,,
2202499,523300366,166544015,Active,P04626,IC50,,0.4477,"ErbB Enzyme Assay from US Patent US12447153: ""HER2 mutation inhibitors""",Confirmatory,,
2202499,523300367,166543751,Active,P04626,IC50,,0.1038,"ErbB Enzyme Assay from US Patent US12447153: ""HER2 mutation inhibitors""",Confirmatory,,
2202499,523300368,167268339,Active,P04626,IC50,,0.017,"ErbB Enzyme Assay from US Patent US12447153: ""HER2 mutation inhibitors""",Confirmatory,,
2202499,523300369,166544316,Active,P04626,IC50,,0.0332,"ErbB Enzyme Assay from US Patent US12447153: ""HER2 mutation inhibitors""",Confirmatory,,
2202499,523300370,166544121,Active,P04626,IC50,,0.0582,"ErbB Enzyme Assay from US Patent US12447153: ""HER2 mutation inhibitors""",Confirmatory,,
2202499,523300371,166543753,Active,P04626,IC50,,0.0815,"ErbB Enzyme Assay from US Patent US12447153: ""HER2 mutation inhibitors""",Confirmatory,,
2202499,523300372,167268328,Active,P04626,IC50,,0.041,"ErbB Enzyme Assay from US Patent US12447153: ""HER2 mutation inhibitors""",Confirmatory,,
2202499,523300373,166543957,Active,P04626,IC50,,0.0031,"ErbB Enzyme Assay from US Patent US12447153: ""HER2 mutation inhibitors""",Confirmatory,,
2202499,523300374,166543793,Active,P04626,IC50,,0.0023,"ErbB Enzyme Assay from US Patent US12447153: ""HER2 mutation inhibitors""",Confirmatory,,
2202499,523300375,166544326,Active,P04626,IC50,,0.0075,"ErbB Enzyme Assay from US Patent US12447153: ""HER2 mutation inhibitors""",Confirmatory,,
2202499,523300376,166544250,Active,P04626,IC50,,0.0813,"ErbB Enzyme Assay from US Patent US12447153: ""HER2 mutation inhibitors""",Confirmatory,,
2202499,523300377,166543968,Active,P04626,IC50,,0.0765,"ErbB Enzyme Assay from US Patent US12447153: ""HER2 mutation inhibitors""",Confirmatory,,
2202499,523300378,166544216,Active,P04626,IC50,,0.0134,"ErbB Enzyme Assay from US Patent US12447153: ""HER2 mutation inhibitors""",Confirmatory,,
2202499,523300379,167269356,Active,P04626,IC50,,0.0098,"ErbB Enzyme Assay from US Patent US12447153: ""HER2 mutation inhibitors""",Confirmatory,,
2202499,523300380,166543750,Active,P04626,IC50,,0.126,"ErbB Enzyme Assay from US Patent US12447153: ""HER2 mutation inhibitors""",Confirmatory,,
2202499,523300381,166544099,Active,P04626,IC50,,0.0126,"ErbB Enzyme Assay from US Patent US12447153: ""HER2 mutation inhibitors""",Confirmatory,,
2202499,523300382,166544210,Active,P04626,IC50,,0.1696,"ErbB Enzyme Assay from US Patent US12447153: ""HER2 mutation inhibitors""",Confirmatory,,
2202499,523300383,166543847,Active,P04626,IC50,,0.038,"ErbB Enzyme Assay from US Patent US12447153: ""HER2 mutation inhibitors""",Confirmatory,,
2202499,523300384,166544169,Active,P04626,IC50,,0.0167,"ErbB Enzyme Assay from US Patent US12447153: ""HER2 mutation inhibitors""",Confirmatory,,
2202499,523300385,166544115,Active,P04626,IC50,,0.0032,"ErbB Enzyme Assay from US Patent US12447153: ""HER2 mutation inhibitors""",Confirmatory,,
2202499,523300386,166544328,Active,P04626,IC50,,0.0511,"ErbB Enzyme Assay from US Patent US12447153: ""HER2 mutation inhibitors""",Confirmatory,,
2202499,523300387,166543828,Active,P04626,IC50,,0.019,"ErbB Enzyme Assay from US Patent US12447153: ""HER2 mutation inhibitors""",Confirmatory,,
2202499,523300388,166544221,Active,P04626,IC50,,0.1322,"ErbB Enzyme Assay from US Patent US12447153: ""HER2 mutation inhibitors""",Confirmatory,,
2202499,523300389,167346232,Active,P04626,IC50,,0.0392,"ErbB Enzyme Assay from US Patent US12447153: ""HER2 mutation inhibitors""",Confirmatory,,
2202499,523300390,166543879,Active,P04626,IC50,,0.4606,"ErbB Enzyme Assay from US Patent US12447153: ""HER2 mutation inhibitors""",Confirmatory,,
2202499,523300391,166543754,Active,P04626,IC50,,0.0029,"ErbB Enzyme Assay from US Patent US12447153: ""HER2 mutation inhibitors""",Confirmatory,,
2202499,523300392,167346227,Active,P04626,IC50,,0.0883,"ErbB Enzyme Assay from US Patent US12447153: ""HER2 mutation inhibitors""",Confirmatory,,
2202499,523300393,166543903,Active,P04626,IC50,,0.0119,"ErbB Enzyme Assay from US Patent US12447153: ""HER2 mutation inhibitors""",Confirmatory,,
2202499,523300394,166544215,Active,P04626,IC50,,0.0185,"ErbB Enzyme Assay from US Patent US12447153: ""HER2 mutation inhibitors""",Confirmatory,,
2202499,523300395,166544261,Active,P04626,IC50,,0.2374,"ErbB Enzyme Assay from US Patent US12447153: ""HER2 mutation inhibitors""",Confirmatory,,
2202499,523300396,166544383,Active,P04626,IC50,,0.0294,"ErbB Enzyme Assay from US Patent US12447153: ""HER2 mutation inhibitors""",Confirmatory,,
2202499,523300397,167269144,Active,P04626,IC50,,0.2817,"ErbB Enzyme Assay from US Patent US12447153: ""HER2 mutation inhibitors""",Confirmatory,,
2202499,523300398,166543943,Active,P04626,IC50,,0.058,"ErbB Enzyme Assay from US Patent US12447153: ""HER2 mutation inhibitors""",Confirmatory,,
2202499,523300399,166543902,Active,P04626,IC50,,0.038,"ErbB Enzyme Assay from US Patent US12447153: ""HER2 mutation inhibitors""",Confirmatory,,
2202499,523300400,166543898,Active,P04626,IC50,,0.0575,"ErbB Enzyme Assay from US Patent US12447153: ""HER2 mutation inhibitors""",Confirmatory,,
2202499,523300401,166543808,Active,P04626,IC50,,0.1841,"ErbB Enzyme Assay from US Patent US12447153: ""HER2 mutation inhibitors""",Confirmatory,,
2202499,523300402,166543948,Active,P04626,IC50,,0.2549,"ErbB Enzyme Assay from US Patent US12447153: ""HER2 mutation inhibitors""",Confirmatory,,
2202499,523300403,166543941,Active,P04626,IC50,,0.0554,"ErbB Enzyme Assay from US Patent US12447153: ""HER2 mutation inhibitors""",Confirmatory,,
2202499,523300404,166544042,Active,P04626,IC50,,0.0523,"ErbB Enzyme Assay from US Patent US12447153: ""HER2 mutation inhibitors""",Confirmatory,,
2202499,523300405,167346227,Active,P04626,IC50,,0.0362,"ErbB Enzyme Assay from US Patent US12447153: ""HER2 mutation inhibitors""",Confirmatory,,
2202499,523300406,166543981,Active,P04626,IC50,,0.0541,"ErbB Enzyme Assay from US Patent US12447153: ""HER2 mutation inhibitors""",Confirmatory,,
2202499,523300407,166544140,Active,P04626,IC50,,0.0604,"ErbB Enzyme Assay from US Patent US12447153: ""HER2 mutation inhibitors""",Confirmatory,,
2202499,523300408,166544246,Active,P04626,IC50,,0.042,"ErbB Enzyme Assay from US Patent US12447153: ""HER2 mutation inhibitors""",Confirmatory,,
2202499,523300409,166544359,Active,P04626,IC50,,0.0308,"ErbB Enzyme Assay from US Patent US12447153: ""HER2 mutation inhibitors""",Confirmatory,,
2202499,523300410,166544157,Active,P04626,IC50,,0.0093,"ErbB Enzyme Assay from US Patent US12447153: ""HER2 mutation inhibitors""",Confirmatory,,
2202499,523300411,166544166,Active,P04626,IC50,,0.0604,"ErbB Enzyme Assay from US Patent US12447153: ""HER2 mutation inhibitors""",Confirmatory,,
2202499,523300412,167269805,Active,P04626,IC50,,0.0299,"ErbB Enzyme Assay from US Patent US12447153: ""HER2 mutation inhibitors""",Confirmatory,,
2202499,523300413,167269806,Active,P04626,IC50,,0.0482,"ErbB Enzyme Assay from US Patent US12447153: ""HER2 mutation inhibitors""",Confirmatory,,
2202499,523300414,166544366,Active,P04626,IC50,,0.0123,"ErbB Enzyme Assay from US Patent US12447153: ""HER2 mutation inhibitors""",Confirmatory,,
2202499,523300415,166544069,Active,P04626,IC50,,0.2712,"ErbB Enzyme Assay from US Patent US12447153: ""HER2 mutation inhibitors""",Confirmatory,,
2202499,523300416,167269811,Active,P04626,IC50,,0.0444,"ErbB Enzyme Assay from US Patent US12447153: ""HER2 mutation inhibitors""",Confirmatory,,
2202499,523300417,166544382,Active,P04626,IC50,,0.0659,"ErbB Enzyme Assay from US Patent US12447153: ""HER2 mutation inhibitors""",Confirmatory,,
2202499,523300418,167346193,Active,P04626,IC50,,0.1349,"ErbB Enzyme Assay from US Patent US12447153: ""HER2 mutation inhibitors""",Confirmatory,,
2202499,523300419,166544148,Active,P04626,IC50,,0.0559,"ErbB Enzyme Assay from US Patent US12447153: ""HER2 mutation inhibitors""",Confirmatory,,
2202499,523300420,166544079,Active,P04626,IC50,,0.0759,"ErbB Enzyme Assay from US Patent US12447153: ""HER2 mutation inhibitors""",Confirmatory,,
2202499,523300421,167346220,Active,P04626,IC50,,0.0415,"ErbB Enzyme Assay from US Patent US12447153: ""HER2 mutation inhibitors""",Confirmatory,,
2202499,523300422,167346218,Active,P04626,IC50,,0.0863,"ErbB Enzyme Assay from US Patent US12447153: ""HER2 mutation inhibitors""",Confirmatory,,
2202499,523300423,167269809,Active,P04626,IC50,,0.1214,"ErbB Enzyme Assay from US Patent US12447153: ""HER2 mutation inhibitors""",Confirmatory,,
2202499,523300424,167346214,Active,P04626,IC50,,0.0399,"ErbB Enzyme Assay from US Patent US12447153: ""HER2 mutation inhibitors""",Confirmatory,,
2202499,523300425,166543970,Active,P04626,IC50,,0.0279,"ErbB Enzyme Assay from US Patent US12447153: ""HER2 mutation inhibitors""",Confirmatory,,
2202499,523300426,167346189,Active,P04626,IC50,,0.0221,"ErbB Enzyme Assay from US Patent US12447153: ""HER2 mutation inhibitors""",Confirmatory,,
2202499,523300427,166543836,Inactive,P04626,IC50,,10,"ErbB Enzyme Assay from US Patent US12447153: ""HER2 mutation inhibitors""",Confirmatory,,
2202499,523300428,167269166,Active,P04626,IC50,,0.2251,"ErbB Enzyme Assay from US Patent US12447153: ""HER2 mutation inhibitors""",Confirmatory,,
2202499,523300429,166544334,Active,P04626,IC50,,0.1796,"ErbB Enzyme Assay from US Patent US12447153: ""HER2 mutation inhibitors""",Confirmatory,,
2202499,523300430,167346202,Active,P04626,IC50,,0.0499,"ErbB Enzyme Assay from US Patent US12447153: ""HER2 mutation inhibitors""",Confirmatory,,
2202499,523300431,166543736,Active,P04626,IC50,,0.0327,"ErbB Enzyme Assay from US Patent US12447153: ""HER2 mutation inhibitors""",Confirmatory,,
2202499,523300432,166543930,Active,P04626,IC50,,0.025,"ErbB Enzyme Assay from US Patent US12447153: ""HER2 mutation inhibitors""",Confirmatory,,
2202499,523300433,167269349,Active,P04626,IC50,,0.0059,"ErbB Enzyme Assay from US Patent US12447153: ""HER2 mutation inhibitors""",Confirmatory,,
2202499,523300434,166543852,Active,P04626,IC50,,0.0158,"ErbB Enzyme Assay from US Patent US12447153: ""HER2 mutation inhibitors""",Confirmatory,,
2202499,523300435,167268336,Active,P04626,IC50,,0.0186,"ErbB Enzyme Assay from US Patent US12447153: ""HER2 mutation inhibitors""",Confirmatory,,
2202499,523300436,166544040,Active,P04626,IC50,,0.0006,"ErbB Enzyme Assay from US Patent US12447153: ""HER2 mutation inhibitors""",Confirmatory,,
2202499,523300437,166543713,Active,P04626,IC50,,0.3232,"ErbB Enzyme Assay from US Patent US12447153: ""HER2 mutation inhibitors""",Confirmatory,,
2202499,523300438,166544018,Active,P04626,IC50,,0.0166,"ErbB Enzyme Assay from US Patent US12447153: ""HER2 mutation inhibitors""",Confirmatory,,
2202499,523300439,166544125,Active,P04626,IC50,,0.0416,"ErbB Enzyme Assay from US Patent US12447153: ""HER2 mutation inhibitors""",Confirmatory,,
2202499,523300440,166543730,Active,P04626,IC50,,0.0373,"ErbB Enzyme Assay from US Patent US12447153: ""HER2 mutation inhibitors""",Confirmatory,,
2202499,523300441,166544168,Active,P04626,IC50,,0.004,"ErbB Enzyme Assay from US Patent US12447153: ""HER2 mutation inhibitors""",Confirmatory,,
2202499,523300442,167346238,Active,P04626,IC50,,0.018,"ErbB Enzyme Assay from US Patent US12447153: ""HER2 mutation inhibitors""",Confirmatory,,
2202499,523300443,166544033,Active,P04626,IC50,,9.7204,"ErbB Enzyme Assay from US Patent US12447153: ""HER2 mutation inhibitors""",Confirmatory,,
2202499,523300444,167269210,Active,P04626,IC50,,0.0203,"ErbB Enzyme Assay from US Patent US12447153: ""HER2 mutation inhibitors""",Confirmatory,,
2202499,523300445,167269813,Active,P04626,IC50,,0.2094,"ErbB Enzyme Assay from US Patent US12447153: ""HER2 mutation inhibitors""",Confirmatory,,
2202499,523300446,167269814,Active,P04626,IC50,,0.0391,"ErbB Enzyme Assay from US Patent US12447153: ""HER2 mutation inhibitors""",Confirmatory,,
2202499,523300447,166544181,Active,P04626,IC50,,0.0204,"ErbB Enzyme Assay from US Patent US12447153: ""HER2 mutation inhibitors""",Confirmatory,,
2202499,523300448,166544272,Active,P04626,IC50,,0.5146,"ErbB Enzyme Assay from US Patent US12447153: ""HER2 mutation inhibitors""",Confirmatory,,
2202499,523300449,166544284,Active,P04626,IC50,,0.0199,"ErbB Enzyme Assay from US Patent US12447153: ""HER2 mutation inhibitors""",Confirmatory,,
2202499,523300450,166543745,Active,P04626,IC50,,0.3416,"ErbB Enzyme Assay from US Patent US12447153: ""HER2 mutation inhibitors""",Confirmatory,,
2202499,523300451,166544406,Active,P04626,IC50,,0.0423,"ErbB Enzyme Assay from US Patent US12447153: ""HER2 mutation inhibitors""",Confirmatory,,
2202499,523300452,167346219,Active,P04626,IC50,,0.0458,"ErbB Enzyme Assay from US Patent US12447153: ""HER2 mutation inhibitors""",Confirmatory,,
2202499,523300453,166544255,Active,P04626,IC50,,0.1773,"ErbB Enzyme Assay from US Patent US12447153: ""HER2 mutation inhibitors""",Confirmatory,,
2202499,523300454,166544239,Active,P04626,IC50,,0.0642,"ErbB Enzyme Assay from US Patent US12447153: ""HER2 mutation inhibitors""",Confirmatory,,
2202499,523300455,166543845,Active,P04626,IC50,,0.5193,"ErbB Enzyme Assay from US Patent US12447153: ""HER2 mutation inhibitors""",Confirmatory,,
2202499,523300456,167346188,Active,P04626,IC50,,0.0743,"ErbB Enzyme Assay from US Patent US12447153: ""HER2 mutation inhibitors""",Confirmatory,,
2202499,523300457,166543969,Active,P04626,IC50,,0.1114,"ErbB Enzyme Assay from US Patent US12447153: ""HER2 mutation inhibitors""",Confirmatory,,
2202499,523300458,166543905,Active,P04626,IC50,,0.2613,"ErbB Enzyme Assay from US Patent US12447153: ""HER2 mutation inhibitors""",Confirmatory,,
2202499,523300459,166543835,Active,P04626,IC50,,0.0134,"ErbB Enzyme Assay from US Patent US12447153: ""HER2 mutation inhibitors""",Confirmatory,,
2202499,523300460,166544214,Active,P04626,IC50,,0.0052,"ErbB Enzyme Assay from US Patent US12447153: ""HER2 mutation inhibitors""",Confirmatory,,
2202499,523300461,166544317,Active,P04626,IC50,,0.1047,"ErbB Enzyme Assay from US Patent US12447153: ""HER2 mutation inhibitors""",Confirmatory,,
2202499,523300462,166544162,Active,P04626,IC50,,0.0238,"ErbB Enzyme Assay from US Patent US12447153: ""HER2 mutation inhibitors""",Confirmatory,,
2202499,523300463,166543883,Active,P04626,IC50,,0.1716,"ErbB Enzyme Assay from US Patent US12447153: ""HER2 mutation inhibitors""",Confirmatory,,
2202499,523300464,166544333,Active,P04626,IC50,,0.0485,"ErbB Enzyme Assay from US Patent US12447153: ""HER2 mutation inhibitors""",Confirmatory,,
2202499,523300465,166544146,Active,P04626,IC50,,0.0097,"ErbB Enzyme Assay from US Patent US12447153: ""HER2 mutation inhibitors""",Confirmatory,,
2202499,523300466,166543838,Active,P04626,IC50,,0.008,"ErbB Enzyme Assay from US Patent US12447153: ""HER2 mutation inhibitors""",Confirmatory,,
2202499,523300467,166544374,Active,P04626,IC50,,0.074,"ErbB Enzyme Assay from US Patent US12447153: ""HER2 mutation inhibitors""",Confirmatory,,
2202499,523300468,166544000,Active,P04626,IC50,,0.3137,"ErbB Enzyme Assay from US Patent US12447153: ""HER2 mutation inhibitors""",Confirmatory,,
2202499,523300469,166544090,Active,P04626,IC50,,0.0117,"ErbB Enzyme Assay from US Patent US12447153: ""HER2 mutation inhibitors""",Confirmatory,,
2202499,523300470,166543755,Active,P04626,IC50,,0.0273,"ErbB Enzyme Assay from US Patent US12447153: ""HER2 mutation inhibitors""",Confirmatory,,
2202499,523300471,166544292,Active,P04626,IC50,,0.0062,"ErbB Enzyme Assay from US Patent US12447153: ""HER2 mutation inhibitors""",Confirmatory,,
2202499,523300472,166544026,Active,P04626,IC50,,0.0881,"ErbB Enzyme Assay from US Patent US12447153: ""HER2 mutation inhibitors""",Confirmatory,,
2202499,523300473,166544269,Active,P04626,IC50,,0.128,"ErbB Enzyme Assay from US Patent US12447153: ""HER2 mutation inhibitors""",Confirmatory,,
2202499,523300474,166544252,Active,P04626,IC50,,0.0691,"ErbB Enzyme Assay from US Patent US12447153: ""HER2 mutation inhibitors""",Confirmatory,,
2202499,523300475,166543703,Active,P04626,IC50,,0.1004,"ErbB Enzyme Assay from US Patent US12447153: ""HER2 mutation inhibitors""",Confirmatory,,
2202499,523300476,166544370,Active,P04626,IC50,,1.4496,"ErbB Enzyme Assay from US Patent US12447153: ""HER2 mutation inhibitors""",Confirmatory,,
2202499,523300477,166544221,Active,P04626,IC50,,0.0111,"ErbB Enzyme Assay from US Patent US12447153: ""HER2 mutation inhibitors""",Confirmatory,,
2202499,523300478,166543881,Active,P04626,IC50,,0.0411,"ErbB Enzyme Assay from US Patent US12447153: ""HER2 mutation inhibitors""",Confirmatory,,
2202499,523300479,166544300,Active,P04626,IC50,,0.0267,"ErbB Enzyme Assay from US Patent US12447153: ""HER2 mutation inhibitors""",Confirmatory,,
2202499,523300480,166543824,Active,P04626,IC50,,0.1319,"ErbB Enzyme Assay from US Patent US12447153: ""HER2 mutation inhibitors""",Confirmatory,,
2202499,523300481,166544295,Active,P04626,IC50,,0.0618,"ErbB Enzyme Assay from US Patent US12447153: ""HER2 mutation inhibitors""",Confirmatory,,
2202499,523300482,166543851,Active,P04626,IC50,,0.1708,"ErbB Enzyme Assay from US Patent US12447153: ""HER2 mutation inhibitors""",Confirmatory,,
2202499,523300483,166543736,Active,P04626,IC50,,0.0597,"ErbB Enzyme Assay from US Patent US12447153: ""HER2 mutation inhibitors""",Confirmatory,,
2202499,523300484,166544029,Active,P04626,IC50,,0.0429,"ErbB Enzyme Assay from US Patent US12447153: ""HER2 mutation inhibitors""",Confirmatory,,
2202499,523300485,166543910,Active,P04626,IC50,,0.0211,"ErbB Enzyme Assay from US Patent US12447153: ""HER2 mutation inhibitors""",Confirmatory,,
2202499,523300486,166544173,Active,P04626,IC50,,0.0242,"ErbB Enzyme Assay from US Patent US12447153: ""HER2 mutation inhibitors""",Confirmatory,,
2202499,523300487,166544232,Active,P04626,IC50,,0.0174,"ErbB Enzyme Assay from US Patent US12447153: ""HER2 mutation inhibitors""",Confirmatory,,
2202499,523300488,166543807,Active,P04626,IC50,,0.0162,"ErbB Enzyme Assay from US Patent US12447153: ""HER2 mutation inhibitors""",Confirmatory,,
2202499,523300489,166544394,Active,P04626,IC50,,0.0681,"ErbB Enzyme Assay from US Patent US12447153: ""HER2 mutation inhibitors""",Confirmatory,,
2202499,523300490,166544403,Active,P04626,IC50,,0.0155,"ErbB Enzyme Assay from US Patent US12447153: ""HER2 mutation inhibitors""",Confirmatory,,
2202499,523300491,166543825,Active,P04626,IC50,,0.0133,"ErbB Enzyme Assay from US Patent US12447153: ""HER2 mutation inhibitors""",Confirmatory,,
2202499,523300492,166544391,Active,P04626,IC50,,0.0132,"ErbB Enzyme Assay from US Patent US12447153: ""HER2 mutation inhibitors""",Confirmatory,,
2202499,523300493,166544187,Active,P04626,IC50,,0.0587,"ErbB Enzyme Assay from US Patent US12447153: ""HER2 mutation inhibitors""",Confirmatory,,
2202499,523300494,166543851,Active,P04626,IC50,,0.1512,"ErbB Enzyme Assay from US Patent US12447153: ""HER2 mutation inhibitors""",Confirmatory,,
2202499,523300495,166543733,Active,P04626,IC50,,0.1499,"ErbB Enzyme Assay from US Patent US12447153: ""HER2 mutation inhibitors""",Confirmatory,,
2202499,523300496,166543982,Active,P04626,IC50,,0.1719,"ErbB Enzyme Assay from US Patent US12447153: ""HER2 mutation inhibitors""",Confirmatory,,
2202499,523300497,166544302,Active,P04626,IC50,,0.0164,"ErbB Enzyme Assay from US Patent US12447153: ""HER2 mutation inhibitors""",Confirmatory,,
2202499,523300498,166544302,Active,P04626,IC50,,0.0107,"ErbB Enzyme Assay from US Patent US12447153: ""HER2 mutation inhibitors""",Confirmatory,,
2202499,523300499,166543924,Active,P04626,IC50,,0.0654,"ErbB Enzyme Assay from US Patent US12447153: ""HER2 mutation inhibitors""",Confirmatory,,
2202499,523300500,166543924,Active,P04626,IC50,,0.0662,"ErbB Enzyme Assay from US Patent US12447153: ""HER2 mutation inhibitors""",Confirmatory,,
2202499,523300501,166543908,Active,P04626,IC50,,0.0073,"ErbB Enzyme Assay from US Patent US12447153: ""HER2 mutation inhibitors""",Confirmatory,,
2202499,523300502,166543767,Active,P04626,IC50,,0.0216,"ErbB Enzyme Assay from US Patent US12447153: ""HER2 mutation inhibitors""",Confirmatory,,
2202499,523300503,167346226,Active,P04626,IC50,,0.0295,"ErbB Enzyme Assay from US Patent US12447153: ""HER2 mutation inhibitors""",Confirmatory,,
2202499,523300504,166544209,Active,P04626,IC50,,0.0433,"ErbB Enzyme Assay from US Patent US12447153: ""HER2 mutation inhibitors""",Confirmatory,,
2202499,523300505,166543718,Active,P04626,IC50,,0.0188,"ErbB Enzyme Assay from US Patent US12447153: ""HER2 mutation inhibitors""",Confirmatory,,
2202499,523300506,166544413,Active,P04626,IC50,,0.0244,"ErbB Enzyme Assay from US Patent US12447153: ""HER2 mutation inhibitors""",Confirmatory,,
2202499,523300507,166544322,Active,P04626,IC50,,0.1112,"ErbB Enzyme Assay from US Patent US12447153: ""HER2 mutation inhibitors""",Confirmatory,,
2202499,523300508,166544407,Active,P04626,IC50,,0.0179,"ErbB Enzyme Assay from US Patent US12447153: ""HER2 mutation inhibitors""",Confirmatory,,
2202499,523300509,166543997,Active,P04626,IC50,,0.0285,"ErbB Enzyme Assay from US Patent US12447153: ""HER2 mutation inhibitors""",Confirmatory,,
2202499,523300510,166543744,Active,P04626,IC50,,0.1333,"ErbB Enzyme Assay from US Patent US12447153: ""HER2 mutation inhibitors""",Confirmatory,,
2202499,523300511,166543803,Active,P04626,IC50,,0.0489,"ErbB Enzyme Assay from US Patent US12447153: ""HER2 mutation inhibitors""",Confirmatory,,
2202499,523300512,166543961,Active,P04626,IC50,,0.058,"ErbB Enzyme Assay from US Patent US12447153: ""HER2 mutation inhibitors""",Confirmatory,,
2202499,523300513,166544147,Active,P04626,IC50,,0.0265,"ErbB Enzyme Assay from US Patent US12447153: ""HER2 mutation inhibitors""",Confirmatory,,
2202499,523300514,166544072,Active,P04626,IC50,,0.3103,"ErbB Enzyme Assay from US Patent US12447153: ""HER2 mutation inhibitors""",Confirmatory,,
2202499,523300515,167346206,Active,P04626,IC50,,0.1385,"ErbB Enzyme Assay from US Patent US12447153: ""HER2 mutation inhibitors""",Confirmatory,,
2202499,523300516,166543908,Active,P04626,IC50,,0.1301,"ErbB Enzyme Assay from US Patent US12447153: ""HER2 mutation inhibitors""",Confirmatory,,
2202499,523300517,166543901,Active,P04626,IC50,,0.0167,"ErbB Enzyme Assay from US Patent US12447153: ""HER2 mutation inhibitors""",Confirmatory,,
2202499,523300518,166543892,Active,P04626,IC50,,0.0136,"ErbB Enzyme Assay from US Patent US12447153: ""HER2 mutation inhibitors""",Confirmatory,,
2202499,523300519,166544105,Active,P04626,IC50,,0.01,"ErbB Enzyme Assay from US Patent US12447153: ""HER2 mutation inhibitors""",Confirmatory,,
2202499,523300520,166544117,Active,P04626,IC50,,0.0105,"ErbB Enzyme Assay from US Patent US12447153: ""HER2 mutation inhibitors""",Confirmatory,,
2202499,523300521,166544407,Active,P04626,IC50,,0.1215,"ErbB Enzyme Assay from US Patent US12447153: ""HER2 mutation inhibitors""",Confirmatory,,
2202499,523300522,166543718,Active,P04626,IC50,,0.0373,"ErbB Enzyme Assay from US Patent US12447153: ""HER2 mutation inhibitors""",Confirmatory,,
2202499,523300523,166544030,Active,P04626,IC50,,0.031,"ErbB Enzyme Assay from US Patent US12447153: ""HER2 mutation inhibitors""",Confirmatory,,
2202499,523300524,169611519,Active,P04626,IC50,,1.1701,"ErbB Enzyme Assay from US Patent US12447153: ""HER2 mutation inhibitors""",Confirmatory,,
2202499,523300525,166544289,Active,P04626,IC50,,1.3321,"ErbB Enzyme Assay from US Patent US12447153: ""HER2 mutation inhibitors""",Confirmatory,,
2202499,523300526,166543846,Active,P04626,IC50,,0.0117,"ErbB Enzyme Assay from US Patent US12447153: ""HER2 mutation inhibitors""",Confirmatory,,
2202499,523300527,166544123,Active,P04626,IC50,,0.0367,"ErbB Enzyme Assay from US Patent US12447153: ""HER2 mutation inhibitors""",Confirmatory,,
2202499,523300528,166544055,Active,P04626,IC50,,0.1426,"ErbB Enzyme Assay from US Patent US12447153: ""HER2 mutation inhibitors""",Confirmatory,,
2202499,523300529,166544039,Active,P04626,IC50,,0.3542,"ErbB Enzyme Assay from US Patent US12447153: ""HER2 mutation inhibitors""",Confirmatory,,
2202499,523300530,166543817,Active,P04626,IC50,,0.184,"ErbB Enzyme Assay from US Patent US12447153: ""HER2 mutation inhibitors""",Confirmatory,,
2202499,523300531,166543992,Active,P04626,IC50,,0.3381,"ErbB Enzyme Assay from US Patent US12447153: ""HER2 mutation inhibitors""",Confirmatory,,
2202499,523300532,166544219,Active,P04626,IC50,,0.0464,"ErbB Enzyme Assay from US Patent US12447153: ""HER2 mutation inhibitors""",Confirmatory,,
2202499,523300533,166544258,Active,P04626,IC50,,0.0831,"ErbB Enzyme Assay from US Patent US12447153: ""HER2 mutation inhibitors""",Confirmatory,,
2202499,523300534,166544275,Active,P04626,IC50,,0.0348,"ErbB Enzyme Assay from US Patent US12447153: ""HER2 mutation inhibitors""",Confirmatory,,
2202499,523300535,166543791,Active,P04626,IC50,,0.0715,"ErbB Enzyme Assay from US Patent US12447153: ""HER2 mutation inhibitors""",Confirmatory,,
2202499,523300536,167268355,Active,P04626,IC50,,0.1084,"ErbB Enzyme Assay from US Patent US12447153: ""HER2 mutation inhibitors""",Confirmatory,,
2202499,523300537,166543748,Active,P04626,IC50,,0.0118,"ErbB Enzyme Assay from US Patent US12447153: ""HER2 mutation inhibitors""",Confirmatory,,
2202499,523300538,166543865,Active,P04626,IC50,,0.0279,"ErbB Enzyme Assay from US Patent US12447153: ""HER2 mutation inhibitors""",Confirmatory,,
2202499,523300539,166544199,Active,P04626,IC50,,0.4939,"ErbB Enzyme Assay from US Patent US12447153: ""HER2 mutation inhibitors""",Confirmatory,,
2202499,523300540,166544017,Active,P04626,IC50,,0.1705,"ErbB Enzyme Assay from US Patent US12447153: ""HER2 mutation inhibitors""",Confirmatory,,
2202499,523300541,167268353,Active,P04626,IC50,,0.162,"ErbB Enzyme Assay from US Patent US12447153: ""HER2 mutation inhibitors""",Confirmatory,,
2202499,523300542,167268352,Active,P04626,IC50,,0.0926,"ErbB Enzyme Assay from US Patent US12447153: ""HER2 mutation inhibitors""",Confirmatory,,
2202499,523300543,167346234,Active,P04626,IC50,,0.7953,"ErbB Enzyme Assay from US Patent US12447153: ""HER2 mutation inhibitors""",Confirmatory,,
2202499,523300544,167346230,Active,P04626,IC50,,0.0572,"ErbB Enzyme Assay from US Patent US12447153: ""HER2 mutation inhibitors""",Confirmatory,,
2202499,523300545,167346210,Active,P04626,IC50,,0.0542,"ErbB Enzyme Assay from US Patent US12447153: ""HER2 mutation inhibitors""",Confirmatory,,
2202499,523300546,167346205,Inactive,P04626,IC50,,10,"ErbB Enzyme Assay from US Patent US12447153: ""HER2 mutation inhibitors""",Confirmatory,,
2202499,523300547,166544077,Active,P04626,IC50,,0.0204,"ErbB Enzyme Assay from US Patent US12447153: ""HER2 mutation inhibitors""",Confirmatory,,
2202499,523300548,166544184,Active,P04626,IC50,,0.0415,"ErbB Enzyme Assay from US Patent US12447153: ""HER2 mutation inhibitors""",Confirmatory,,
2202499,523300549,166543895,Active,P04626,IC50,,0.0134,"ErbB Enzyme Assay from US Patent US12447153: ""HER2 mutation inhibitors""",Confirmatory,,
2202499,523300550,166544218,Active,P04626,IC50,,0.0189,"ErbB Enzyme Assay from US Patent US12447153: ""HER2 mutation inhibitors""",Confirmatory,,
2202499,523300551,167269855,Active,P04626,IC50,,0.148,"ErbB Enzyme Assay from US Patent US12447153: ""HER2 mutation inhibitors""",Confirmatory,,
2202499,523300552,166543863,Active,P04626,IC50,,0.0878,"ErbB Enzyme Assay from US Patent US12447153: ""HER2 mutation inhibitors""",Confirmatory,,
2202499,523300553,166543951,Active,P04626,IC50,,0.0172,"ErbB Enzyme Assay from US Patent US12447153: ""HER2 mutation inhibitors""",Confirmatory,,
2202499,523300554,166544112,Active,P04626,IC50,,0.1783,"ErbB Enzyme Assay from US Patent US12447153: ""HER2 mutation inhibitors""",Confirmatory,,
2202499,523300555,166544381,Active,P04626,IC50,,0.0458,"ErbB Enzyme Assay from US Patent US12447153: ""HER2 mutation inhibitors""",Confirmatory,,
2202499,523300556,167346199,Active,P04626,IC50,,0.1558,"ErbB Enzyme Assay from US Patent US12447153: ""HER2 mutation inhibitors""",Confirmatory,,
2202499,523300557,167269226,Active,P04626,IC50,,0.0936,"ErbB Enzyme Assay from US Patent US12447153: ""HER2 mutation inhibitors""",Confirmatory,,
2202499,523300558,166544301,Active,P04626,IC50,,0.021,"ErbB Enzyme Assay from US Patent US12447153: ""HER2 mutation inhibitors""",Confirmatory,,
2202499,523300559,166544207,Active,P04626,IC50,,0.0519,"ErbB Enzyme Assay from US Patent US12447153: ""HER2 mutation inhibitors""",Confirmatory,,
2202499,523300560,166543897,Active,P04626,IC50,,0.1241,"ErbB Enzyme Assay from US Patent US12447153: ""HER2 mutation inhibitors""",Confirmatory,,
2202499,523300561,166544127,Active,P04626,IC50,,0.0763,"ErbB Enzyme Assay from US Patent US12447153: ""HER2 mutation inhibitors""",Confirmatory,,
2202499,523300562,166543993,Active,P04626,IC50,,0.0347,"ErbB Enzyme Assay from US Patent US12447153: ""HER2 mutation inhibitors""",Confirmatory,,
2202499,523300563,167346223,Active,P04626,IC50,,0.0869,"ErbB Enzyme Assay from US Patent US12447153: ""HER2 mutation inhibitors""",Confirmatory,,
2202499,523300564,166543801,Active,P04626,IC50,,0.01,"ErbB Enzyme Assay from US Patent US12447153: ""HER2 mutation inhibitors""",Confirmatory,,
2202499,523300565,166544306,Active,P04626,IC50,,0.0237,"ErbB Enzyme Assay from US Patent US12447153: ""HER2 mutation inhibitors""",Confirmatory,,
2202499,523300566,167269227,Active,P04626,IC50,,0.0546,"ErbB Enzyme Assay from US Patent US12447153: ""HER2 mutation inhibitors""",Confirmatory,,
2202499,523300567,166543786,Active,P04626,IC50,,0.1449,"ErbB Enzyme Assay from US Patent US12447153: ""HER2 mutation inhibitors""",Confirmatory,,
2202499,523300568,166544001,Active,P04626,IC50,,0.0504,"ErbB Enzyme Assay from US Patent US12447153: ""HER2 mutation inhibitors""",Confirmatory,,
2202499,523300569,166544375,Active,P04626,IC50,,0.0104,"ErbB Enzyme Assay from US Patent US12447153: ""HER2 mutation inhibitors""",Confirmatory,,
2202499,523300570,166543769,Active,P04626,IC50,,0.0129,"ErbB Enzyme Assay from US Patent US12447153: ""HER2 mutation inhibitors""",Confirmatory,,
2202499,523300571,167346224,Active,P04626,IC50,,0.0282,"ErbB Enzyme Assay from US Patent US12447153: ""HER2 mutation inhibitors""",Confirmatory,,
2202499,523300572,166544369,Active,P04626,IC50,,0.0249,"ErbB Enzyme Assay from US Patent US12447153: ""HER2 mutation inhibitors""",Confirmatory,,
2202499,523300573,166544406,Active,P04626,IC50,,0.0658,"ErbB Enzyme Assay from US Patent US12447153: ""HER2 mutation inhibitors""",Confirmatory,,
2202499,523300574,166543787,Active,P04626,IC50,,0.0148,"ErbB Enzyme Assay from US Patent US12447153: ""HER2 mutation inhibitors""",Confirmatory,,
2202499,523300575,167269186,Active,P04626,IC50,,0.0124,"ErbB Enzyme Assay from US Patent US12447153: ""HER2 mutation inhibitors""",Confirmatory,,
2202499,523300576,167269825,Active,P04626,IC50,,0.011,"ErbB Enzyme Assay from US Patent US12447153: ""HER2 mutation inhibitors""",Confirmatory,,
2202499,523300577,167346194,Active,P04626,IC50,,0.0224,"ErbB Enzyme Assay from US Patent US12447153: ""HER2 mutation inhibitors""",Confirmatory,,
2202499,523300578,167269824,Active,P04626,IC50,,0.0536,"ErbB Enzyme Assay from US Patent US12447153: ""HER2 mutation inhibitors""",Confirmatory,,
2202499,523300579,166544174,Active,P04626,IC50,,0.0149,"ErbB Enzyme Assay from US Patent US12447153: ""HER2 mutation inhibitors""",Confirmatory,,
2202499,523300580,166544203,Active,P04626,IC50,,0.0755,"ErbB Enzyme Assay from US Patent US12447153: ""HER2 mutation inhibitors""",Confirmatory,,
2202499,523300581,166543816,Active,P04626,IC50,,0.0505,"ErbB Enzyme Assay from US Patent US12447153: ""HER2 mutation inhibitors""",Confirmatory,,
2202499,523300582,167269229,Active,P04626,IC50,,1.1672,"ErbB Enzyme Assay from US Patent US12447153: ""HER2 mutation inhibitors""",Confirmatory,,
2202499,523300583,166543985,Active,P04626,IC50,,0.1532,"ErbB Enzyme Assay from US Patent US12447153: ""HER2 mutation inhibitors""",Confirmatory,,
2202499,523300584,166543788,Active,P04626,IC50,,0.0585,"ErbB Enzyme Assay from US Patent US12447153: ""HER2 mutation inhibitors""",Confirmatory,,
2202499,523300585,167346211,Active,P04626,IC50,,0.0114,"ErbB Enzyme Assay from US Patent US12447153: ""HER2 mutation inhibitors""",Confirmatory,,
2202499,523300586,166544222,Active,P04626,IC50,,0.0365,"ErbB Enzyme Assay from US Patent US12447153: ""HER2 mutation inhibitors""",Confirmatory,,
2202499,523300587,167346239,Active,P04626,IC50,,0.0012,"ErbB Enzyme Assay from US Patent US12447153: ""HER2 mutation inhibitors""",Confirmatory,,
2202499,523300588,167346196,Active,P04626,IC50,,0.0113,"ErbB Enzyme Assay from US Patent US12447153: ""HER2 mutation inhibitors""",Confirmatory,,
2202499,523300589,167346241,Active,P04626,IC50,,0.0948,"ErbB Enzyme Assay from US Patent US12447153: ""HER2 mutation inhibitors""",Confirmatory,,
2202499,523300590,167268338,Active,P04626,IC50,,0.0082,"ErbB Enzyme Assay from US Patent US12447153: ""HER2 mutation inhibitors""",Confirmatory,,
2202499,523300591,167268337,Active,P04626,IC50,,0.02,"ErbB Enzyme Assay from US Patent US12447153: ""HER2 mutation inhibitors""",Confirmatory,,
2202499,523300592,167269869,Active,P04626,IC50,,0.0169,"ErbB Enzyme Assay from US Patent US12447153: ""HER2 mutation inhibitors""",Confirmatory,,
2202499,523300593,167269871,Active,P04626,IC50,,0.1268,"ErbB Enzyme Assay from US Patent US12447153: ""HER2 mutation inhibitors""",Confirmatory,,
2202499,523300594,167269872,Active,P04626,IC50,,0.0592,"ErbB Enzyme Assay from US Patent US12447153: ""HER2 mutation inhibitors""",Confirmatory,,
2202499,523300595,166543737,Active,P04626,IC50,,0.1045,"ErbB Enzyme Assay from US Patent US12447153: ""HER2 mutation inhibitors""",Confirmatory,,
2202499,523300596,166543994,Active,P04626,IC50,,0.0155,"ErbB Enzyme Assay from US Patent US12447153: ""HER2 mutation inhibitors""",Confirmatory,,
2202499,523300597,166543743,Inactive,P04626,IC50,,10,"ErbB Enzyme Assay from US Patent US12447153: ""HER2 mutation inhibitors""",Confirmatory,,
2202499,523300598,166544031,Inactive,P04626,IC50,,10,"ErbB Enzyme Assay from US Patent US12447153: ""HER2 mutation inhibitors""",Confirmatory,,
2202499,523300599,166544192,Active,P04626,IC50,,0.0803,"ErbB Enzyme Assay from US Patent US12447153: ""HER2 mutation inhibitors""",Confirmatory,,
2202499,523300600,166544016,Active,P04626,IC50,,0.0238,"ErbB Enzyme Assay from US Patent US12447153: ""HER2 mutation inhibitors""",Confirmatory,,
2202499,523300601,166543841,Active,P04626,IC50,,0.0797,"ErbB Enzyme Assay from US Patent US12447153: ""HER2 mutation inhibitors""",Confirmatory,,
2202499,523300602,166544141,Active,P04626,IC50,,0.0594,"ErbB Enzyme Assay from US Patent US12447153: ""HER2 mutation inhibitors""",Confirmatory,,
2202499,523300603,166544191,Active,P04626,IC50,,0.1187,"ErbB Enzyme Assay from US Patent US12447153: ""HER2 mutation inhibitors""",Confirmatory,,
2202499,523300604,166543947,Active,P04626,IC50,,0.0231,"ErbB Enzyme Assay from US Patent US12447153: ""HER2 mutation inhibitors""",Confirmatory,,
2202499,523300605,166543945,Active,P04626,IC50,,0.044,"ErbB Enzyme Assay from US Patent US12447153: ""HER2 mutation inhibitors""",Confirmatory,,
2202499,523300606,166544195,Active,P04626,IC50,,0.0473,"ErbB Enzyme Assay from US Patent US12447153: ""HER2 mutation inhibitors""",Confirmatory,,
2202499,523300607,166543888,Active,P04626,IC50,,0.0081,"ErbB Enzyme Assay from US Patent US12447153: ""HER2 mutation inhibitors""",Confirmatory,,
2202499,523300608,166544342,Active,P04626,IC50,,0.0456,"ErbB Enzyme Assay from US Patent US12447153: ""HER2 mutation inhibitors""",Confirmatory,,
2202499,523300609,166543819,Active,P04626,IC50,,0.0046,"ErbB Enzyme Assay from US Patent US12447153: ""HER2 mutation inhibitors""",Confirmatory,,
2202499,523300610,166544180,Active,P04626,IC50,,0.0081,"ErbB Enzyme Assay from US Patent US12447153: ""HER2 mutation inhibitors""",Confirmatory,,
2202499,523300611,167268354,Active,P04626,IC50,,0.0364,"ErbB Enzyme Assay from US Patent US12447153: ""HER2 mutation inhibitors""",Confirmatory,,
2202499,523300612,166543727,Active,P04626,IC50,,0.0508,"ErbB Enzyme Assay from US Patent US12447153: ""HER2 mutation inhibitors""",Confirmatory,,
2202499,523300613,166543998,Active,P04626,IC50,,0.0213,"ErbB Enzyme Assay from US Patent US12447153: ""HER2 mutation inhibitors""",Confirmatory,,
2202499,523300614,167268347,Active,P04626,IC50,,0.0187,"ErbB Enzyme Assay from US Patent US12447153: ""HER2 mutation inhibitors""",Confirmatory,,
2202499,523300615,166543871,Active,P04626,IC50,,0.0128,"ErbB Enzyme Assay from US Patent US12447153: ""HER2 mutation inhibitors""",Confirmatory,,
2202499,523300616,166543826,Active,P04626,IC50,,0.05,"ErbB Enzyme Assay from US Patent US12447153: ""HER2 mutation inhibitors""",Confirmatory,,
2202499,523300617,166543775,Active,P04626,IC50,,0.1028,"ErbB Enzyme Assay from US Patent US12447153: ""HER2 mutation inhibitors""",Confirmatory,,
2202499,523300618,166543904,Active,P04626,IC50,,0.2387,"ErbB Enzyme Assay from US Patent US12447153: ""HER2 mutation inhibitors""",Confirmatory,,
2202499,523300619,166543870,Active,P04626,IC50,,0.0047,"ErbB Enzyme Assay from US Patent US12447153: ""HER2 mutation inhibitors""",Confirmatory,,
2202499,523300620,166544304,Active,P04626,IC50,,0.0109,"ErbB Enzyme Assay from US Patent US12447153: ""HER2 mutation inhibitors""",Confirmatory,,
2202499,523300621,166543775,Active,P04626,IC50,,0.1548,"ErbB Enzyme Assay from US Patent US12447153: ""HER2 mutation inhibitors""",Confirmatory,,
2202499,523300622,166544398,Active,P04626,IC50,,0.0556,"ErbB Enzyme Assay from US Patent US12447153: ""HER2 mutation inhibitors""",Confirmatory,,
2202499,523300623,166543719,Active,P04626,IC50,,0.1642,"ErbB Enzyme Assay from US Patent US12447153: ""HER2 mutation inhibitors""",Confirmatory,,
2202499,523300624,166544193,Active,P04626,IC50,,0.2032,"ErbB Enzyme Assay from US Patent US12447153: ""HER2 mutation inhibitors""",Confirmatory,,
2202499,523300625,166544058,Active,P04626,IC50,,0.013,"ErbB Enzyme Assay from US Patent US12447153: ""HER2 mutation inhibitors""",Confirmatory,,
2202499,523300626,166544094,Active,P04626,IC50,,0.007,"ErbB Enzyme Assay from US Patent US12447153: ""HER2 mutation inhibitors""",Confirmatory,,
2202499,523300627,166543696,Active,P04626,IC50,,0.0141,"ErbB Enzyme Assay from US Patent US12447153: ""HER2 mutation inhibitors""",Confirmatory,,
2202499,523300628,166543856,Active,P04626,IC50,,0.0195,"ErbB Enzyme Assay from US Patent US12447153: ""HER2 mutation inhibitors""",Confirmatory,,
2202499,523300629,166544393,Active,P04626,IC50,,0.1126,"ErbB Enzyme Assay from US Patent US12447153: ""HER2 mutation inhibitors""",Confirmatory,,
2202499,523300630,167346209,Active,P04626,IC50,,0.1324,"ErbB Enzyme Assay from US Patent US12447153: ""HER2 mutation inhibitors""",Confirmatory,,
2202499,523300631,167346186,Active,P04626,IC50,,0.0446,"ErbB Enzyme Assay from US Patent US12447153: ""HER2 mutation inhibitors""",Confirmatory,,
2202499,523300632,166544254,Active,P04626,IC50,,0.0077,"ErbB Enzyme Assay from US Patent US12447153: ""HER2 mutation inhibitors""",Confirmatory,,
2202499,523300633,166544084,Active,P04626,IC50,,0.0094,"ErbB Enzyme Assay from US Patent US12447153: ""HER2 mutation inhibitors""",Confirmatory,,
2202499,523300634,166544156,Active,P04626,IC50,,0.0143,"ErbB Enzyme Assay from US Patent US12447153: ""HER2 mutation inhibitors""",Confirmatory,,
2202499,523300635,166544152,Active,P04626,IC50,,0.038,"ErbB Enzyme Assay from US Patent US12447153: ""HER2 mutation inhibitors""",Confirmatory,,
2202499,523300636,167268313,Active,P04626,IC50,,0.0121,"ErbB Enzyme Assay from US Patent US12447153: ""HER2 mutation inhibitors""",Confirmatory,,
2202499,523300637,166544338,Active,P04626,IC50,,0.0293,"ErbB Enzyme Assay from US Patent US12447153: ""HER2 mutation inhibitors""",Confirmatory,,
2202499,523300638,166544282,Active,P04626,IC50,,0.0694,"ErbB Enzyme Assay from US Patent US12447153: ""HER2 mutation inhibitors""",Confirmatory,,
2202499,523300639,166544082,Active,P04626,IC50,,0.0664,"ErbB Enzyme Assay from US Patent US12447153: ""HER2 mutation inhibitors""",Confirmatory,,
2202499,523300640,166544048,Active,P04626,IC50,,0.0254,"ErbB Enzyme Assay from US Patent US12447153: ""HER2 mutation inhibitors""",Confirmatory,,
2202499,523300641,166544159,Active,P04626,IC50,,0.4743,"ErbB Enzyme Assay from US Patent US12447153: ""HER2 mutation inhibitors""",Confirmatory,,
2202499,523300642,166543853,Active,P04626,IC50,,0.0316,"ErbB Enzyme Assay from US Patent US12447153: ""HER2 mutation inhibitors""",Confirmatory,,
2202499,523300643,167346237,Active,P04626,IC50,,0.1585,"ErbB Enzyme Assay from US Patent US12447153: ""HER2 mutation inhibitors""",Confirmatory,,
2202499,523300644,166544298,Active,P04626,IC50,,0.2344,"ErbB Enzyme Assay from US Patent US12447153: ""HER2 mutation inhibitors""",Confirmatory,,
2202499,523300645,166543840,Active,P04626,IC50,,0.1216,"ErbB Enzyme Assay from US Patent US12447153: ""HER2 mutation inhibitors""",Confirmatory,,
2202499,523300646,166544111,Active,P04626,IC50,,0.01,"ErbB Enzyme Assay from US Patent US12447153: ""HER2 mutation inhibitors""",Confirmatory,,
2202499,523300647,166544234,Active,P04626,IC50,,0.0472,"ErbB Enzyme Assay from US Patent US12447153: ""HER2 mutation inhibitors""",Confirmatory,,
2202499,523300648,167346216,Active,P04626,IC50,,0.0088,"ErbB Enzyme Assay from US Patent US12447153: ""HER2 mutation inhibitors""",Confirmatory,,
2202499,523300649,166544097,Active,P04626,IC50,,0.0336,"ErbB Enzyme Assay from US Patent US12447153: ""HER2 mutation inhibitors""",Confirmatory,,
2202499,523300650,167269172,Active,P04626,IC50,,0.0097,"ErbB Enzyme Assay from US Patent US12447153: ""HER2 mutation inhibitors""",Confirmatory,,
2202499,523300651,166544012,Active,P04626,IC50,,0.0018,"ErbB Enzyme Assay from US Patent US12447153: ""HER2 mutation inhibitors""",Confirmatory,,
2202499,523300652,166543774,Active,P04626,IC50,,0.1269,"ErbB Enzyme Assay from US Patent US12447153: ""HER2 mutation inhibitors""",Confirmatory,,
2202499,523300653,166543984,Active,P04626,IC50,,0.0176,"ErbB Enzyme Assay from US Patent US12447153: ""HER2 mutation inhibitors""",Confirmatory,,
2202499,523300654,166544315,Active,P04626,IC50,,0.0073,"ErbB Enzyme Assay from US Patent US12447153: ""HER2 mutation inhibitors""",Confirmatory,,
2202499,523300655,166543735,Active,P04626,IC50,,2.3275,"ErbB Enzyme Assay from US Patent US12447153: ""HER2 mutation inhibitors""",Confirmatory,,
2202499,523300656,166544380,Active,P04626,IC50,,0.0761,"ErbB Enzyme Assay from US Patent US12447153: ""HER2 mutation inhibitors""",Confirmatory,,
2202499,523300657,166544251,Active,P04626,IC50,,0.0671,"ErbB Enzyme Assay from US Patent US12447153: ""HER2 mutation inhibitors""",Confirmatory,,
2202499,523300658,166543917,Active,P04626,IC50,,0.056,"ErbB Enzyme Assay from US Patent US12447153: ""HER2 mutation inhibitors""",Confirmatory,,
2202499,523300659,166544052,Active,P04626,IC50,,0.055,"ErbB Enzyme Assay from US Patent US12447153: ""HER2 mutation inhibitors""",Confirmatory,,
2202499,523300660,166544400,Active,P04626,IC50,,0.019,"ErbB Enzyme Assay from US Patent US12447153: ""HER2 mutation inhibitors""",Confirmatory,,
2202499,523300661,167346233,Active,P04626,IC50,,0.0555,"ErbB Enzyme Assay from US Patent US12447153: ""HER2 mutation inhibitors""",Confirmatory,,
2202499,523300662,166544009,Active,P04626,IC50,,0.0165,"ErbB Enzyme Assay from US Patent US12447153: ""HER2 mutation inhibitors""",Confirmatory,,
2202499,523300663,166543831,Active,P04626,IC50,,0.0436,"ErbB Enzyme Assay from US Patent US12447153: ""HER2 mutation inhibitors""",Confirmatory,,
2202499,523300664,166543973,Active,P04626,IC50,,0.0335,"ErbB Enzyme Assay from US Patent US12447153: ""HER2 mutation inhibitors""",Confirmatory,,
2202499,523300665,166544088,Active,P04626,IC50,,0.013,"ErbB Enzyme Assay from US Patent US12447153: ""HER2 mutation inhibitors""",Confirmatory,,
2202499,523300666,166544224,Active,P04626,IC50,,0.054,"ErbB Enzyme Assay from US Patent US12447153: ""HER2 mutation inhibitors""",Confirmatory,,
2202499,523300667,166543965,Active,P04626,IC50,,0.0292,"ErbB Enzyme Assay from US Patent US12447153: ""HER2 mutation inhibitors""",Confirmatory,,
2202499,523300668,166543746,Active,P04626,IC50,,0.0681,"ErbB Enzyme Assay from US Patent US12447153: ""HER2 mutation inhibitors""",Confirmatory,,
2202499,523300669,166543759,Active,P04626,IC50,,0.0289,"ErbB Enzyme Assay from US Patent US12447153: ""HER2 mutation inhibitors""",Confirmatory,,
2202499,523300670,166543966,Active,P04626,IC50,,0.015,"ErbB Enzyme Assay from US Patent US12447153: ""HER2 mutation inhibitors""",Confirmatory,,
2202499,523300671,166544244,Active,P04626,IC50,,0.0125,"ErbB Enzyme Assay from US Patent US12447153: ""HER2 mutation inhibitors""",Confirmatory,,
2202499,523300672,166544285,Active,P04626,IC50,,0.1008,"ErbB Enzyme Assay from US Patent US12447153: ""HER2 mutation inhibitors""",Confirmatory,,
2202499,523300673,166544387,Active,P04626,IC50,,0.0283,"ErbB Enzyme Assay from US Patent US12447153: ""HER2 mutation inhibitors""",Confirmatory,,
2202499,523300674,166543976,Active,P04626,IC50,,0.2199,"ErbB Enzyme Assay from US Patent US12447153: ""HER2 mutation inhibitors""",Confirmatory,,
2202499,523300675,166544237,Active,P04626,IC50,,0.0521,"ErbB Enzyme Assay from US Patent US12447153: ""HER2 mutation inhibitors""",Confirmatory,,
2202499,523300676,166544007,Active,P04626,IC50,,0.0407,"ErbB Enzyme Assay from US Patent US12447153: ""HER2 mutation inhibitors""",Confirmatory,,
2202499,523300677,166544178,Active,P04626,IC50,,0.0204,"ErbB Enzyme Assay from US Patent US12447153: ""HER2 mutation inhibitors""",Confirmatory,,
2202499,523300678,166543899,Active,P04626,IC50,,0.0681,"ErbB Enzyme Assay from US Patent US12447153: ""HER2 mutation inhibitors""",Confirmatory,,
2202499,523300679,167268316,Active,P04626,IC50,,0.0239,"ErbB Enzyme Assay from US Patent US12447153: ""HER2 mutation inhibitors""",Confirmatory,,
2202499,523300680,167268315,Active,P04626,IC50,,0.0098,"ErbB Enzyme Assay from US Patent US12447153: ""HER2 mutation inhibitors""",Confirmatory,,
2202499,523300681,167268318,Active,P04626,IC50,,0.0134,"ErbB Enzyme Assay from US Patent US12447153: ""HER2 mutation inhibitors""",Confirmatory,,
2202499,523300682,166543815,Active,P04626,IC50,,0.0114,"ErbB Enzyme Assay from US Patent US12447153: ""HER2 mutation inhibitors""",Confirmatory,,
2202499,523300683,166543763,Active,P04626,IC50,,0.0875,"ErbB Enzyme Assay from US Patent US12447153: ""HER2 mutation inhibitors""",Confirmatory,,
2202499,523300684,166544163,Active,P04626,IC50,,0.0593,"ErbB Enzyme Assay from US Patent US12447153: ""HER2 mutation inhibitors""",Confirmatory,,
2202499,523300685,166543734,Active,P04626,IC50,,0.0097,"ErbB Enzyme Assay from US Patent US12447153: ""HER2 mutation inhibitors""",Confirmatory,,
2202499,523300686,166543716,Active,P04626,IC50,,0.0154,"ErbB Enzyme Assay from US Patent US12447153: ""HER2 mutation inhibitors""",Confirmatory,,
2202499,523300687,166543891,Active,P04626,IC50,,0.0019,"ErbB Enzyme Assay from US Patent US12447153: ""HER2 mutation inhibitors""",Confirmatory,,
2202499,523300688,166544208,Active,P04626,IC50,,0.016,"ErbB Enzyme Assay from US Patent US12447153: ""HER2 mutation inhibitors""",Confirmatory,,
2202499,523300689,166543715,Active,P04626,IC50,,0.0092,"ErbB Enzyme Assay from US Patent US12447153: ""HER2 mutation inhibitors""",Confirmatory,,
2202499,523300690,166544231,Active,P04626,IC50,,0.0389,"ErbB Enzyme Assay from US Patent US12447153: ""HER2 mutation inhibitors""",Confirmatory,,
2202499,523300691,166544365,Active,P04626,IC50,,0.0613,"ErbB Enzyme Assay from US Patent US12447153: ""HER2 mutation inhibitors""",Confirmatory,,
2202499,523300692,166543766,Active,P04626,IC50,,0.0072,"ErbB Enzyme Assay from US Patent US12447153: ""HER2 mutation inhibitors""",Confirmatory,,
2202499,523300693,166543862,Active,P04626,IC50,,0.0195,"ErbB Enzyme Assay from US Patent US12447153: ""HER2 mutation inhibitors""",Confirmatory,,
2202499,523300694,166544105,Active,P04626,IC50,,0.0087,"ErbB Enzyme Assay from US Patent US12447153: ""HER2 mutation inhibitors""",Confirmatory,,
2202499,523300695,166544245,Active,P04626,IC50,,0.038,"ErbB Enzyme Assay from US Patent US12447153: ""HER2 mutation inhibitors""",Confirmatory,,
2202499,523300696,166544144,Active,P04626,IC50,,0.032,"ErbB Enzyme Assay from US Patent US12447153: ""HER2 mutation inhibitors""",Confirmatory,,
2202499,523300697,166544124,Active,P04626,IC50,,0.0431,"ErbB Enzyme Assay from US Patent US12447153: ""HER2 mutation inhibitors""",Confirmatory,,
2202499,523300698,166544324,Active,P04626,IC50,,0.1201,"ErbB Enzyme Assay from US Patent US12447153: ""HER2 mutation inhibitors""",Confirmatory,,
2202499,523300699,166544392,Active,P04626,IC50,,0.0449,"ErbB Enzyme Assay from US Patent US12447153: ""HER2 mutation inhibitors""",Confirmatory,,
2202499,523300700,166544011,Active,P04626,IC50,,0.206,"ErbB Enzyme Assay from US Patent US12447153: ""HER2 mutation inhibitors""",Confirmatory,,
2202499,523300701,166543827,Active,P04626,IC50,,0.0786,"ErbB Enzyme Assay from US Patent US12447153: ""HER2 mutation inhibitors""",Confirmatory,,
2202499,523300702,167346184,Active,P04626,IC50,,0.0301,"ErbB Enzyme Assay from US Patent US12447153: ""HER2 mutation inhibitors""",Confirmatory,,
2202499,523300703,166543822,Active,P04626,IC50,,0.0098,"ErbB Enzyme Assay from US Patent US12447153: ""HER2 mutation inhibitors""",Confirmatory,,
2202499,523300704,166544135,Active,P04626,IC50,,0.0795,"ErbB Enzyme Assay from US Patent US12447153: ""HER2 mutation inhibitors""",Confirmatory,,
2202499,523300705,167268360,Active,P04626,IC50,,0.2147,"ErbB Enzyme Assay from US Patent US12447153: ""HER2 mutation inhibitors""",Confirmatory,,
2202499,523300706,166544196,Active,P04626,IC50,,0.1192,"ErbB Enzyme Assay from US Patent US12447153: ""HER2 mutation inhibitors""",Confirmatory,,
2202499,523300707,167269387,Active,P04626,IC50,,0.0423,"ErbB Enzyme Assay from US Patent US12447153: ""HER2 mutation inhibitors""",Confirmatory,,
2202499,523300708,166544323,Active,P04626,IC50,,0.2887,"ErbB Enzyme Assay from US Patent US12447153: ""HER2 mutation inhibitors""",Confirmatory,,
2202499,523300709,167269384,Active,P04626,IC50,,0.2173,"ErbB Enzyme Assay from US Patent US12447153: ""HER2 mutation inhibitors""",Confirmatory,,
2202499,523300710,166544153,Active,P04626,IC50,,0.1571,"ErbB Enzyme Assay from US Patent US12447153: ""HER2 mutation inhibitors""",Confirmatory,,
2202499,523300711,167269399,Active,P04626,IC50,,0.1253,"ErbB Enzyme Assay from US Patent US12447153: ""HER2 mutation inhibitors""",Confirmatory,,
2202499,523300712,166544176,Active,P04626,IC50,,0.4049,"ErbB Enzyme Assay from US Patent US12447153: ""HER2 mutation inhibitors""",Confirmatory,,
2202499,523300713,166544293,Active,P04626,IC50,,0.2116,"ErbB Enzyme Assay from US Patent US12447153: ""HER2 mutation inhibitors""",Confirmatory,,
2202499,523300714,166544021,Active,P04626,IC50,,0.1834,"ErbB Enzyme Assay from US Patent US12447153: ""HER2 mutation inhibitors""",Confirmatory,,
2202499,523300715,166543937,Active,P04626,IC50,,0.1043,"ErbB Enzyme Assay from US Patent US12447153: ""HER2 mutation inhibitors""",Confirmatory,,
2202499,523300716,166543804,Active,P04626,IC50,,0.0624,"ErbB Enzyme Assay from US Patent US12447153: ""HER2 mutation inhibitors""",Confirmatory,,
2202499,523300717,166544149,Active,P04626,IC50,,0.0284,"ErbB Enzyme Assay from US Patent US12447153: ""HER2 mutation inhibitors""",Confirmatory,,
2202499,523300718,166543842,Active,P04626,IC50,,0.3075,"ErbB Enzyme Assay from US Patent US12447153: ""HER2 mutation inhibitors""",Confirmatory,,
2202499,523300719,166543933,Active,P04626,IC50,,0.0449,"ErbB Enzyme Assay from US Patent US12447153: ""HER2 mutation inhibitors""",Confirmatory,,
2202499,523300720,166543975,Active,P04626,IC50,,0.037,"ErbB Enzyme Assay from US Patent US12447153: ""HER2 mutation inhibitors""",Confirmatory,,
2202499,523300721,166544019,Active,P04626,IC50,,0.1014,"ErbB Enzyme Assay from US Patent US12447153: ""HER2 mutation inhibitors""",Confirmatory,,
2202499,523300722,166544133,Active,P04626,IC50,,0.0208,"ErbB Enzyme Assay from US Patent US12447153: ""HER2 mutation inhibitors""",Confirmatory,,
2202499,523300723,166543830,Active,P04626,IC50,,0.3145,"ErbB Enzyme Assay from US Patent US12447153: ""HER2 mutation inhibitors""",Confirmatory,,
2202499,523300724,166544143,Active,P04626,IC50,,0.0363,"ErbB Enzyme Assay from US Patent US12447153: ""HER2 mutation inhibitors""",Confirmatory,,
2202499,523300725,166544223,Active,P04626,IC50,,0.1483,"ErbB Enzyme Assay from US Patent US12447153: ""HER2 mutation inhibitors""",Confirmatory,,
2202499,523300726,166543986,Active,P04626,IC50,,0.3517,"ErbB Enzyme Assay from US Patent US12447153: ""HER2 mutation inhibitors""",Confirmatory,,
2202499,523300727,166544283,Active,P04626,IC50,,0.1475,"ErbB Enzyme Assay from US Patent US12447153: ""HER2 mutation inhibitors""",Confirmatory,,
2202499,523300728,166544267,Active,P04626,IC50,,0.1894,"ErbB Enzyme Assay from US Patent US12447153: ""HER2 mutation inhibitors""",Confirmatory,,
2202499,523300729,166544309,Active,P04626,IC50,,0.0311,"ErbB Enzyme Assay from US Patent US12447153: ""HER2 mutation inhibitors""",Confirmatory,,
2202499,523300730,166544313,Active,P04626,IC50,,0.4637,"ErbB Enzyme Assay from US Patent US12447153: ""HER2 mutation inhibitors""",Confirmatory,,
2202499,523300731,166543709,Active,P04626,IC50,,0.0906,"ErbB Enzyme Assay from US Patent US12447153: ""HER2 mutation inhibitors""",Confirmatory,,
2202499,523300732,166543785,Active,P04626,IC50,,0.012,"ErbB Enzyme Assay from US Patent US12447153: ""HER2 mutation inhibitors""",Confirmatory,,
2202499,523300733,166543964,Active,P04626,IC50,,0.0047,"ErbB Enzyme Assay from US Patent US12447153: ""HER2 mutation inhibitors""",Confirmatory,,
2202499,523300734,166543720,Active,P04626,IC50,,2.5573,"ErbB Enzyme Assay from US Patent US12447153: ""HER2 mutation inhibitors""",Confirmatory,,
2202499,523300735,167346191,Active,P04626,IC50,,0.0292,"ErbB Enzyme Assay from US Patent US12447153: ""HER2 mutation inhibitors""",Confirmatory,,
2202499,523300736,166543893,Active,P04626,IC50,,0.3698,"ErbB Enzyme Assay from US Patent US12447153: ""HER2 mutation inhibitors""",Confirmatory,,
2202499,523300737,167346204,Active,P04626,IC50,,0.0919,"ErbB Enzyme Assay from US Patent US12447153: ""HER2 mutation inhibitors""",Confirmatory,,
2202499,523300738,166543882,Active,P04626,IC50,,0.0673,"ErbB Enzyme Assay from US Patent US12447153: ""HER2 mutation inhibitors""",Confirmatory,,
2202499,523300739,167346228,Active,P04626,IC50,,0.1065,"ErbB Enzyme Assay from US Patent US12447153: ""HER2 mutation inhibitors""",Confirmatory,,
2202499,523300740,167268364,Active,P04626,IC50,,0.4523,"ErbB Enzyme Assay from US Patent US12447153: ""HER2 mutation inhibitors""",Confirmatory,,
2202499,523300741,166543764,Active,P04626,IC50,,0.1468,"ErbB Enzyme Assay from US Patent US12447153: ""HER2 mutation inhibitors""",Confirmatory,,
2202499,523300742,166543932,Active,P04626,IC50,,0.0356,"ErbB Enzyme Assay from US Patent US12447153: ""HER2 mutation inhibitors""",Confirmatory,,
2202499,523300743,166544095,Active,P04626,IC50,,0.0041,"ErbB Enzyme Assay from US Patent US12447153: ""HER2 mutation inhibitors""",Confirmatory,,
2202499,523300744,167346185,Active,P04626,IC50,,0.7109,"ErbB Enzyme Assay from US Patent US12447153: ""HER2 mutation inhibitors""",Confirmatory,,
2202569,522826866,171038146,Active,P04626,IC50,<,0.2,"HER2 Biochemistry Assay from US Patent US20250345339: ""DOSES AND REGIMENS OF HER2 INHIBITORS""",Confirmatory,,
2202569,522826874,170967142,Active,P04626,IC50,<,0.2,"HER2 Biochemistry Assay from US Patent US20250345339: ""DOSES AND REGIMENS OF HER2 INHIBITORS""",Confirmatory,,
2202569,522826876,170966862,Active,P04626,IC50,<,0.2,"HER2 Biochemistry Assay from US Patent US20250345339: ""DOSES AND REGIMENS OF HER2 INHIBITORS""",Confirmatory,,
2202569,522826885,170967296,Active,P04626,IC50,<,0.2,"HER2 Biochemistry Assay from US Patent US20250345339: ""DOSES AND REGIMENS OF HER2 INHIBITORS""",Confirmatory,,
2202569,522826885,170967296,Active,P04626,Ki,,0.016,"HER2 Biochemistry Assay from US Patent US20250345339: ""DOSES AND REGIMENS OF HER2 INHIBITORS""",Confirmatory,,
2202569,522826895,170966901,Active,P04626,IC50,<,0.2,"HER2 Biochemistry Assay from US Patent US20250345339: ""DOSES AND REGIMENS OF HER2 INHIBITORS""",Confirmatory,,
2202569,522826898,170966937,Active,P04626,IC50,<,0.2,"HER2 Biochemistry Assay from US Patent US20250345339: ""DOSES AND REGIMENS OF HER2 INHIBITORS""",Confirmatory,,
2202569,522826907,170967188,Active,P04626,IC50,<,0.2,"HER2 Biochemistry Assay from US Patent US20250345339: ""DOSES AND REGIMENS OF HER2 INHIBITORS""",Confirmatory,,
2202569,523968190,170967053,Active,P04626,IC50,<,0.2,"HER2 Biochemistry Assay from US Patent US20250345339: ""DOSES AND REGIMENS OF HER2 INHIBITORS""",Confirmatory,,
2202569,523968196,178185076,Active,P04626,IC50,,0.35,"HER2 Biochemistry Assay from US Patent US20250345339: ""DOSES AND REGIMENS OF HER2 INHIBITORS""",Confirmatory,,
2202569,523968196,178185076,Active,P04626,IC50,<,0.2,"HER2 Biochemistry Assay from US Patent US20250345339: ""DOSES AND REGIMENS OF HER2 INHIBITORS""",Confirmatory,,
2202569,523968198,160283094,Active,P04626,Ki,,0.094,"HER2 Biochemistry Assay from US Patent US20250345339: ""DOSES AND REGIMENS OF HER2 INHIBITORS""",Confirmatory,,
2202569,523968199,178185078,Active,P04626,Ki,,0.018,"HER2 Biochemistry Assay from US Patent US20250345339: ""DOSES AND REGIMENS OF HER2 INHIBITORS""",Confirmatory,,
