cid,canonical_smiles,activity_value_um,pactivity,outcome,active,n_assays
1400,CC1=CC=C(C=C1)C2=NN(C3=NC=NC(=C23)N)C(C)(C)C,,,Active,1,1
2051,COC1=C(C=C2C(=C1)C(=NC=N2)NC3=CC(=CC=C3)Cl)OC,0.04645,7.33301428167034,Active,1,1
3501,CN1C2=CC=CC=C2C3=C4C(=C5C6=CC=CC=C6N(C5=C31)CCC#N)CNC4=O,,,Active,1,1
3536,C1=CC=NC(=C1)NS(=O)(=O)C2=CC=C(C=C2)N=CC3=C(NC4=C3C5=C(C=C4)N=CS5)O,,,Inactive,0,1
3541,C1=CC2=C(C=CN=C2)C(=C1)S(=O)(=O)NCCNCC=CC3=CC=C(C=C3)Br,,,Inactive,0,1
3547,C1CNCCN(C1)S(=O)(=O)C2=CC=CC3=C2C=CN=C3,,,Inactive,0,1
3820,C1C2=C(C3=CC=CC=C3NC1=O)NC4=C2C=C(C=C4)Br,,,Inactive,0,1
5164,C1CNCCC1N2C=NC(=C2C3=NC(=NC=C3)N)C4=CC=C(C=C4)F,,,Inactive,0,1
5166,COC1=NC=CC(=N1)C2=C(N=CN2C3CCC(CC3)O)C4=CC=C(C=C4)F,,,Inactive,0,1
5291,CC1=C(C=C(C=C1)NC(=O)C2=CC=C(C=C2)CN3CCN(CC3)C)NC4=NC=CC(=N4)C5=CN=CC=C5,,,Inactive,0,1
5711,CC(C1CCC(CC1)C(=O)NC2=CC=NC=C2)N,,,Inactive,0,1
123015,CC1=CC(=C(N1)C=C2C3=CC=CC=C3NC2=O)C,,,Inactive,0,1
123631,COC1=C(C=C2C(=C1)N=CN=C2NC3=CC(=C(C=C3)F)Cl)OCCCN4CCOCC4,3.5,5.455931955649724,Active,1,3
151194,C1=CC=C2C(=C1)C(=NN=C2NC3=CC=C(C=C3)Cl)CC4=CC=NC=C4,,,Inactive,0,1
156414,C=CC(=O)NC1=C(C=C2C(=C1)C(=NC=N2)NC3=CC(=C(C=C3)F)Cl)OCCCN4CCOCC4,0.087,7.060480747381382,Active,1,2
156422,CC1=CC=C(C=C1)N2C(=CC(=N2)C(C)(C)C)NC(=O)NC3=CC=C(C4=CC=CC=C43)OCCN5CCOCC5,,,Inactive,0,1
176155,CS(=O)C1=CC=C(C=C1)C2=NC(=C(N2)C3=CC=NC=C3)C4=CC=C(C=C4)F,,,Inactive,0,1
176870,COCCOC1=C(C=C2C(=C1)C(=NC=N2)NC3=CC=CC(=C3)C#C)OCCOC,,,Active,1,1
201327,C1=CC=C2C(=C1)C(=O)NC3=CC=CC=C3N2,,,Inactive,0,1
206042,CC1=C(NC(=C1CCC(=O)O)C)C=C2C3=CC=CC=C3NC2=O,,,Inactive,0,1
208908,CS(=O)(=O)CCNCC1=CC=C(O1)C2=CC3=C(C=C2)N=CN=C3NC4=CC(=C(C=C4)OCC5=CC(=CC=C5)F)Cl,0.007,8.154901959985743,Active,1,5
216239,CNC(=O)C1=NC=CC(=C1)OC2=CC=C(C=C2)NC(=O)NC3=CC(=C(C=C3)Cl)C(F)(F)F,,,Inactive,0,1
233113,COC1=C(C=CC(=C1)C=C2C(=O)NC(=O)S2)O,,,Inactive,0,1
324081,C1=CC=C(C=C1)NC2=NC=NC3=CC=CC=C32,,,Active,1,1
404051,C1=CC=C(C=C1)C2=CN3C=NC(=CC3=N2)N,,,Inactive,0,1
447873,CCCN1C(=NC(=C1C2=NC(=NC=C2)NC3CCCCC3)C4=CC(=C(C=C4)Cl)Cl)C5CCNCC5,,,Inactive,0,1
448014,COC1=CC=C(C=C1)CNC(=O)NC2=NC=C(S2)[N+](=O)[O-],,,Inactive,0,1
613127,C1C(CC(=O)C2=C1NC3=C(C2=O)C=CC(=C3)Cl)C4=C(C=C(C=C4)Cl)Cl,,,Active,1,1
623415,C1=CC=C(C=C1)C2=NNC3=C2C=C(C=C3)Br,,,Inactive,0,1
667926,C1=CC=C(C=C1)NC2=NC(=NC=C2F)NC3=CC=CC=C3,,,Inactive,0,1
695484,CC1=CC(=NC2=C1C3=C(S2)C(=NC=N3)N)C,,,Inactive,0,1
712193,COC1=CC=CC(=C1)NC2=NC=NC3=CC=CC=C32,,,Inactive,0,1
794531,CC1=C(N(C2=C1C=C(C=C2)C(=O)NC3=NC=NN3)CC4=CC=CC=C4)C,,,Inactive,0,1
921568,C1=CC(=CC=C1CCNC(=O)C2=COC(=O)C(=C2)Br)F,,,Active,1,1
929897,CC1=NC(=CC=C1)NC(=O)C2=COC(=O)C(=C2)Br,,,Active,1,1
929904,COC1=CC=C(C=C1)NC(=O)C2=COC(=O)C(=C2)Br,,,Active,1,1
930325,C1=CC(=CN=C1)CNC(=O)C2=COC(=O)C(=C2)Br,,,Active,1,1
930700,C1=COC(=C1)CNC(=O)C2=COC(=O)C(=C2)Br,,,Active,1,1
935372,C1=CC(=CC=C1NC(=O)C2=COC(=O)C(=C2)Br)F,,,Active,1,1
949725,CC(=O)C1=CC=C(C=C1)NC(=O)C2=COC(=O)C(=C2)Br,,,Active,1,1
1268887,C1=CC2=NC(=O)C(=C2C=C1Br)C3=C(NC(=S)S3)O,,,Inactive,0,1
1417406,C1=CC=C(C(=C1)NC(=O)C2=COC(=O)C(=C2)Br)I,,,Active,1,1
1417940,COC1=CC=C(C=C1)NC(=O)C2=CC=C(C=C2)NC(=O)C3=COC(=O)C(=C3)Br,,,Inactive,0,1
1565171,CCCCCCCCOC1=CC=C(C=C1)NC(=O)C2=COC(=O)C(=C2)Br,,,Active,1,1
1568886,C1CC2=C(C1)SC3=C2C4=NNC(=S)N4C5=NNC(=S)N35,,,Inactive,0,1
1572025,CCCCOC1=CC=CC(=C1)NC(=O)C2=COC(=O)C(=C2)Br,,,Active,1,1
1872661,CC1=C(C=CC(=C1)NC(=O)C2=COC(=O)C(=C2)Br)C(C)C,,,Inactive,0,1
2044508,C1=CSC(=C1)C=NNC(=O)C2=C(N(N=N2)C3=NON=C3N)C4=CC=CS4,,,Inactive,0,1
2727417,C1CC1NC2=NN3C(=NN=C3C4=CC=C(C=C4)C(F)(F)F)C=C2,,,Inactive,0,1
2744272,CC1=C(SC(=N1)COC2=CC=CC=C2Cl)C3=NC(=NC=C3)N,,,Inactive,0,1
2797246,C1=CC=C(C=C1)C(C2=CC=CC=C2)(C(=O)NNC(=S)NC3=CC=C(C=C3)F)O,,,Active,1,1
2797247,CC1=C(C=CC(=C1)Cl)NC(=S)NNC(=O)C(C2=CC=CC=C2)(C3=CC=CC=C3)O,,,Inactive,0,1
2813676,CC1=C2C(C(=C(OC2=NN1)N)C#N)C3=CC=CC=C3Cl,,,Inactive,0,1
2831603,COC1=C(C=CC(=C1)C=C2C(=O)NC(=S)S2)O,,,Inactive,0,1
2858224,COC1=C(C=C(C(=C1)C=C(C#N)C2=NC3=CC=CC=C3N2)Br)O,,,Inactive,0,1
2858522,CC1=CC2=C(C=C1C)N(C(=N2)NCCCO)CC(=O)C3=CC(=C(C(=C3)C(C)(C)C)O)C(C)(C)C.Br,,,Inactive,0,1
2858816,CC1=CC2=C(C=C1)N=C(N2)C(=CC3=CC(=C(C=C3Br)O)OC)C#N,,,Inactive,0,1
2868675,COC1=C(C=CC(=C1)C=C(C#N)C2=C(C(=NN2)N)C#N)O,,,Inactive,0,1
3038522,CC(C)OC1=CC=C(C=C1)NC(=O)N2CCN(CC2)C3=NC=NC4=CC(=C(C=C43)OC)OCCCN5CCCCC5,,,Inactive,0,1
3038525,C1=CC(=C(C(=C1)Cl)C2=C3C=CC(=NN3C=NC2=O)SC4=C(C=C(C=C4)F)F)Cl,,,Inactive,0,1
3062316,CC1=C(C(=CC=C1)Cl)NC(=O)C2=CN=C(S2)NC3=CC(=NC(=N3)C)N4CCN(CC4)CCO,1.4,5.853871964321762,Active,1,2
3081361,CN1CCC(CC1)COC2=C(C=C3C(=C2)N=CN=C3NC4=C(C=C(C=C4)Br)F)OC,2.6,5.585026652029182,Active,1,1
3086685,CNC(=O)C1=CC=CC=C1SC2=CC3=C(C=C2)C(=NN3)C=CC4=CC=CC=N4,,,Inactive,0,1
3086686,CCN(CC)CCNC(=O)C1=C(NC(=C1C)C=C2C3=C(C=CC(=C3)F)NC2=O)C,,,Inactive,0,1
3133620,CC1=NN(C(=C1)C2=CC=CC=C2)C3=NC=NC(=C3)NN=CC4=CC=CO4,,,Active,1,1
3155438,CC(C)(C)C1=C2C(C(=C(OC2=NN1)N)C#N)C3=CC=CC=C3F,,,Inactive,0,1
3392643,C1C2=CC=CC=C2C3=C1C=NN3,,,Inactive,0,1
3449643,CCOC(=O)C1=C2N(C(=C(C1C3=CC=CO3)C#N)N)C(=O)C(=CC4=CC=CO4)S2,,,Inactive,0,1
3453573,CC1=C2C(C3=C(CC(CC3=O)(C)C)NC2=NN1)C4=CC=CC=C4F,,,Inactive,0,1
3662552,CCOC1=CC=CC=C1C=NNC(=O)C2=C(N(N=N2)C3=NON=C3N)N4CCCC4,,,Inactive,0,1
3781338,CC(C)CNC(=O)C1=COC(=O)C(=C1)Br,,,Active,1,1
3945091,CC(C1C2CCC3C1CC(C3)C2)NC(=O)C4=COC(=O)C(=C4)Br,,,Active,1,1
4121107,C1=CC2=NSN=C2C(=C1)NC(=O)NN=CC3=C(C=C(C=C3)O)O,,,Inactive,0,1
4306353,CC1=CC2=NN=C(N2C3=CC=CC=C13)SCC4=CN5C=CC=CC5=N4,,,Inactive,0,1
4982682,C1CCC(=C2CCC3=C(C4=CC=CC=C4N=C23)C(=O)O)C1,,,Inactive,0,1
4988879,COC(=O)C1=CC2=C(C=C1)N=C(S2)NC(=O)C3CC3,,,Inactive,0,1
5005498,C1C2=C(C3=CC=CC=C3NC1=O)NC4=C2C=C(C=C4)[N+](=O)[O-],,,Inactive,0,1
5209964,C1=CC=C(C=C1)COC2=CC=C(C=C2)NC3=NC=NC4=CC=CC=C43,,,Active,1,1
5329880,CC1=CC(=CC=C1)NC(=O)NC2=CC=C(C=C2)C3=C4CNC(=O)C4=CC=C3,,,Inactive,0,1
5329895,CC1=C(C=C(C=C1)NC(=O)NC2=CC=C(C=C2)C3=C4CNC(=O)C4=CC=C3)C,,,Inactive,0,1
5329902,CC1=CC(=CC=C1)NC(=O)NC2=C(C=C(C=C2)C3=C4CNC(=O)C4=CC=C3)C,,,Inactive,0,1
5466794,CN1CCC(C(C1)O)C2=C(C=C(C3=C2OC(=CC3=O)C4=CC=CC=C4Cl)O)O,,,Inactive,0,1
5494449,CC1=CC(=NN1)NC2=CC(=NC(=N2)SC3=CC=C(C=C3)NC(=O)C4CC4)N5CCN(CC5)C,,,Inactive,0,1
6263849,C1=CC=C(C=C1)C2=C(N=NC3=NNC(=C23)N)C4=CC=CC=C4,,,Inactive,0,1
6420138,CC1=C(SC(=N1)N)C2=NC(=NC=C2)NC3=CC=C(C=C3)N4CCOCC4,,,Inactive,0,1
6444692,C1=CC(=CC=C1CCCCN2C=CN=N2)OCC3=COC(=N3)/C=C/C4=CC=C(C=C4)C(F)(F)F,,,Active,1,1
6445562,CCOC1=C(C=C2C(=C1)N=CC(=C2NC3=CC(=C(C=C3)F)Cl)C#N)NC(=O)/C=C/CN(C)C,0.5,6.301029995663981,Active,1,1
6538897,C1C2=C(C3=C(C=CC=N3)NC1=O)NC4=C2C=C(C=C4)Br,,,Inactive,0,1
6539560,CN(C)CCCC(=O)NC1=NNC2=NN=C(C=C21)C3=C(C(=CC=C3)F)F,,,Inactive,0,1
6539952,CN1CCN(CC1)C2CCC(CC2)N3C=C(C4=C(N=CN=C43)N)C5=CC=C(C=C5)OC6=CC=CC=C6,,,Active,1,1
6539985,CC1=CC(=CC=C1)NC(=O)NC2=CC=C(C=C2)C3=CSC4=NC=NC(=C34)N,,,Inactive,0,1
6540003,CC1=CC(=CC(=C1)NC(=O)NC2=CC=C(C=C2)C3=C(SC4=NC=NC(=C34)N)C)C,,,Inactive,0,1
6540027,CC1=CC(=CC=C1)NC(=O)NC2=CC3=C(C=C2)C4=C(CC3)SC5=NC=NC(=C45)N,,,Inactive,0,1
6918508,CN1CCC(CC1)NC2=NC=C3C(=N2)C(=NC=N3)NC4=CC(=C(C=C4)F)Cl,,,Active,1,1
9549184,CC(=O)N1CCN(CC1)C2CCC(CC2)N3C4=NC=NC(=C4C(=N3)C5=CC(=C(C=C5)NC(=O)C6=CC7=CC=CC=C7N6C)OC)N,,,Active,1,1
9811611,C1CCN(C1)CCCCNC(=O)NC2=C(C(=NS2)OCC3=C(C=C(C=C3F)Br)F)C(=O)N,,,Inactive,0,1
9814156,C1CC2=C(C1)NN=C2NC(=O)CC3=CC=C(C=C3)Cl,,,Inactive,0,1
9818231,CC1CCN(CC1N(C)C2=NC=NC3=C2C=CN3)C(=O)CC#N,,,Inactive,0,1
9820195,CC(C1CCC(CC1)C(=O)NC2=C3C=CNC3=NC=C2)N,,,Inactive,0,1
9825149,C1CCN(C1)CC2CC(C2)N3C=C(C4=C(N=CN=C43)N)C5=CC(=CC=C5)OCC6=CC=CC=C6,,,Inactive,0,1
9826308,COC1=C(C=C2C(=C1)N=CN2C3=CC(=C(S3)C(=O)N)OCC4=CC=CC=C4C(F)(F)F)OC,,,Active,1,1
9843206,COC1=C(C=C2C(=C1)C(=NC=N2)NC3=CC=C(C=C3)OCC4=CC=CC=C4)OC,,,Active,1,1
9863367,COC1=NC=CC(=N1)C2=C(N=CN2C3CCNCC3)C4=CC=C(C=C4)F,,,Inactive,0,1
9868229,C1=CC(=CC=C1C2=CSC3=NC=NC(=C23)N)NC(=O)NC4=C(C=CC(=C4)C(F)(F)F)F,,,Inactive,0,1
9874913,CC1=NC=C(C=C1)OC2=C(C=C(C=C2)NC3=NC=NC4=C3C=C(C=C4)/C=C/CNC(=O)COC)C,0.043,7.366531544420414,Active,1,2
9881974,CC(C(C)(C)C)NC1=C(C(=O)C1=O)NC2=CC=NC=C2,,,Inactive,0,1
9885023,CC1CNCCCN1S(=O)(=O)C2=CC=CC3=C2C(=CN=C3)C,,,Inactive,0,1
9891182,COC1=CC(=CC(=C1OC)OC)NC2=NC=C(C(=N2)NC3=CC=CC=C3C(=O)N)[N+](=O)[O-],,,Inactive,0,1
9905711,C1=CC(=C2C(=C1)NC(=N2)C3=CC=NC=C3)C(=O)N,,,Inactive,0,1
9906347,C1=CC(=CC=C1OC2=CN=CC3=C2C=C(S3)C(=O)N)Br,,,Inactive,0,1
9915743,CCOC1=C(C=C2C(=C1)N=CC(=C2NC3=CC(=C(C=C3)OCC4=CC=CC=N4)Cl)C#N)NC(=O)/C=C/CN(C)C,,,Active,1,2
9933475,CC1=CC2=C(N1)C=CC(=C2F)OC3=NC=NC4=CC(=C(C=C43)OC)OCCCN5CCCC5,,,Active,1,1
9934347,CNC(=O)C1=CC=CC=C1NC2=NC(=NC=C2Cl)NC3=C(C=C(C=C3)N4CCOCC4)OC,,,Active,1,1
9946124,C1=CC(=CC=C1OC2=CN=CC3=C2C=C(S3)C4=NN=C(O4)N)Cl,,,Inactive,0,1
9950716,CC1=CC=C(C=C1)NC(=O)NC2=CC=C(C=C2)C3=COC4=NC=NC(=C34)N,,,Inactive,0,1
9952773,CCC1=NC(=C(S1)C2=CC(=NC=C2)NC(=O)C3=CC=CC=C3)C4=CC=CC(=C4)C,,,Inactive,0,1
9956119,CC1=CN=C(N1)C2=CN=C(N=C2C3=C(C=C(C=C3)Cl)Cl)NCCNC4=NC=C(C=C4)C#N,,,Inactive,0,1
9956874,CC1=C(C2=C(N=CN=C2N1C3CCC(CC3)N4CCCC4)N)C5=CC(=CC=C5)OCC6=CC=CC=C6,,,Inactive,0,1
9981692,CC(=O)NCCNC(=O)C1=CC2=C(C=C1)NC3=C(C=CC(=C3)C4=CC(=C(C=C4)O)OC)C(=O)N2,,,Inactive,0,1
10043997,CC1=CC(=CC=C1)NC(=O)NC2=CC=C(C=C2)C3=COC4=NC=NC(=C34)N,,,Inactive,0,1
10067064,CC1=CC(=CC=C1)NC(=O)NC2=CC=C(C=C2)C3=NOC4=NC=NC(=C34)N,,,Inactive,0,1
10073297,C1CCN(C1)C2CCC(CC2)N3C=C(C4=C(N=CN=C43)N)C5=CC(=CC=C5)OCC6=CC=CC=C6,,,Inactive,0,1
10110877,COC1=C(C=C(C=C1)C2=CC3=NC=CN3C(=N2)NC4=CC=CC=C4C(=O)N)OC,,,Inactive,0,1
10184653,CN(C)C/C=C/C(=O)NC1=C(C=C2C(=C1)C(=NC=N2)NC3=CC(=C(C=C3)F)Cl)O[C@H]4CCOC4,,,Active,1,1
10200390,COC1=C(C=C(C=C1)C2=CC3=NC=CN3C(=N2)NC4=C(C=CC=N4)C(=O)N)OC,,,Inactive,0,1
10286133,C1=CC=C(C=C1)CNC(=O)NC2=NC=C(S2)[N+](=O)[O-],,,Inactive,0,1
10296883,CN1CCN(CC1)C2=NC3=CC=CC=C3C(=N2)C4=C(C(=O)NC4=O)C5=CNC6=CC=CC=C65,,,Active,1,1
10297043,CCN1CCN(CC1)CC2=CC=C(C=C2)C3=CC4=C(N3)N=CN=C4N[C@H](C)C5=CC=CC=C5,,,Active,1,1
10317442,COC1=C(C=CC(=C1)C2=CC3=C(C=C2)C(=O)NC4=C(N3)C=CC(=C4)[N+](=O)[O-])O,,,Inactive,0,1
10338500,CC1=CC=CC=C1NC(=O)NC2=CC=C(C=C2)C3=COC4=NC=NC(=C34)N,,,Inactive,0,1
10364560,C1CN(CCC1C2=C(C(=NN2)C3=C(C=C(C=C3)Cl)F)C4=NC=NC=C4)C(=O)CO,,,Inactive,0,1
10389239,C1CNC(=O)C2=C1NC(=C2)C3=CC(=NC=C3)C4=CC5=CC=CC=C5N=C4,,,Inactive,0,1
10391182,CN(C)C1=CC=CC2=C1C=CC=C2S(=O)(=O)N(CCN)C3=CN=CC(=C3)C4=CC5=C(C=C4)C=NC=C5,,,Inactive,0,1
10409523,C1=CC(=CC(=C1)NC(=O)NC2=CC=C(C=C2)C3=NOC4=NC=NC(=C34)N)C(F)(F)F,,,Inactive,0,1
10409707,C1=CC=C(C(=C1)COC2=C(SC(=C2)N3C=NC4=CC=CC=C43)C(=O)N)C(F)(F)F,,,Inactive,0,1
10437018,CC1=C2C(=NC=NN2C=C1NC(=O)OC[C@@H]3COCCN3)NC4=CC5=C(C=C4)N(N=C5)CC6=CC(=CC=C6)F,,,Active,1,1
10458325,CN1C[C@H]2CC(C[C@H]2C1)COC3=C(C=C4C(=C3)N=CN=C4NC5=C(C(=C(C=C5)Cl)Cl)F)OC,,,Active,1,1
11156716,C1=CC(=CC=C1C2=CSC3=C2C(=NC=C3C4=CC=NC=C4)N)NC(=O)NC5=C(C=CC(=C5)C(F)(F)F)F,,,Inactive,0,1
11164136,CC1=CC(=CC=C1)NC(=O)CC2=CC=C(C=C2)C3=C4C(=CC=C3)NN=C4N,,,Inactive,0,1
11189864,CC1=CC(=CC(=C1)NC(=O)NC2=CC(=C(C=C2)C3=C4CNC(=O)C4=CC=C3)C(F)(F)F)C,,,Inactive,0,1
11210054,CCN1C(=C(SC1=O)C2=NC(=NC=C2)NC3=CC(=CC=C3)OC)C,,,Inactive,0,1
11213558,CC1(C(=O)NC2=C(O1)C=CC(=N2)NC3=NC(=NC=C3F)NC4=CC(=C(C(=C4)OC)OC)OC)C,,,Active,1,1
11221493,C1C2=C(C=CC=C2C(=O)N1)C3=CC=C(C=C3)NC4=NC5=CC=CC=C5N4,,,Inactive,0,1
11244819,C1=CC=C(C=C1)NC(=O)NC2=CC=C(C=C2)C3=C4C(=CC=C3)NN=C4N,,,Inactive,0,1
11268820,CC1=C(C=CC(=C1)NC(=O)CC2=CC=C(C=C2)C3=C4C(=CC=C3)NN=C4N)F,,,Inactive,0,1
11292807,C1=CC(=CC(=C1)NC(=O)NC2=CC=C(C=C2)C3=CC4=C(C=C3)C(=NN4)N)C(F)(F)F,,,Inactive,0,1
11293798,C1CCOC2=CC(=C(C=C2NC(=O)NC3=CN=C(C(=N3)OCC1)C#N)Cl)OCCCO,,,Inactive,0,1
11306240,CCN(CC)CC#CC1=CN=C(C2=C1SC=C2C3=CC=C(C=C3)NC(=O)NC4=CC=CC(=C4)C)N,,,Inactive,0,1
11314310,CC1=CC(=CC=C1)NC(=O)NC2=CC=C(C=C2)C3=C4C(=CC=C3)NN=C4N,,,Inactive,0,1
11338239,CC1=CC(=CC(=C1)NC(=O)NC2=CC=C(C=C2)C3=C4C(=CC=C3)SN=C4N)C,,,Inactive,0,1
11349170,COC1=CC=CC(=C1)NC2=NC=NN3C2=C(C=C3)CN4CC[C@H]([C@@H](C4)O)N,,,Active,1,1
11362471,C1CCOC2=C(C=C(C(=C2)CCCO)Cl)NC(=O)NC3=CN=C(C(=N3)OCC1)C#N,,,Inactive,0,1
11397177,CS(=O)(=O)NC1=C(C=C2C(=C1)OCCCCCOC3=NC(=CN=C3C#N)NC(=O)N2)Cl,,,Inactive,0,1
11406590,CN1C2=NC(=NC=C2C=C(C1=O)OC3=C(C=C(C=C3)F)F)NC4CCOCC4,,,Inactive,0,1
11407183,COC1=C(C=C(C=C1)NC(=O)NC2=CC=C(C=C2)C3=C4C(=CC=C3)ON=C4N)Cl,,,Inactive,0,1
11430448,C1CCOC2=CC(=C(C=C2NC(=O)NC3=CN=C(C(=N3)OCC1)C#N)Cl)OCCO,,,Inactive,0,1
11442386,C1CCN(C1)CC2CC(C2)C3=NC(=C4N3C=CN=C4N)C5=CC(=CC=C5)OCC6=CC=CC=C6,,,Inactive,0,1
11442914,CC1=CC(=CC=C1)NC(=O)NC2=CC=C(C=C2)C3=CSC4=C3C(=NC=C4C#CC5=CN=CC=C5)N,,,Inactive,0,1
11463885,CC1=C(C=CC(=C1)NC(=O)NC2=CC=C(C=C2)C3=C4C(=C(C=C3)OC)ON=C4N)F,,,Inactive,0,1
11485656,CC1=CC(=C(C=C1)F)NC(=O)NC2=CC=C(C=C2)C3=C4C(=CC=C3)NN=C4N,,,Inactive,0,1
11488320,CNC(=O)CN1CCC(CC1)OC2=C(C=C3C(=C2)C(=NC=N3)NC4=C(C(=CC=C4)Cl)F)OC,,,Active,1,1
11511120,COC1=C(C=C2C(=C1)N=CN=C2NC3=CC(=C(C=C3)F)Cl)NC(=O)/C=C/CN4CCCCC4,,,Active,1,1
11524200,CC1=CNC2=NC=CC(=C12)OC3=C(C=C(C=C3F)NC4=CC(=NC(=N4)N)Cl)F,,,Active,1,1
11539329,CCOC1=C(C(=CC(=N1)NC(=O)CC2=CC(=C(C=C2OC)S(=O)(=O)C)OC)N)C#N,,,Inactive,0,1
11565683,C1=CC=C(C=C1)CNC2=NC=NC(=C2)C3=CNC4=C3C=CC=N4,,,Inactive,0,1
11566580,CC#CC(=O)NC1=NC=C2C(=C1)C(=NC=N2)NC3=CC(=C(C=C3)F)Cl,,,Active,1,1
11577250,CCC1C(=O)N(C2=CN=C(N=C2N1C3CCCC3)NC4=C(C=C(C=C4)C(=O)NC5CCN(CC5)C)OC)C,,,Inactive,0,1
11588815,CC1=CC(=CC=C1)NC(=O)NC2=CC=C(C=C2)C3=CN=CC4=C3C(=NN4C)N,,,Inactive,0,1
11590363,CCOC1=C(C(=CC(=N1)NC(=O)CC2=CC(=C(C=C2OC)S(=O)(=O)C)OC)N)Cl,,,Inactive,0,1
11597571,CC(C1=C(C=CC(=C1Cl)F)Cl)OC2=C(N=CC(=C2)C3=CN(N=C3)C4CCNCC4)N,,,Inactive,0,1
11624601,CCOC1=C(C(=CC(=N1)NC(=O)CC2=C(C=CC(=C2)OC)OC)N)C#N,,,Inactive,0,1
11640390,CC1(CC(C1)C2=NC(=C3N2C=CN=C3N)C4=CC5=C(C=C4)C=CC(=N5)C6=CC=CC=C6)O,,,Inactive,0,1
11640926,CC(C)OC1=C(C(=CC(=N1)NC(=O)CC2=CC(=C(C=C2OC)S(=O)(=O)C)OC)N)C#N,,,Inactive,0,1
11676233,CN1C2=C(C(=CN=C2)C3=CC=C(C=C3)NC(=O)NC4=CC=CC(=C4)C(F)(F)F)C(=N1)N,,,Inactive,0,1
11710853,CC1=CC(=C(C=C1)F)NC(=O)NC2=CC=C(C=C2)C3=CN=CC4=C3C(=NN4C)N,,,Inactive,0,2
11712649,C1C2=CN=C(N=C2C3=C(C=C(C=C3)Cl)C(=N1)C4=C(C=CC=C4F)F)NC5=CC=C(C=C5)C(=O)O,,,Inactive,0,1
11713159,CN(C1=C(C=CC=N1)CNC2=NC(=NC=C2C(F)(F)F)NC3=CC4=C(C=C3)NC(=O)C4)S(=O)(=O)C,,,Inactive,0,1
11715767,C1CNC(=O)C2=C1NC(=C2)C3=CC=NC=C3,,,Inactive,0,1
11784520,C1CCOC2=CC(=C(C=C2NC(=O)NC3=CN=C(C(=N3)OCC1)C#N)Cl)OCC(CO)O,,,Inactive,0,1
11846124,CCOC1=C(C(=CC(=N1)C(=O)NCC2=CC=C(C=C2)S(=O)(=O)C)N)C#N,,,Inactive,0,1
11846125,CCOC1=C(C(=CC(=N1)C(=O)NCC2=CC=CC=C2S(=O)(=O)N)N)C#N,,,Inactive,0,1
11846126,CCOC1=C(C(=CC(=N1)C(=O)NCC2=CN=CC=C2)N)C#N,,,Inactive,0,1
11856204,COC1=C2C(=C(C=C1)C3=CC=C(C=C3)NC(=O)NC4=CC(=CC=C4)Br)C(=NO2)N,,,Inactive,0,1
11950170,CC(C)NC(=O)COC1=CC=CC(=C1)C2=NC3=CC=CC=C3C(=N2)NC4=CC5=C(C=C4)NN=C5,,,Inactive,0,1
11987888,CC(C)(C)C(=O)OC1=CC2=C(C=C1)N(C(=N2)NC(=O)C3=CC(=CC=C3)[N+](=O)[O-])CCCO,,,Inactive,0,1
11992146,C1CNC(=O)C2=C1NC(=C2)C3=CC(=NC=C3)C4=CC=CC=C4F,,,Inactive,0,1
11993789,C1=CC=C2C(=C1)NC3=NN=C(C=C3C(=O)N2)I,,,Inactive,0,1
13084523,CN(C)C1=C(C=C2C=NSC2=C1)NC(=O)C(=O)O,,,Inactive,0,1
13452859,C1CC2=C(C=CS2)C3=C1C=NN3,,,Inactive,0,1
14983992,C1=CC=C(C=C1)C(C2=CC=CC=C2)(C(=O)NNC(=S)NC3=CC=C(C=C3)Cl)O,,,Inactive,0,1
15314616,COC1=C(C=C2C(=C1)C=NC3=C2C(=O)NC3=O)OC,,,Inactive,0,1
15605335,C1=CC(=CC(=C1)S(=O)(=O)N)NC2=NC=C(C(=N2)NC3=CC=C(C=C3)OCC#N)Br,,,Active,1,1
15745956,C1=CC=C(C=C1)NC2=C3C(=CSC3=NC=N2)Cl,,,Inactive,0,1
15745966,C1=CC(=CC(=C1)O)NC2=C3C(=CSC3=NC=N2)Cl,,,Inactive,0,1
15941246,C1CNC2=NC=NC(=C2N=C1C3=CC=C(C=C3)NC(=O)NC4=CC=CC(=C4)C(F)(F)F)N,,,Inactive,0,1
15941392,C1CNC2=NC=NC(=C2N=C1C3=CC=C(C=C3)NC(=O)NC4=C(C=CC(=C4)C(F)(F)F)F)N,,,Inactive,0,1
15981404,CC1=NC=CN2C1=NC(=C2C3=NC(=NC=C3)NCC(C)(C)CO)C4=CC=C(C=C4)F,,,Inactive,0,1
15986273,C1=CC(=C2C(=C1)NC(=O)C3=CC(=NN=C3N2)Cl)C(=O)N,,,Inactive,0,1
16007116,CCOC1=C(C(=CC(=N1)C(=O)NCC2=CC=C(C=C2)S(=O)(=O)C)N)Cl,,,Inactive,0,1
16007391,CCN(CCCOC1=CC2=C(C=C1)C(=NC=N2)NC3=NNC(=C3)CC(=O)NC4=CC(=CC=C4)F)CCO,4.3,5.366531544420414,Inactive,0,2
16038120,CC(C)S(=O)(=O)C1=CC=CC=C1NC2=NC(=NC=C2Cl)NC3=C(C=C(C=C3)N4CCC(CC4)N5CCN(CC5)C)OC,,,Active,1,1
16043242,CC1=CC(=C(C=C1)F)NC(=O)NC2=CC=C(C=C2)C3=NSC4=NC=NC(=C34)N,,,Inactive,0,1
16050449,CC(C)(CNC1=NC=CC(=N1)C2=C(N=C3N2C=CN=C3CC4CC4)C5=CC=C(C=C5)F)CO,,,Inactive,0,1
16050450,CC1=NC=CN2C1=NC(=C2C3=NC(=NC=C3)NCC(C)(C)CO)C4=C(C=C(C=C4)F)F,,,Inactive,0,1
16050452,CC1=NC=CN2C1=NC(=C2C3=NC(=NC=C3)NCC4(CC4)O)C5=C(C=C(C=C5)F)F,,,Inactive,0,1
16050453,CC1=NC=CN2C1=NC(=C2C3=NC(=NC=C3)NCC(C)(C)O)C4=C(C=C(C=C4)F)F,,,Inactive,0,1
16095342,CCN1C2=CC(=NC=C2N=C1C3=NON=C3N)OC4=CC=CC(=C4)NC(=O)C5=CC=C(C=C5)OCCN6CCOCC6,,,Inactive,0,1
16122934,CC1=CC(=CC=C1)NC(=O)NC2=CC=C(C=C2)NC(=O)C3=CSC4=NC=NC(=C34)N,,,Inactive,0,1
16125042,CC1=CC(=CC=C1)NC(=O)NC2=CC=C(C=C2)C3=C4C=NNC4=CC=C3,,,Active,1,1
16190663,CCOC1=CC=C(C=C1)C2=NC(=C(O2)C)CN3CCCCC3CCN4C=CC=N4,,,Inactive,0,1
16219401,CN1C=C(C2=CC=CC=C21)C=C3C4=C(C=CC=N4)NC3=O,,,Inactive,0,1
16220223,CN1CCN(CC1)CC2=CC3=C(C=C2)C4=C(C3=O)C(=NN4)C5=CSC(=C5)C#CCOCCOC,,,Inactive,0,1
16661285,C1=CC=C(C=C1)C2=CC(=NC(=O)N2)C3=CC4=C(C=C3)NN=C4,,,Inactive,0,1
16727123,C1CC(CCC1CN)CNC2=NC(=NC=C2[N+](=O)[O-])NCC3=CC=CC=C3Cl,,,Inactive,0,1
16730109,CC1=C(C=C(C=C1)C(=O)NC2=NOC=C2)NC3=C4C=NN(C4=NC=N3)C5=CC=CC=C5,,,Inactive,0,1
17163635,C1=CC(=CC=C1C(=O)NC2=CC3=C(C=C2)NN=C3)Cl,,,Inactive,0,1
18450541,C1=CC(=CC(=C1)Cl)NC(=O)NC2=CC=C(C=C2)C3=CSC4=C3C(=NC=C4)N,,,Inactive,0,1
18450667,CC1=CC2=C(N1)C=CC(=C2)C3=CSC4=C3C(=NC=C4C5=CC(=CC=C5)S(=O)(=O)C)N,,,Inactive,0,1
18450918,CC1=CC(=CC=C1)NC(=O)NC2=CC=C(C=C2)C3=CSC4=C3C(=NC=C4C#CCNS(=O)(=O)C)N,,,Inactive,0,1
18451073,CC1=CC(=CC=C1)NC(=O)NC2=CC=C(C=C2)C3=CSC4=C3C(=NC=C4C5=CNN=C5)N,,,Inactive,0,1
18451135,CCC(CC)(C#CC1=CN=C(C2=C1SC=C2C3=CC=C(C=C3)NC(=O)NC4=CC=CC(=C4)C)N)N,,,Inactive,0,1
18451141,CC1=CC(=CC=C1)NC(=O)NC2=CC=C(C=C2)C3=CSC4=C3C(=NC=C4C#CC(C)(C)N)N,,,Inactive,0,1
18451149,CC1=CC(=CC=C1)NC(=O)NC2=CC=C(C=C2)C3=CSC4=C3C(=NC=C4C#CCN)N,,,Inactive,0,1
18451176,CC1=CC(=CC=C1)NC(=O)NC2=CC=C(C=C2)C3=CSC4=C3C(=NC=C4C#CCN(C)C)N,,,Inactive,0,1
18451197,C1=CC=C(C(=C1)NC(=O)NC2=CC=C(C=C2)C3=CSC4=C3C(=NC=C4C5=COC=C5)N)F,,,Inactive,0,1
18451199,C1=CC(=CC(=C1)F)NC(=O)NC2=CC=C(C=C2)C3=CSC4=C3C(=NC=C4C5=COC=C5)N,,,Inactive,0,1
18451208,CC1=CC(=CC=C1)NC(=O)NC2=CC=C(C=C2)C3=CSC4=C3C(=NC=C4C#CCN5CCOCC5)N,,,Inactive,0,1
18451223,CC1=CC(=CC=C1)NC(=O)NC2=CC=C(C=C2)C3=CSC4=C3C(=NC=C4C#CCN5CCCC5)N,,,Inactive,0,1
18451363,C1=CC=C(C(=C1)C(F)(F)F)NC(=O)NC2=CC=C(C=C2)C3=CSC4=C3C(=NC=C4)N,,,Inactive,0,1
18451366,C1=CC(=CC(=C1)Br)NC(=O)NC2=CC=C(C=C2)C3=CSC4=C3C(=NC=C4)N,,,Inactive,0,1
18451372,C1=CC(=CC(=C1)F)NC(=O)NC2=CC=C(C=C2)C3=CSC4=C3C(=NC=C4)N,,,Inactive,0,1
18451374,CC1=CC(=CC=C1)NC(=O)NC2=CC=C(C=C2)C3=CSC4=C3C(=NC=C4)N,,,Inactive,0,1
18516203,CC1=NN=C(O1)C2=CC3=C(S2)C=NC=C3OC4=CC=C(C=C4)C(F)(F)F,,,Inactive,0,1
18516214,C1=CC(=C(C=C1F)F)C2=CN=CC3=C2C=C(S3)C(=O)N,,,Inactive,0,1
18516237,C1=CC(=CC=C1C2=CN=CC3=C2C=C(S3)C(=O)N)F,,,Inactive,0,1
18516349,C1=CC=C(C=C1)C2=CN=CC3=C2C=C(S3)C(=O)N,,,Inactive,0,1
19934548,CC1=CC2=C(C=C1)NC3=CC=CC=C3C(=O)N2,,,Inactive,0,1
19959069,CC1=C(C=CC(=C1)O)N2C=C(C(=O)C3=C2C=C(C=C3)C4=CC=NC=C4)C(=O)N,,,Inactive,0,1
20744821,CC1=C2C=C(C=CC2=NN1)C3=CC(=CN=C3)OCC(CC4=CNC5=CC=CC=C54)N,,,Inactive,0,1
20744829,CC1=C2C=C(C=CC2=NN1)C3=CC(=CN=C3)OCC(CC4=CC(=CC=C4)Cl)N,,,Inactive,0,1
20744853,CC1=C2C=C(C=CC2=NN1)C3=CC(=CN=C3)OCC(CC4=CC=CC=C4)N,,,Inactive,0,1
21060786,COC1=CC(=CC(=C1OC)OC)NC2=NC=CC(=N2)NC3=CC(=NO3)C4CCCCC4,,,Inactive,0,1
21874004,CN1CCN(CC1)C2=CC=C(C=C2)C(=O)NC3=NNC4=C3CN(C4)C(=O)C(C5=CC=CC=C5)OC,,,Inactive,0,1
21907506,CC1=CC(=CC(=C1)NC(=O)NC2=CC(=C(C=C2)C3=C4CNC(=O)C4=CC=C3)C)C,,,Inactive,0,1
22282869,CC1CCN(CC1N(C)C2=NC=NC3=C2C=CN3)C(=O)CO,,,Inactive,0,1
22402079,CC(=O)NC1=NN2C=CC=CC2=C1,,,Inactive,0,1
22413670,CC(C(C)(C)C)NC1=C(C(=O)C1=O)N(C2=CC=NC=C2)C(=O)C,,,Inactive,0,1
22557045,COC1=C(C=CC(=C1)NC2=NC=NC3=C2C=C(C=C3)C4=CC=C(C=C4)CN5CC6C(C5)C6CO)OC7=CC=CC=C7,,,Active,1,1
22607266,C1=CC=C2C(=C1)C(=CN2)CC(COC3=CN=CC(=C3)C4=CC5=C(C=C4)NC(=O)O5)N,,,Inactive,0,1
22607336,CC1=C2C=C(C=CC2=NN1)C3=CC(=CN=C3)OCC(CC4=CC=CC=C4)CN,,,Inactive,0,1
22607499,C1C2=C(C=CC(=C2)C3=CC(=CN=C3)OCC(CC4=CNC5=CC=CC=C54)N)NC1=O,,,Inactive,0,1
22607531,CN(C)CC(=O)NC(CC1=CNC2=CC=CC=C21)COC3=CN=CC(=C3)C4=CC5=C(C=C4)C=NC=C5,,,Inactive,0,1
22607792,C1=CC=C2C(=C1)C(=CN2)CC(COC3=CN=CC(=C3)C4=CC5=C(S4)C=NC=C5)N,,,Inactive,0,1
22665513,CC1=CC(=CC=C1)NC2=NC(=CN=C2C(=O)N)NC3CCCCC3N,,,Inactive,0,1
23433004,CN1CCN(CC1)CCCNC2=CC=CC(=N2)C3=NC4=C(C=CC=C4N3)C(=O)N,,,Inactive,0,1
23570850,C1=CC(=C(C=C1C(CCN)C(=O)NC2=CC3=C(C=C2)NN=C3)Cl)Cl,,,Inactive,0,1
23642173,CC1=CC(=NO1)NC(=O)CCNC(=O)NC2=NC(=C(S2)C3=CC=C(C=C3)N4C=CC=N4)C,,,Inactive,0,1
23646813,COC1=C(C=C(C(=C1)C=O)Cl)NC(=O)NC2=NC=C(N=C2)C#N,,,Inactive,0,1
23647201,CN1C2=C(C(=O)C3=C(N2O)C=CC(=C3)Cl)C(=N1)C(F)(F)F,,,Inactive,0,1
23647251,C1=CC=C(C(=C1)C(=O)O)NC2=NC(=NC=C2)NC3=CC(=CC=C3)O,,,Active,1,1
23647264,C1=CC=C(C(=C1)C(=O)O)NC2=NC(=NC=C2)NC3=CC4=C(C=C3)C=NN4,,,Inactive,0,1
23647265,C1=CC=C(C(=C1)C(=O)O)NC2=NC(=NC=C2)NC3=CC4=C(C=C3)NN=C4,,,Active,1,1
23829003,CCC1=NC2=C(C3=CC(=C(C=C31)OC)OC)C(=O)NC2=O,,,Inactive,0,1
23882428,COC1=CC=C(C=C1)C(=O)N2C3=CC=CC=C3SC4=C(C=NC=C42)Cl,,,Inactive,0,1
24180596,C1COCCN1CCCCOC2=CC3=C(CC4=C3NN=C4C5=CN=C(C=C5)C#N)C=C2,,,Inactive,0,1
24203040,C1=NC2=C(C(=N1)N)SC3=NC=NC(=C23)N,,,Inactive,0,1
24739943,C=CC(=O)NC1=CC2=C(C=C1)N=CN=C2NC3=CC(=C(C=C3)OCC4=CC(=CC=C4)F)Cl,,,Active,1,1
24755603,CCC1=C(NC2=NC=CN=C12)C3=CC=C(C=C3)C(C)(C)O,,,Inactive,0,1
24756910,COC1=C(C=C2C(=C1)N=CN=C2NC3=CC=CC(=C3)C#C)OCCCCCCC(=O)NO,,,Active,1,1
24765714,CCN1C(=O)N(C2=CN=C(N=C2N1C3CCCC3)NC4=C(C=C(C=C4)C(=O)NC5CCN(CC5)C)OC)C,,,Inactive,0,1
24768216,C1=CC(=CC=C1CNC(=O)NC2=CC3=C(C=C2)NN=C3)Br,,,Inactive,0,1
24771867,COC1=C(C(=CC=C1)F)C2=NCC3=CN=C(N=C3C4=C2C=C(C=C4)Cl)NC5=CC(=C(C=C5)C(=O)O)OC,,,Active,1,1
24772168,C1=CC=C2C(=C1)C(=CC=N2)NC(=O)NC3=NC=CN=C3,,,Inactive,0,1
24809769,CC1=C(C(=CC=C1)C2=C(C=C(N2)C3=NC(=NC=C3)N)C(=O)N)C,,,Inactive,0,1
24809803,C1=CC(=C(C=C1Cl)Cl)C2=C(C=C(N2)C3=NC(=NC=C3)N)C(=O)N,,,Inactive,0,2
24809834,C1=CC(=C(C=C1Cl)F)C2=C(C=C(N2)C3=NC(=NC=C3)N)C(=O)N,,,Inactive,0,1
24821094,C=CC(=O)N1CCC[C@H](C1)N2C3=NC=NC(=C3C(=N2)C4=CC=C(C=C4)OC5=CC=CC=C5)N,,,Active,1,1
24858859,C1=CC2=NC=CC(=C2C=C1C(F)(F)F)NC(=O)NC3=NC=CN=C3,,,Inactive,0,1
24858860,C1=CC2=C(C=CN=C2C=C1C(F)(F)F)NC(=O)NC3=NC=CN=C3,,,Inactive,0,1
24859013,C1=CC2=C(C=CN=C2C(=C1)C(F)(F)F)NC(=O)NC3=NC=CN=C3,,,Inactive,0,1
24859161,C1COCCN1C2=CC=CC(=N2)NC(=O)NC3=C4C=CC=C(C4=NC=C3)C(F)(F)F,,,Inactive,0,1
24859296,C1=CC2=C(C=CN=C2C(=C1)F)NC(=O)NC3=NC=CN=C3,,,Inactive,0,1
24894081,CN1C=C(C=N1)C2=C3N=CC(=C(N3N=C2)N)C4=CC=C(C=C4)NC(=O)NC5=CC=CC(=C5)C(F)(F)F,,,Inactive,0,1
24894620,CC1=CC(=CC=C1)NC(=O)NC2=CC=C(C=C2)C3=C(N4C(=C(C=N4)C5=CN(N=C5)C)N=C3)N,,,Inactive,0,1
24906268,COC1=CC2=C(C=C1)NC(=O)C2=CC3=CN=CN3,,,Inactive,0,1
24952850,CC(C)S(=O)(=O)N1C2=C(C=CC(=C2)C3=C(N=C4N3C=CS4)C5=CC=C(C=C5)F)N=C1N,,,Active,1,1
24952851,C1CC1CN2C3=C(C=CC(=C3)C4=C(N=C5N4C=CS5)C6=CC=C(C=C6)F)N=C2N,,,Active,1,1
24952854,CC(C)CN1C2=C(C=CC(=C2)C3=C(N=C4N3C=CS4)C5=CC=C(C=C5)F)N=C1N,,,Active,1,1
24995524,C1=CC(=CC(=C1)Cl)NC(=O)NC2=NC=C(S2)CCNC3=NC=NC4=C3SC=C4,,,Inactive,0,1
25002232,C1CCC2=C(C1)C(=NNC2=O)CC3=CC(=C(C=C3)F)C(=O)N4CCN(CC4)C5=NC=CC=N5,,,Inactive,0,1
25016360,CC(C)(CNC1=NC=CC(=N1)C2=C(N=C3N2C=CN=C3CC4CC4)C5=C(C=C(C=C5)F)F)O,,,Inactive,0,1
25032704,CCN1C2=CC(=C(C=C2C(=O)C3=C1NOC3=O)O)Cl,,,Inactive,0,1
25127713,COC1=C(C=C2C(=C1)N=CN=C2NC3=C(C(=C(C=C3)Cl)Cl)F)OC4CCN(CC4)C(=O)C=C,,,Active,1,1
25164469,C1=CC=C(C=C1)CN2C=C(N=N2)C3=CC4=C(C=C3)NN=C4N,,,Inactive,0,1
25164470,CN1CCC(CC1)C(=O)N2C3=C(C=C(C=C3)C4=CN(N=N4)CC5=CC=CC=C5)C(=N2)N,,,Inactive,0,1
25164472,CCCC(=O)NC1=NNC2=C1C=C(C=C2)C3=CN(N=N3)CC4=CC=CC=C4,,,Inactive,0,1
25164675,C1=CC=C(C=C1)CC2=NOC(=C2)C3=CC4=C(C=C3)NN=C4,,,Inactive,0,1
25164676,C1=CC=C(C=C1)CN2C=C(N=N2)C3=CC4=C(C=C3)NN=C4NC(=O)C5=CC=CC=C5,,,Inactive,0,1
25164677,CCCC1=NOC(=C1)C2=CC3=C(C=C2)NN=C3,,,Inactive,0,1
25164882,C1CC1C2=C(N=NN2CC3=CC=CC=C3)C4=CC5=C(C=C4)NN=C5,,,Inactive,0,1
25164884,C1COCCC1CN2C=C(N=N2)C3=CC4=C(C=C3)NN=C4,,,Inactive,0,1
25165085,C1=CC=C(C=C1)CC2=CN(N=N2)C3=CC4=C(C=C3)NN=C4,,,Inactive,0,1
25165277,CC(C)CC1=NOC(=C1)C2=CC3=C(C=C2)NN=C3N,,,Inactive,0,1
25165481,C1COCCN1CCN2C=NC(=C2C3=CC4=C(C=C3)NN=C4)C5=CC=C(C=C5)F,,,Active,1,1
25165861,C1=CC=C(C=C1)CN2C=C(N=N2)C3=CC4=C(C=C3)NN=C4,,,Inactive,0,1
25166655,CC1=CC(=C(C=C1)CN2C=C(N=N2)C3=CC4=C(C=C3)NN=C4)C,,,Inactive,0,1
25166868,C1=CC2=C(C=C1C3=CN(N=N3)CC4=C(C=C(C=C4)C(F)(F)F)C(F)(F)F)C=NN2,,,Inactive,0,1
25167072,C1CCC(CC1)NC2=C(N=C3N2C=CC=N3)C4=CC5=C(C=C4)NN=C5,,,Inactive,0,1
25167074,CC(C)NC1=C(N=C2N1C=CC=N2)C3=CC4=C(C=C3)NN=C4,,,Inactive,0,1
25167075,C1=CC=C(C=C1)NC2=NC(=CS2)C3=CC4=C(C=C3)NN=C4,,,Inactive,0,1
25167078,C1=CC=C(C=C1)CNC2=NC(=CS2)C3=CC4=C(C=C3)NN=C4,,,Inactive,0,1
25167280,C1=CN2C=C(N=C2N=C1)C3=CC4=C(C=C3)NN=C4,,,Inactive,0,1
25190453,CCN1C2=CC(=C(C=C2C(=O)C3=C1NOC3=O)F)Cl,,,Inactive,0,1
25205759,C1=CC(=CC(=C1)C(F)(F)F)CNC2=C(C(=O)C2=O)NC3=CC=NC=C3,,,Inactive,0,1
25205762,CC1=CC=C(C=C1)CNC2=C(C(=O)C2=O)NC3=CC=NC=C3,,,Inactive,0,1
25206387,C1=CC(=CC=C1CNC2=C(C(=O)C2=O)NC3=CC=NC=C3)Cl,,,Inactive,0,1
25263111,COC1=C(C=C2C(=C1)N=CN2C3=CC(=C(S3)C(=O)O)OCC4=CC=CC=C4C(F)(F)F)OC,,,Inactive,0,1
44186884,C1=CC=C2C(=C1)N=NN2CC3=CN(N=N3)C4=CC5=C(C=C4)NN=C5,,,Inactive,0,1
44237411,C1=CC=C(C=C1)CNC2=NC3=C(S2)C=C(C=C3)C4=CC=NC=C4,,,Inactive,0,1
44412343,C1=CC=C2C(=C1)N=C(N2CCCO)NC(=O)C3=CC(=CC=C3)[N+](=O)[O-],,,Inactive,0,1
44415977,C1CCC(CC1)NC2=NC=CC(=N2)C3=CNC4=C3C=CC=N4,,,Inactive,0,1
44415997,C1CC(CCC1N)NC2=NC=CC(=N2)C3=CNC4=C3C=CC=N4,,,Inactive,0,1
44440493,CSC1=CC=CC=C1CNC2=NC=C(C(=N2)NCC3CCC(CC3)CN)[N+](=O)[O-],,,Inactive,0,1
44442347,C1COCCN1CCOC2=CC3=C(CC4=C3NN=C4C5=CN=C(C=C5)C#N)C=C2,,,Inactive,0,1
44444843,C1CCOC2=NC(=CN=C2C#N)NC(=O)NC3=CC(=C(C=C3OC1)NCC4=CN=CS4)Cl,,,Inactive,0,1
44520205,C1=CC(=CC(=C1)F)NC(=O)NC2=CC=C(C=C2)NC(=O)C3=C4C(=NC=NN4C=C3)N,,,Inactive,0,1
44560751,CC1=CC(=CC=C1)NC(=O)NC2=CC=C(C=C2)C3=C(C4=NC=CN=C4C=C3)N,,,Inactive,0,1
44586040,C1=CC2=C(C(=C1)C(=O)N)NN=C2,,,Inactive,0,1
44588881,CN1C2=C(C=C(C=C2)N(C)C(=O)C3CCCCC3)N=C1NC(=O)C4=CC=C(C=C4)C#N,,,Inactive,0,1
44588915,CCCCN1C2=C(C=C(C=C2)N(C)C(=O)C3CCCCC3)N=C1NC(=O)C4=CC=C(C=C4)C#N,,,Inactive,0,1
44593713,CN(C1=CC2=C(C=C1)N(C(=N2)NC(=O)C3=CC=C(C=C3)C#N)CCC(=O)N)C(=O)C4CCCCC4,,,Inactive,0,1
44611456,CCOC1=C(C(=CC(=N1)C(=O)NCC2=CC=C(C=C2)S(=O)(=O)N)N)C#N,,,Inactive,0,1
45269554,C1=CC2=C(C=CC(=C2)NC(=O)NC3=NC=C(N=C3)C#N)C=C1C(=O)O,,,Inactive,0,1
45273796,C1CC(=O)N(C1)CC2=CC3=C(C=C2)N4C=CC=C4C(=O)N3,,,Active,1,1
46207586,C1=CC(=CC(=C1)F)NC(=O)NC2=CC=C(C=C2)C3=CSC4=C3C(=NC=C4C5=CN(N=C5)CCO)N,,,Active,1,1
46224684,C1=CC=C2C(=C1)C=C(S2)C3=CC(=CC4=C3NN=C4)C5=CN(C6=CN=C(N=C65)N)CCN,,,Inactive,0,1
46224697,C1=CC=C2C(=C1)C=C(S2)C3=CC(=CC4=C3NN=C4)C5=CN(C6=CN=C(N=C65)N)CCCN,,,Inactive,0,1
46886319,C1COCCN1C2=CC=C(C=C2)NC3=NC=CC(=N3)C4=C(N=C5N4C=CS5)C6=CC(=CC=C6)NC(=O)CC7=CC=CC=C7,,,Active,1,1
46886323,C1COCCN1C2=CC=CC(=C2)NC3=NC=CC(=N3)C4=C(N=C5N4C=CS5)C6=CC(=CC=C6)NC(=O)CC7=CC=CC=C7,,,Active,1,1
47001891,CC1=CSC(=N1)NC(=O)C2=C(C3=C(S2)N=C(C=C3)C4=CC=NC=C4)N,,,Inactive,0,1
49830272,C1CC(CCC1NC2=NC(=CC(=N2)Cl)C3=CNC4=C3C=CC=N4)O,,,Inactive,0,2
49830274,C1=CC(=CC=C1C2=CNC3=NC=CC(=C23)Cl)C(=O)N,,,Inactive,0,1
49830275,C1=CC=C(C=C1)CNC2=NC(=CC(=C2)C3=CNC4=C3C=CC=N4)Cl,,,Inactive,0,1
49830276,C1=CC=C(C=C1)C2=CNC3=C2C=C(C=N3)NC(=O)C4=C(C(=CC=C4)F)F,,,Inactive,0,1
49830277,C1=CC=C(C=C1)C2=CNC3=C2C=C(C=N3)C4=CC(=CC=C4)C(=O)N,,,Inactive,0,1
49830278,C1=CC=C(C=C1)C2=CNC3=C2C=C(C=N3)NC(=O)C4=C(C=CC=C4F)F,,,Inactive,0,1
49830279,C1CCC(CC1)NC2=NC(=CC(=N2)Cl)C3=CNC4=C3C=CC=N4,,,Inactive,0,1
49830281,C1CCC(C(C1)N)NC2=NC=CC(=N2)C3=CNC4=C3C=CC=N4,,,Inactive,0,1
49830282,C1CCC(CC1)NC2=CC(=NC(=N2)C3=CNC4=C3C=CC=N4)Cl,,,Inactive,0,1
49830283,C1CN(CC=C1C2=CNC3=C2C=CC=N3)C(=O)NC(CO)C4=CC=CC=C4,,,Inactive,0,1
49830286,C1=CC=C(C=C1)C2=CNC3=C2C(=NC=N3)NC(CO)CO,,,Inactive,0,1
49830287,COC1=CC=CC(=C1)C(=O)NC2=CC3=C(NC=C3C4=CC=CC=C4)N=C2,,,Inactive,0,1
49830288,COC1=CC=C(C=C1)C(=O)NC2=CC3=C(NC=C3C4=CC=CC=C4)N=C2,,,Inactive,0,1
49830289,C1=CC=C(C=C1)C2=CNC3=C2C(=NC=N3)NCCCO,,,Inactive,0,1
49830291,C1CN(CCC1O)C2=NC=NC3=C2C(=CN3)C4=CC=CC=C4,,,Inactive,0,1
49830292,C1=CC=C(C=C1)C2=CNC3=C2C=C(C=N3)Br,,,Inactive,0,1
49830293,C1CC(CCC1NC2=CC(=NC(=N2)C3=CNC4=C3C=CC=N4)Cl)O,,,Active,1,1
49830348,CC1=CC=C(C=C1)NC(=O)NC2=CC=C(C=C2)C3=CSC4=C3C(=NC=C4C5=CN(N=C5)C(C)C(=O)N(C)C)N,,,Inactive,0,1
49830349,C1=CC=C(C=C1)NC(=O)NC2=CC=C(C=C2)C3=CSC4=NC=NC(=C34)N,,,Inactive,0,1
49830350,CC1=NC=C(C=C1)C2=CN=C(C3=C2SC=C3C4=CC=C(C=C4)NC(=O)NC5=CC(=CC=C5)F)N,,,Inactive,0,1
49830351,CC1=CC=C(C=C1)NC(=O)NC2=CC=C(C=C2)C3=CSC4=C3C(=NC=C4C5=CN(N=C5)C)N,,,Inactive,0,1
49830352,CN1C=C(C=N1)C2=CN=C(C3=C2SC=C3C4=CC=C(C=C4)NC(=O)NC5=CC=C(C=C5)OC(F)F)N,,,Inactive,0,1
49830353,CC1=CC=C(C=C1)NC(=O)NC2=CC=C(C=C2)C3=CSC4=C3C(=NC=C4C5=CN(N=C5)C(C)C(=O)NC)N,,,Inactive,0,1
49830354,CC1=C(C=C(C=C1)NC(=O)NC2=CC=C(C=C2)C3=CSC4=NC=NC(=C34)N)C,,,Inactive,0,1
49830356,CNC(=O)C1=CN=C(C2=C1SC=C2C3=CC=C(C=C3)NC(=O)NC4=CC(=CC=C4)Cl)N,,,Active,1,1
49830357,CC1=CC(=C(C=C1)F)NC(=O)NC2=CC=C(C=C2)C3=CSC4=C3C(=NC=C4C(=O)NC)N,,,Active,1,1
49830358,CC1=CC(=CC=C1)NC(=O)NC2=CC=C(C=C2)C3=CSC4=C3C(=NC=C4C5=CN(N=C5)C)N,,,Inactive,0,1
49830359,CN1C=C(C=N1)C2=CN=C(C3=C2SC=C3C4=CC=C(C=C4)NC(=O)NC5=CC(=CC=C5)F)N,,,Active,1,1
49830361,CC1=C(C(=C2N1N=CN=C2N)C3=CC=C(C=C3)NC(=O)NC4=CC=CC=C4)C(=O)OC,,,Inactive,0,1
49830364,CCN(CC)CCNC(=O)C=CC1=CN=C(C2=C1SC=C2C3=CC=C(C=C3)NC(=O)NC4=CC=CC(=C4)C)N,,,Inactive,0,1
49830368,CC1=CC(=CC(=C1)NC(=O)NC2=CC3=C(C=C2)C4=C(CC3)SC5=NC=NC(=C45)N)C,,,Inactive,0,1
49830369,CC1=CC=C(C=C1)NC(=O)NC2=CC=C(C=C2)NC(=O)C3=CSC4=NC=NC(=C34)N,,,Inactive,0,1
49830370,CC1=C2C(=C(C=C1)C3=CC=C(C=C3)NC(=O)NC4=CC(=CC=C4)Br)C(=NN2)N,,,Inactive,0,1
49830375,C1CC2=C(C3=C1C=C(C=C3)NC(=O)NC4=CC=CC=C4)C5=C(N=CN=C5S2)N,,,Inactive,0,1
49830376,CC1=CC(=C(C=C1)F)NC(=O)NC2=CC=C(C=C2)C3=C(C4=NC=CN=C4C=C3)N,,,Inactive,0,1
49830377,C1=CC=C(C=C1)NC(=O)NC2=CC=C(C=C2)NC(=O)C3=CSC4=NC=NC(=C34)N,,,Inactive,0,1
49830378,CC1=CC(=CC(=C1)NC(=O)NC2=CC=C(C=C2)NC(=O)C3=CSC4=NC=NC(=C34)N)C,,,Inactive,0,1
49830379,CC1=CC=CC=C1NC(=O)NC2=CC3=C(C=C2)C4=C(CC3)SC5=NC=NC(=C45)N,,,Inactive,0,1
49830380,CC1=C2C(=NN1)C=CC=C2C3=CC=C(C=C3)NC(=O)NC4=CC=CC(=C4)C(F)(F)F,,,Inactive,0,1
49830381,CCC1=CC(=CC=C1)NC(=O)NC2=CC3=C(C=C2)C4=C(CC3)SC5=NC=NC(=C45)N,,,Inactive,0,1
49830382,CC1=CC(=CC=C1)NC(=O)NC2=CC=C(C=C2)C3=CSC4=NC(=NC(=C34)N)N,,,Inactive,0,1
49830383,C1=CC=C(C=C1)C2=CC3=C(NC(=O)N3)N=C2,,,Inactive,0,1
49830384,C1=CC(=CC(=C1)NC(=O)NC2=CC=C(C=C2)C3=C(C4=NC=CN=C4C=C3)N)C(F)(F)F,,,Inactive,0,1
49830386,C1=CC(=C2C=NSC2=C1)C3=CC=C(C=C3)NC(=O)NC4=CC(=C(C=C4)F)C(F)(F)F,,,Inactive,0,1
49830387,CC1=CC(=CC=C1)NC(=O)NC2=CC=C(C=C2)C3=CC(=CC=C3)C(=O)N,,,Inactive,0,1
49830388,CC1=CC(=CC(=C1)NC(=O)NC2=CC=C(C=C2)C3=C4C=NSC4=CC=C3)C,,,Inactive,0,1
49830398,CC1=C(C=CC(=C1)NC2=NC=C(C(=N2)NC3C4CC(C3C(=O)N)C=C4)F)N5CCN(CC5)C,,,Active,1,1
49830404,C1CC(=O)N(C1)C2=CC=CC(=C2)NC3=NC=CC(=N3)C4=C(N=C5N4C=CS5)C6=CC(=CC=C6)NC(=O)CC7=CC=CC=C7,,,Active,1,1
49830406,CCN1CCN(CC1)C2=CC=C(C=C2)NC3=NC=CC(=N3)C4=C(N=C5N4C=CC=C5)C6=CC(=CC=C6)C(=O)NC7=CC=CC=C7F,,,Active,1,1
49830407,C1CC(=O)N(C1)C2=CC=CC(=C2)NC3=NC=CC(=N3)C4=C(N=C5N4C=CS5)C6=CC(=CC=C6)NC(=O)C7=C(C=CC=C7F)F,,,Active,1,1
49830408,CN1CCN(CC1)C2=CC=CC(=C2)NC3=NC=CC(=N3)C4=C(N=C5N4C=CC=C5)C(=O)N,,,Inactive,0,1
49830423,COC1=C2C(=C(C=C1)C3=CC=C(C=C3)NC(=O)NC4=CC(=CC(=C4)F)F)C(=NO2)N,,,Inactive,0,1
49830431,CC1=C2C=C(C=CC2=NN1)C3=CC(=CN=C3)OCC(CC4=CC(=CC=C4)OC(F)(F)F)N,,,Inactive,0,1
49830432,C1=CC=C(C=C1)CN2C(=C(N=N2)C3=CC4=C(C=C3)NN=C4N)C5=CC=CC=C5,,,Inactive,0,1
49830433,C1=CC=C(C=C1)CN2C(=C(N=N2)C3=CC4=C(C=C3)NN=C4N)I,,,Inactive,0,1
49830434,C1=CC=C(C=C1)CN2C(=C(N=N2)C3=CC4=C(C=C3)NN=C4N)C5=CC=C(C=C5)F,,,Inactive,0,1
49830436,CC1=C2C=C(C=CC2=NN1)C3=CC(=CN=C3)OCCN,,,Inactive,0,1
49830437,CCCS(=O)(=O)NC1=CC=C(C=C1)C2=CC3=C(C=C2)NN=C3N,,,Inactive,0,1
49830438,C1=CC=C(C=C1)C(=O)C2=C(C=CC(=C2)C3=CC(=CN=C3)OCC(CC4=CNC5=CC=CC=C54)N)N,,,Inactive,0,1
49830439,CS(=O)(=O)NCCOC1=CN=CC(=C1)C2=CC3=C(C=C2)C=NC=C3,,,Inactive,0,1
49830440,C1=CC=C2C(=C1)C(=CN2)CC(COC3=CN=CC(=C3)C4=CC(=C(C=C4)N)C(=O)C5=CC=CC=C5F)N,,,Inactive,0,1
49830441,CC1=C2C=C(C=CC2=NN1)C3=CC(=CN=C3)OCC(CC4=CC(=C(C=C4)Cl)Cl)N,,,Inactive,0,1
49830442,CC1=C(N=NN1CC2=CC=CC=C2)C3=CC4=C(C=C3)NN=C4N,,,Inactive,0,1
49830444,CS(=O)(=O)NC1=CC=C(C=C1)C2=CC3=C(C=C2)NN=C3N,,,Inactive,0,1
49830445,CCS(=O)(=O)NC1=CC=C(C=C1)C2=CC3=C(C=C2)NN=C3N,,,Inactive,0,1
49830454,C1=CC=C2C(=C1)C(=CN2)CC(COC3=CN=CC(=C3)C4=CC(=C(C=C4)N)C(=O)C5=CC(=CC=C5)Cl)N,,,Inactive,0,1
49830455,CCCCOC1=NC=NC2=C1C(=CN2)C3=CC=CC=C3,,,Inactive,0,1
49830456,CSC1=CNC2=C1C(=NC=N2)NCCCO,,,Inactive,0,1
49830460,C1=CC=C(C=C1)CN2C=C(N=N2)C3=CC4=C(C=C3)NN=C4NC(=O)C5=CC(=CC=C5)F,,,Inactive,0,1
49830461,CC(C)N(C)C(=O)C1=C(N=NN1CC2=CC=CC=C2)C3=CC4=C(C=C3)NN=C4,,,Inactive,0,1
49830462,CN(CCOC)C(=O)C1=C(N=NN1CC2=CC=CC=C2)C3=CC4=C(C=C3)NN=C4,,,Inactive,0,1
49830463,CN(C)C(=O)C1=C(N=NN1CC2=CC=CC=C2)C3=CC4=C(C=C3)NN=C4,,,Inactive,0,1
49830467,C1CC(CN(C1)C(=O)C2=NOC(=C2)C3=CC4=C(C=C3)NN=C4)O,,,Inactive,0,1
49830468,CN(C)CC(=O)NC1=NNC2=C1C=C(C=C2)C3=CN(N=N3)CC4=CC=CC=C4,,,Inactive,0,1
49830479,C1=CC=C(C=C1)C(CO)NC(=O)C2=CC=C(C=C2)C3=CC=NC=C3,,,Inactive,0,1
49830481,C1=CC=C(C=C1)C(CN)NC(=O)C2=CC=C(C=C2)C3=CC=NC=C3,,,Inactive,0,1
49830482,COC1=CC=CC(=C1)C(CN)NC(=O)C2=CC=C(C=C2)C3=CC=NC=C3,,,Inactive,0,1
49830483,CC1=C(C=CN=C1)C2=CC=C(C=C2)C(=O)NC(C)C3=CC(=CC=C3)OC,,,Inactive,0,1
49830484,CC(C1=CC(=CC=C1)OC)NC(=O)C2=CC(=C(C=C2)C3=CC=NC=C3)F,,,Inactive,0,1
49830485,CC1=C(C=CC(=C1)C(=O)NC(C)C2=CC(=CC=C2)OC)C3=CC=NC=C3,,,Inactive,0,1
49830486,C1=CC=C(C=C1)C(CCO)NC2=NC3=C(S2)C=C(C=C3)C4=CC=NC=C4,,,Inactive,0,1
49830487,CC(C1=CC(=CC=C1)OC)NC(=O)C2=C(C=C(C=C2)C3=CC=NC=C3)NCCCN,,,Inactive,0,1
49830489,CC(C1=CC(=CC=C1)OC)NC(=O)C2=CC=C(C=C2)C3=CC=NC=C3,,,Inactive,0,1
49830490,CCCOC1=CC=CC(=C1)C(C)NC(=O)C2=CC=C(C=C2)C3=CC=NC=C3,,,Inactive,0,1
49830491,C1=CC=C(C=C1)CNC(=O)C2=CC=CC(=C2)C3=CN=C4C(=C3)C=CN4,,,Inactive,0,1
49830497,C1=CC(=CC=C1CC(CO)NC(=O)C2=CC=C(C=C2)C3=CC=NC=C3)Cl,,,Inactive,0,1
49830502,C1=CC=C(C=C1)CC(CO)NC(=O)C2=C(C=C(C=C2)C3=CC=NC=C3)F,,,Inactive,0,1
49830503,C1=CC=C(C=C1)CC(CO)NC(=O)C2=CC=C(C=C2)C3=CC=NC=C3,,,Inactive,0,1
49830508,CNS(=O)(=O)C1=CC=CC=C1NC2=NC(=NC=C2Cl)NC3=CC(=C(C(=C3)OC)OC)OC,,,Active,1,1
49830509,CC1=CN=C(N=C1NC2=CC=C(C=C2)OCC(=O)N)NC3=CC(=CC=C3)S(=O)(=O)N,,,Active,1,1
49830511,CC(=O)N1CCN(CC1)C2=CC(=C(C=C2)OC)NC3=NC=C(C(=N3)NC4=CC=CC=C4S(=O)(=O)NC)Br,,,Active,1,1
49830512,CC1=C(C=C(C=C1)NC2=NC=C(C(=N2)NC3=CC=C(C=C3)OCC(=O)NC)F)S(=O)(=O)N,,,Active,1,1
49830534,CCC1C(=O)N(C2=CN=C(N=C2N1C3CCCC3)NC4=C(C=C(C=C4)C(=O)NC5CCCCC5)OC)C,,,Inactive,0,1
49830543,COC1=CC=C(C=C1)CNC2=C(C(=O)C2=O)NC3=CC4=C(C=C3)NN=C4,,,Inactive,0,1
49830544,CC(=O)NC1=CC=CC(=C1)CNC2=C(C(=O)C2=O)NC3=CC4=C(C=C3)NN=C4,,,Inactive,0,1
49830545,C1=CC(=C(C=C1CNC(=O)NC2=CC3=C(C=C2)NN=C3)Cl)Cl,,,Inactive,0,1
49830547,C1=CC2=C(C=C1NC3=C(C(=O)C3=O)NCC4=C(C=C(C=C4)Cl)Cl)C=NN2,,,Inactive,0,1
49830552,COC1=CC=CC2=C1NC3=C(C=CC(=C3)NC4=CC=NC=C4)C(=O)N2,,,Active,1,1
49830554,C1=CC(=CC=C1C(=O)NC2=C(SC3=C2C(=C(C=C3)Cl)Cl)C(=O)N)Cl,,,Inactive,0,1
49830556,C1=CC=C2C(=C1)C(=CN2)CC(C(=O)NC3=CN=CC(=C3)C=CC4=CC=NC=C4)N,,,Inactive,0,1
49830565,COC1=CC=CC(=C1)CNC(=O)C2=CC3=C(NN=C3S2)C4=CC=CC=C4,,,Inactive,0,1
49830566,CC1=CC=CC=C1NC(=O)NC2=CC=C(C=C2)NC(=O)C3=CSC4=NC=NC(=C34)N,,,Inactive,0,1
49830569,COC1=C(C=CC(=C1)C2=CC3=C(C=C2)C(=O)NC4=C(N3)C=CC(=C4)C(=O)NCC5=CC(=CC=C5)F)O,,,Active,1,1
49830576,COC1=CC(=CC(=C1OC)OC)C2=CC3=C(C=C2)NC4=C(C=CC(=C4)C5=CC=CC=C5NS(=O)(=O)C)C(=O)N3,,,Inactive,0,1
49830577,COC1=C(C=CC(=C1)C2=CC3=C(C=C2)C(=O)NC4=C(N3)C=CC(=C4)CCOC5=CC=C(C=C5)N6CCOCC6)CC#N,,,Inactive,0,1
49830579,COC1=C(C=CC(=C1)C2=CC3=C(C=C2)C(=O)NC4=C(N3)C=CC(=C4)CCOC5=CC=C(C=C5)N6CCOCC6)OCC(CO)O,,,Inactive,0,1
49830582,C1=CC=C(C(=C1)CNC2=C(C(=O)C2=O)NC3=CC=NC=C3)F,,,Inactive,0,1
49830587,C1=CC(=CN=C1)C2=CC3=CC(=NC=C3C=C2)NCCO,,,Inactive,0,1
49830588,COC1=C(C=CC(=C1)C2=CC3=C(C=C2)NN=C3C(=O)NC4=CC=CC=C4)O,,,Inactive,0,1
49830589,CC1=C(SC(=C1)C(=O)NC(C)C2=CC(=CC=C2)OC)C3=CC4=C(NN=C4C=C3)C,,,Inactive,0,1
49830590,CC(=O)NCC(=O)N1C2CCC1C3=C2C=CC(=C3)NC4=NC=C(C(=N4)NC5CCC5)C(F)(F)F,,,Inactive,0,1
49830591,CNC(=O)C1=NC=CC(=C1)OC2=CC=C(C=C2)NC(=O)NC3=CC=CC(=C3)C(F)(F)F,,,Inactive,0,1
49830593,CNC1=NC=NC2=C1N=C(CCN2)C3=CC=C(C=C3)NC(=O)NC4=CC=CC(=C4)C(F)(F)F,,,Inactive,0,1
49830594,CC1=CC=C(C=C1)C(=O)NC2=C(SC3=C2C(=C(C=C3)Cl)Cl)C#N,,,Inactive,0,1
49830595,CC1=CC=C(C=C1)C(=O)NC2=C(SC3=C2C(=C(C=C3)Cl)Cl)C(=O)N,,,Inactive,0,1
49830597,C1=CC=C2C(=C1)C(=CN2)CC(COC3=CN=CC(=C3)C=CC4=CC=NC=C4)N,,,Inactive,0,1
49830598,C1=CC=C2C(=C1)C(=CN2)CC(COC3=CN=CC(=C3)C=CC4=CC=NC=C4)O,,,Inactive,0,1
49830599,C1=CC=C2C(=C1)C(=CN2)CC(COC3=CN=CC(=C3)C4=CC5=C(S4)C=CN=C5)N,,,Inactive,0,1
49830600,C1=CC=C2C(=C1)C(=CN2)CC(COC3=C(N=CC(=C3)C=CC4=CC=NC=C4)Cl)N,,,Inactive,0,1
49830601,C1=CC=C2C(=C1)C(=CN2)CC(COC3=CN=CC(=C3)C4=CC5=C(C=C4)NC(=O)C5=CC6=CC=CO6)N,,,Active,1,1
49830606,CC(C)(CNC1=NC=CC(=N1)C2=C(N=C3N2C=CN=C3)C4=CC=C(C=C4)F)CO,,,Inactive,0,1
49830616,CC1=NC=CN2C1=NC(=C2C3=NC(=NC=C3)NCC(C)(C)C(=O)O)C4=C(C=C(C=C4)F)F,,,Inactive,0,1
49830617,CC(C)(CNC1=NC=CC(=N1)C2=C(N=C3N2C=CN=C3OC)C4=CC=C(C=C4)F)CO,,,Inactive,0,1
49830618,CC(C)COC1=NC=CN2C1=NC(=C2C3=NC(=NC=C3)NCC(C)(C)CO)C4=CC=C(C=C4)F,,,Inactive,0,1
49830620,CC1=CC(=C2C(=C1)N=C(O2)NC3=CC=C(C=C3)C4=NN(C5=NC=NC(=C45)N)C6CCC(CC6)OCCOC)C,,,Inactive,0,1
49830621,CC1=CC2=C(C(=C1)Cl)OC(=N2)NC3=CC=C(C=C3)C4=NN(C5=NC=NC(=C45)N)C6CCC(CC6)OCCOC,,,Inactive,0,1
49830622,CC(=O)C1=CC=CC(=C1)C2=CN=C3C(=C2)C=CN3,,,Inactive,0,1
49830623,CC(=O)N1CCN(CC1)C2CCC(CC2)N3C4=NC=NC(=C4C(=N3)C5=CC=C(C=C5)NC(=O)C6=CC7=CC=CC=C7N6C)N,,,Active,1,2
49830624,C1CC(CCC1N2C3=NC=NC(=C3C(=N2)I)N)O,,,Inactive,0,1
49830628,C1=CC(=CC=C1C2=CSC3=C2C(=NC=C3C=CC(=O)NCCCN4C=CN=C4)N)Br,,,Active,1,1
49830635,CCN(CC)CC#CC1=CC2=C(CC3=C2NN=C3C4=CN=C(C=C4)C#N)C=C1,,,Inactive,0,1
49830636,CN1CCN(CC1)CC2=CC3=C(C=C2)C4=C(C3)C(=NN4)C5=CSC(=C5)C#CCOCC6CC6,,,Inactive,0,1
49830638,COC1=C(C=C2CC3=C(C2=C1)NN=C3C4=CN=C(C=C4)C#N)C#C,,,Inactive,0,1
49830639,CNC(=O)N1CCN(CC1)CCCOC2=CC3=C(CC4=C3NN=C4C5=CN=C(C=C5)C#N)C=C2,,,Inactive,0,1
49830641,C1=CC=C(C=C1)C2=CSC(=N2)N3C4=C(C=CC(=C4)C#N)N=C3N,,,Active,1,1
49830670,C1=CC(=C2C(=C1)NN=C2N)C3=CC=C(C=C3)NC(=O)NC4=C(C=CC(=C4)CO)F,,,Inactive,0,1
49830671,C1=CC(=CC(=C1)Cl)CC(=O)NC2=CC=C(C=C2)C3=C(SC4=NC=NC(=C34)N)Br,,,Inactive,0,1
49830673,C1=CC(=C2C(=C1)NN=C2N)C3=CC=C(C=C3)NC(=O)NC4=C(C=CC(=C4)C(=O)O)F,,,Inactive,0,1
49830684,COC1=CC2=NC=CC(=C2C=C1)NC(=O)NC3=CC=CC(=N3)C(F)(F)F,,,Inactive,0,1
49830685,CC1=CC2=C(C=CN=C2C=C1)NC(=O)NC3=CC=CC(=N3)C(F)(F)F,,,Inactive,0,1
49830693,C1=CC2=C(C=CN=C2C(=C1)F)NC(=O)NC3=CC=CC(=N3)C(F)(F)F,,,Inactive,0,1
49830695,COC1=CC2=NC=CC(=C2C=C1)NC(=O)NC3=NC(=CC=C3)Br,,,Inactive,0,1
49830696,CC1=CC(=C(C=C1Cl)NC(=O)NC2=NC=C(N=C2)C#N)OC,,,Inactive,0,1
49830698,COC1=CC2=NC=CC(=C2C=C1)NC(=O)NC3=NC=CC(=C3)C(F)(F)F,,,Inactive,0,1
49830699,C1=CC2=C(C=CN=C2C=C1C(F)(F)F)NC(=O)NC3=NC=C(C=C3)C#N,,,Inactive,0,1
49830700,C1=CC(=NC(=C1)NC(=O)NC2=C3C=CC(=CC3=NC=C2)C(F)(F)F)C(F)(F)F,,,Inactive,0,1
49830701,C1=CC2=C(C=CN=C2C(=C1)Cl)NC(=O)NC3=CC=CC(=N3)C(F)(F)F,,,Inactive,0,1
49830702,COC1=C(C=C(C(=C1)C(=O)O)Cl)NC(=O)NC2=NC=C(N=C2)C#N,,,Inactive,0,1
49830703,C1=CC2=C(C=CN=C2C(=C1)C(F)(F)F)NC(=O)NC3=CC=CC(=N3)C(F)(F)F,,,Inactive,0,1
49830708,CC(C1=CC(=CC=C1)OC)NC(=O)C2=CN=C(S2)C3=CC=NC=C3,,,Inactive,0,1
49830711,CS(=O)(=O)N(CC1=CC2=C(C=C1)NC(=O)C3=CC=CN32)C4CC4,,,Active,1,1
49830729,CC1=CC(=CC=C1)NC2=NC=CC(=N2)NC3=C(C(=O)C3=O)NC(C)C(C)(C)C,,,Inactive,0,1
49830730,CC(C(C)(C)C)NC1=C(C(=O)C1=O)NC2=NC(=NC=C2)NC3=CC(=C(C=C3)OC)OC,,,Inactive,0,1
49830731,CNC(=O)C1=CC2=C(NN=C2S1)C3=CC=CC=C3F,,,Inactive,0,1
49830736,CC(C)OC1=C(C=C(C=C1)C2=NOC(=N2)C3=CC=C(C=C3)NC4CCC(C4)C(=O)O)C(F)(F)F,,,Active,1,1
49830739,CC1=C(N=C2C=C(C=CC2=N1)NS(=O)(=O)C3=CC=C(C=C3)N)C,,,Inactive,0,1
49830742,C1=CC=C2C(=C1)C=C(S2)C3=CC(=CC4=C3NN=C4)C5=CN(C6=CN=C(N=C65)N)CC(=O)N,,,Active,1,1
49830744,C1=CC=C(C=C1)CC(COC2=CN=CC(=C2)C=CC3=CC=NC=C3)N,,,Inactive,0,1
49830745,C1=CC=C(C=C1)COCC(COC2=CN=CC(=C2)C=CC3=CC=NC=C3)N,,,Inactive,0,1
49830746,C1=CC=C2C(=C1)C=CC=C2CC(C(=O)NC3=CN=CC(=C3)C=CC4=CC=NC=C4)N,,,Inactive,0,1
49830757,CC1=C(C2=C(N=CN=C2N1C3CC(C3)CN4CCCC4)N)C5=CC(=CC=C5)OCC6=CC=CC=C6,,,Inactive,0,1
49830758,C1CCC(CC1)CNC(=O)C2=CC3=C(NN=C3S2)C4=CC=CC=C4,,,Inactive,0,1
49830759,CN1CCC(CC1)NC(=O)C2=CC3=C(NN=C3S2)C4=CC=CC=C4,,,Inactive,0,1
49830760,C1=CC=C(C=C1)C2=C3C=C(SC3=NN2)C(=O)NCC4=CC=C(C=C4)Cl,,,Inactive,0,1
49830762,CN(C)C1=CC=C(C=C1)CNC(=O)C2=CC3=C(NN=C3S2)C4=CC=CC=C4,,,Inactive,0,1
49830785,C1=CC(=C2C(=C1)NN=C2N)C3=CC=C(C=C3)Br,,,Inactive,0,1
49830787,CCCC(=O)NC1=NNC2=C1C=C(C=C2)C3=C(C(=CC=C3)F)F,,,Inactive,0,1
49830789,C1=CC(=CC(=C1)F)C2=CN=CC3=C2C=C(S3)C(=O)N,,,Inactive,0,1
49830790,C1=CC(=C(C(=C1C2=CN=CC3=C2C=C(S3)C(=O)N)F)F)Br,,,Inactive,0,1
49830791,CS(=O)(=O)C1=CC=C(C=C1)C2=CN=CC3=C2C=C(S3)C(=O)N,,,Inactive,0,1
49830792,C1=C(C=C(C=C1C(F)(F)F)C(F)(F)F)C2=CN=CC3=C2C=C(S3)C(=O)N,,,Inactive,0,1
49830794,C1=CC=C(C=C1)C2=CN=CC3=C2C=C(S3)C(=O)O,,,Inactive,0,1
49830795,CCS(=O)(=O)C1=CC=C(C=C1)C2=CN=CC3=C2C=C(S3)C(=O)N,,,Inactive,0,1
49830799,CC(C)CN1C2=C(C(=CC(=C2)C3=C(N=C4N3C=CS4)C5=CC=C(C=C5)F)F)N=C1N,,,Active,1,1
49830801,CC(C)(CC1=NN=C2N1N=C(C=C2)C3=C(N=C4N3C=CO4)C5=C(C=C(C=C5)F)F)O,,,Active,1,1
49830803,CC(C)(CO)C1=NN=C2N1N=C(C=C2)C3=C(N=C4N3C=CO4)C5=C(C=C(C=C5)F)F,,,Inactive,0,1
49830805,C1=CSC(=C1)C2=CC(=NC3=CC=NN32)C(=O)O,,,Inactive,0,1
49830806,CCCCN1C2=C(C=C(C=C2)N(C)C(=O)C3CCCCC3)N=C1NC(=O)C4=CC=CC(=C4)C#N,,,Inactive,0,1
49830813,CC1=NC2=C(S1)C=CC(=C2)C3=CSC4=C3C(=NC=C4C=CC(=O)NC)N,,,Inactive,0,1
49830814,C1=CC=C2C(=C1)NC(=N2)C=CC3=CN=C(C4=C3SC=C4C5=CC=C(C=C5)N)N,,,Inactive,0,1
49830816,CC1=CC2=CC(=CC(=C2N1)F)C3=CSC4=C3C(=NC=C4C=CC(=O)NC)N,,,Active,1,1
49830817,CNC(=O)C=CC1=CN=C(C2=C1SC=C2C3=CC4=C(C=C3)OCO4)N,,,Inactive,0,1
49830818,C1=CC=C2C(=C1)C(=NNC2=O)C3=CC=C(C=C3)NC(=O)C4=CC(=CC=C4)S(=O)(=O)NCCN,,,Inactive,0,1
49830819,C1=CC=C2C(=C1)C(=NNC2=O)C3=CC=C(C=C3)NC(=O)C4=CC(=CC=C4)S(=O)(=O)NCCCN,,,Inactive,0,1
49830823,CC(C)OC1=C(C(=O)NN1)C=C2C=NC3=CC=CC=C32,,,Inactive,0,1
49830824,CC(C1=CC(=CC=C1)OC)NC(=O)N2CCC(=CC2)C3=CNC4=C3C=CC=N4,,,Inactive,0,1
49830825,CC(C1=CC(=CC=C1)OC)NC(=O)C2=C(C=C(C=C2)C3=C(C=NC=C3)F)OC,,,Inactive,0,1
49830826,CC(C1=CC(=CC=C1)OC)NC(=O)C2=CC=C(C=C2)C3=NC=NC=C3,,,Inactive,0,1
49830832,CCCS(=O)(=O)NC1=CC=C(C=C1)C2=CC3=C(C=C2)NN=C3NC(=O)CC,,,Inactive,0,1
49830833,CCCS(=O)(=O)NC1=CC=C(C=C1)C2=CC3=C(C=C2)NN=C3NC(=O)C,,,Inactive,0,1
49830837,CC1=CC(=C(C=C1Cl)NC(=O)NC2=NC=C(N=C2)C#N)OCC3CCC(C3)C(=O)O,,,Inactive,0,1
49830838,CC1=CC(=C(C=C1Cl)NC(=O)NC2=NC=C(N=C2)C#N)OC3CCCC3,,,Inactive,0,1
49830839,C1C(C(COC2=NC(=CN=C2C#N)NC(=O)NC3=C(O1)C=CC(=C3)Cl)O)O,,,Inactive,0,1
49830850,CC(=C(C)C1=CC=CC2=C1NC(=C2CCCOC3=C(C(=CC=C3)Cl)Cl)C(=O)O)C,,,Active,1,1
49830854,CN1C=C(C(=N1)C2=CC=C(C=C2)F)C3=NC=NC=C3,,,Inactive,0,1
49830857,CCOC1=C(C(=CC(=N1)C(=O)NCC2=CC=NC=C2)N)C#N,,,Inactive,0,1
49830859,CC(=O)NC1=NC(=C(C(=C1)N)C#N)C2=CSC=C2,,,Inactive,0,1
49830863,CC1=CC(=C(C=C1)F)C2=CN3C(=NN=C3N)C=C2,,,Inactive,0,1
49830865,C1=CC2=C(C=C1C3=CN=C4C(=C3)C=CN4)NN=C2,,,Inactive,0,1
49830874,CN1C=C(C2=CC=CC=C21)C(CN)C3=CN=CC(=C3)C=CC4=CC=NC=C4,,,Inactive,0,1
49830876,C1=CC=C(C=C1)N2C=CC3=CN=C(N=C32)NC4=CC(=CC=C4)S(=O)(=O)N,,,Active,1,1
49830877,C1=CC=C(C=C1)CN2C=CC3=CN=C(N=C32)NC4=CC(=CC=C4)S(=O)(=O)N,,,Inactive,0,1
49830878,C1=CC(=CC=C1C2=C(N(C=N2)CCCO)C3=CC=NC=C3)F,,,Inactive,0,1
49830880,C1CNC(=O)C2=C1NC(=C2)C3=CC(=NC=C3)C=CC4=CC=CC=C4,,,Inactive,0,1
49830881,C1=CC(=C(C=C1CNC2=C(C(=O)C2=O)NC3=CC=NC=C3)Cl)Cl,,,Inactive,0,1
49830883,COC1=CC(=C(C=C1)CNC2=C(C(=O)C2=O)NC3=CC=NC=C3)OC,,,Active,1,1
49830884,CC(C)(C)OC(=O)N1C2=C(C=C(C=C2)NC3=C(C(=O)C3=O)NCC4=C(C=C(C=C4)Cl)Cl)C=N1,,,Inactive,0,1
49830885,CC(C)(C)OC(=O)N1C2=C(C=C(C=C2)NC3=C(C(=O)C3=O)NCC4=CC=C(C=C4)S(=O)(=O)N)C=N1,,,Inactive,0,1
49830890,CSC1=CC2=C(C=C1)N=C3C(=C2Cl)CCNC3=O,,,Inactive,0,1
49830891,CC1=C2C(=O)C(=CNC2=NC(=C1Cl)N3CCC(C3)CN)C(=O)O,,,Inactive,0,1
49830895,C1=CC(=C2C(=C1Cl)C(=C(S2)C(=O)N)N)Br,,,Inactive,0,1
49830896,CC1=NC2=C(C(=O)O1)SC3=C(C=CC(=C23)Cl)Br,,,Inactive,0,1
49830900,CC1=CC(=C2C(=C1)N=C(O2)NC3=C(C=C(C=C3)C4=C(C(=CC=C4)C(=O)N)N)F)C,,,Inactive,0,1
49830907,C1=CC=C(C=C1)C2=NC=C3N2C(=NC=C3)N,,,Inactive,0,1
49830917,CCOC(=O)C1=CN(C2=C(C1=O)C=CC(=C2)C3=CC=NC=C3)C4=C(C=C(C=C4)O)C,,,Inactive,0,1
49830925,C1=C(C2=C(N=CN=C2N1CC(C(CN)O)O)N)I,,,Inactive,0,1
49830927,CCCC(=O)NC1=NNC2=NC3=CC=CC=C3C=C21,,,Inactive,0,1
49830928,CCCC(=O)NC1=NN(C2=NC3=CC=CC=C3C=C12)C(=O)CC,,,Inactive,0,1
49830929,CCN1CCN(CC1)CCCC(=O)NC2=NNC3=NN=C(C=C32)C4=C(C(=CC=C4)F)F,,,Inactive,0,1
49830930,CCCC(=O)NC1=NNC2=NN=C(C=C21)C3=C(C(=CC=C3)F)F,,,Inactive,0,1
49830932,CCOC1=C(C(=CC(=N1)C(=O)NCC2=CC=CC=C2S(=O)(=O)N)N)Cl,,,Inactive,0,1
49830938,CC1=C2C(=C(C=NC2=NN1)C#N)C3=CC=CC=C3,,,Inactive,0,1
49830944,CCOC(=O)C1=CC2=C(C=C1)NC3=C2CCNC3=O,,,Inactive,0,1
49830947,C1=CC=C2C(=C1)NC3=NN=C(C=C3C(=O)N2)Cl,,,Inactive,0,1
49830951,C1=CC(=C(C=C1C2=C(C=NN2)C3=NC=NC=C3)Cl)Cl,,,Inactive,0,1
49830953,C1COCCN1C2=CC=C(C=C2)OCCC3=CC4=C(C=C3)NC5=C(C=CC(=C5)C6=CN(C7=C6C=CN=C7)CC8=CC(=C(C(=C8)F)F)F)C(=O)N4,,,Inactive,0,1
49830958,C1=CC=C(C=C1)C2=C3C(=CC=C2)NNC3=O,,,Inactive,0,1
49830959,C1=CC(=CC(=C1)N)C2=CC(=C3C(=C2)C=CC=N3)C(=O)N,,,Inactive,0,1
49830960,CC(C)(CO)C1=NN=C2N1N=C(C=C2)C3=C(N=C4N3CCC4)C5=C(C=C(C=C5)F)F,,,Inactive,0,1
49830963,C1=CC2=CN=C(C=C2C=C1C3=CSC=C3)NCCO,,,Inactive,0,1
49830966,CC1=C2C=C(N=CC2=NN1)C3=CC(=CN=C3)OCC(CC4=CC(=CC=C4)C(F)(F)F)N,,,Inactive,0,1
49830987,C1=CC(=CC=C1C2=CC(=CC(=C2O)CNC(=O)C(F)(F)F)NC3=NC=NC(=N3)N)Cl,,,Inactive,0,1
49830994,CC(C)(C)NC(=O)C1=CC2=C(C=C1)N=C3C(=N2)C4=CC=CC=C4N3,,,Inactive,0,1
49830998,COC1=C(C=C(C=C1)C=NNC2=NC=NC3=C2NC4=CC=CC=C43)OC,,,Inactive,0,1
49831000,C[C@@]12C(C(CC(O1)N3C4=CC=CC=C4C5=C6C(=C7C8=CC=CC=C8N2C7=C53)CNC6=O)NC)OC,,,Active,1,1
49831002,CC1=CN=C(C=C1)NC2=NC3=C(N2)C=C(C=C3)[N+](=O)[O-],,,Inactive,0,1
49831004,COCCN1C=C(C(=N1)C2=CC=C(C=C2)Cl)C3=NC=NC=C3,,,Inactive,0,1
49831008,CC1=CC(=NN1)NC2=CC(=NC(=N2)C=CC3=CC=CC=C3)N4CCN(CC4)C,,,Inactive,0,1
49831009,CN1C(=O)C(=C(N=C1NCC(CC2=CC=CC=C2)N)C3=CC=NC=C3)C4=CC5=CC=CC=C5C=C4,,,Active,1,1
49831012,CSC1=CNC2=C(C1=O)C=CC3=C2C=CN=C3,,,Inactive,0,1
49831015,C1=CC(=CC(=C1)O)C2=C3C(=CC=C2)ON=C3N,,,Inactive,0,1
49831016,C1C2=C(C=C(C=C2)Br)C3=C1C=NN3,,,Inactive,0,1
49831017,C1CC1N2C3=C(C(=C(C=C3C(=O)C4=C2SNC4=O)F)NCC5=CC=CC=C5)F,,,Inactive,0,1
49831024,C1COC2=C(C1N3C4=NC(=NC=C4NC3=O)N5C=NC6=C5C=C(C=C6)F)C=CC=C2F,,,Inactive,0,1
49831025,CC(=O)NC1=C(SC2=C1C(=C(C=C2)Cl)Cl)C(=O)N,,,Inactive,0,1
49831031,C1CC2=C(C(=O)C1)C(=O)C3=C(O2)C=C(C=C3)C(F)(F)F,,,Inactive,0,1
49831037,CC1=C(C=CC(=C1)O)N2C3=C(C=CC(=C3)Cl)C(=O)C4=C(N=C(N=C42)N)N,,,Inactive,0,1
49831039,CC1=NN(C2=C1C(=C(S2)C(=O)N)N)C,,,Inactive,0,1
49831041,C1=NC(=C2C(=N1)N(N=C2I)C3C(C(C(O3)CO)O)O)N,,,Inactive,0,1
51003603,CN(C1CCS(=O)(=O)CC1)C(=O)CNC(=O)/C=C/C2=CC(=CC=C2)Cl,,,Inactive,0,1
51039030,CCOC1=C(C=C2C(=C1)N=CC(=C2NC3=CC(=C(C=C3)OCC4=CC=CC=N4)Cl)C#N)NC(=O)/C=C/[C@H]5CCCN5C,,,Active,1,1
51348455,CS(=O)CCNCC1=CC=C(O1)C2=CC3=C(C=C2)N=CN=C3NC4=CC(=C(C=C4)OCC5=CC(=CC=C5)F)Cl,,,Active,1,1
71226662,CC#CC(=O)N1CCC[C@H]1C2=NC(=C3N2C=CN=C3N)C4=CC=C(C=C4)C(=O)NC5=CC=CC=N5,,,Active,1,1
71556703,CC1=C(C=C(C=C1)NC(=O)C2=CC(=CC=C2)C(F)(F)F)C(=O)NC3=CN=C(N=C3)NC4=CC(=CC=C4)NC(=O)CNC(=O)C=C,,,Active,1,1
135398504,CC1=CC(=CC2=C1N=C(N2)C3=C(C=CNC3=O)NCC(C4=CC(=CC=C4)Cl)O)N5CCOCC5,,,Inactive,0,1
135398510,CN1CCN(CC1)C2=CC3=C(C=C2)N=C(N3)C4=C(C5=C(C=CC=C5F)NC4=O)N,,,Inactive,0,1
135398512,CC1=C2C(=NN1)NC3=CC(=C(C=C3C(=N2)C4=CC=CC=C4Cl)F)OC,,,Inactive,0,1
135435475,COC1=C(C=CC(=C1)C=C2C(=O)NC(=NC3=CC=CC=C3)S2)O,,,Inactive,0,1
135444250,COC1=C(C=C(C=C1)C=C2C(=O)NC(=NC3=CC=CC=C3)S2)O,,,Inactive,0,1
135451585,C1=CC2=C(C=C1Cl)C3=C(O2)C(=O)NC=N3,,,Inactive,0,1
135465267,CC1=C(C2=NC3=CC=CC=C3N2C(=O)C1=CO)C#N,,,Inactive,0,1
135497772,C1=CC2=C(C=C1Cl)C3=C(C(=O)NC(=C3C(=N)O2)O)C#N,,,Inactive,0,1
135515045,C1CCC2=C(C1)C3=C(S2)NC(=O)N4C3=NC(=N4)C5=CC=NC=C5,,,Inactive,0,1
135533388,COC1=CC=CC(=C1)C=C2C(=O)NC(=NC3=CC=CC=C3)S2,,,Inactive,0,1
135543617,C1C(C1C(=O)NC2=CC3=C4C(=C2)NC=C4C=NNC3=O)C5=CC=CC=C5,,,Inactive,0,1
135564570,C1COCCN1CC2=CN=C(C=C2)C3=C(NC4=C3C=C(C=C4)C#N)O,,,Inactive,0,1
135566504,C1=CC(=C2C(=C1Cl)C3=C(S2)C(=O)NC=N3)Cl,,,Inactive,0,1
135566832,C1=CC(=CC=C1C2=C(NN=C2NC3=CC=C(C=C3)O)C4=CC=C(C=C4)O)O,,,Inactive,0,1
136027061,CC(=NNC(=N)N)C1=CC(=CC(=C1)NC(=O)C2=CC(=CC=C2)C(=O)NC3=CC(=CC(=C3)C(=NNC(=N)N)C)C(=NNC(=N)N)C)C(=NNC(=N)N)C,,,Inactive,0,1
136027062,C1CCC(CC1)NC2=NC(=CC(=O)N2)C3=CC=NC=C3,,,Inactive,0,1
136027064,CC(C)(C)C1=CC2=C(C=C1)N=C(N2)C3=NNC4=CC=CC=C43,,,Inactive,0,2
136027068,C1CCC2=C(C1)C3=C(S2)NC(=O)N4C3=NC(=N4)C5=CC=CC=C5,,,Inactive,0,1
136027069,C1=CN=CC=C1C2=NN3C(=N2)C4=C(NC3=O)SC=C4,,,Inactive,0,1
136027071,C1=CC(=CC(=C1)Cl)C2=CN3C(=N2)C(=CNC3=O)I,,,Inactive,0,1
136027072,CC1=C(C=CC2=C1CCCC2=NNC(=O)CC3=CC=CC4=CC=CC=C43)O,,,Inactive,0,1
136027078,C1=CC(=CC=C1OC2=CN=CC3=C2C=C(S3)C4=NOC(=O)N4)I,,,Inactive,0,1
136027083,C1C(NN=C1C2=C(C3=C(C=CC(=C3)Cl)NC2=O)C4=CC=CC=C4)C5=CC=CC=C5,,,Inactive,0,1
136027088,C1=CC(=CC(=C1)Cl)NC2=NNC(=C2C3=CC=C(C=C3)O)C4=CC=C(C=C4)O,,,Inactive,0,1
136027090,CC(=NNC(=O)C1=C(N=NN1C2=NON=C2N)COC)C3=C(C=C(C=C3)O)O,,,Inactive,0,1
160283094,CC1=C(C=CC(=C1)NC2=NC=NC3=CN=C(N=C32)N4CCC(CC4)NC(=O)C=C)OC5=CC6=C(C=C5)N(C=N6)C,0.094,7.026872146400302,Active,1,1
166543696,CC1=C(C=CC(=C1F)NC2=NC=NC3=C2N=C(C=C3)N4CCN(C5(C4)CC5)C(=O)C=C)OC6=CC7=C(C=C6)N(C=N7)C,0.0141,7.85078088734462,Active,1,1
166543697,CC1=C(C=CC(=C1F)NC2=NC=NC3=C2N=C(C=C3)SC4CCN(CC4)C(=O)C=C)OC5=CC6=C(C=C5)N(C=N6)C,0.2754,6.560036064079095,Active,1,1
166543702,CC1=NC2=C(S1)C=CC(=C2)OC3=C(C(=C(C=C3)NC4=NC=NC5=C4N=C(C=C5)OC6CCN(CC6)C(=O)C=C)F)Cl,10.0,5.0,Inactive,0,1
166543703,CC1=C(C=CC(=C1F)NC2=NC=NC3=C2N=C(C=C3)N4CCN(C(C4)(C)C)C(=O)C(=C)F)OC5=CC6=NC=NN6C=C5,0.1004,6.998266287190999,Active,1,1
166543705,CN1C=NC2=C1C=CC(=C2)OC3=C(C=C(C=C3)NC4=NC=NC5=C4N=C(C=C5)N6CCN(CC6)C(=O)C=C)Cl,0.0087,8.060480747381382,Active,1,1
166543709,CC1=CC(=C(C=C1OC2=CC3=NC=NN3C=C2)F)NC4=NC=NC5=C4N=C(C=C5)N6CC7CCC(C6)N7C(=O)C=C,0.0906,7.042871802323187,Active,1,1
166543711,COC1=C(N=C2C(=C1)N=CN=C2NC3=C(C(=C(C=C3)OC4=CC5=NC=NN5C=C4)Cl)F)N6CC7CCN(C7C6)C(=O)C=C,0.0085,8.070581074285707,Active,1,1
166543713,C[C@H]1CN(CCN1C(=O)C=C)C2=C(C=C3C(=N2)C(=NC=N3)NC4=C(C(=C(C=C4)OC5=CC6=NC=NN6C=C5)C)F)Cl,0.3232,6.4905286478974515,Active,1,1
166543715,CC1=C(C=CC(=C1)NC2=NC=NC3=C2N=C(C=C3)C4CCCN(CC4)C(=O)C=C)OC5=CC6=NC=NN6C=C5,0.0092,8.036212172654444,Active,1,1
166543716,CC1=C(C=CC(=C1F)NC2=NC=NC3=C2N=C(C=C3)[C@H]4C[C@@H]5CC[C@H]4N(C5)C(=O)C=C)OC6=CC7=NC=NN7C=C6,0.0154,7.812479279163537,Active,1,1
166543718,CC1=C(C=CC(=C1F)NC2=NC=NC3=C2N=C(C=C3)[C@H]4C[C@H]5CC[C@@H]4CN5C(=O)C=C)OC6=CC7=NC=NN7C=C6,0.0188,7.72584215073632,Active,1,2
166543719,CC1=C(C=CC(=C1F)NC2=NC=NC3=C2N=C(C=C3)N4C5CC4CN(C5)C(=O)C=C)OC6=CC7=C(C=C6)N(C=N7)C,0.1642,6.784626847216578,Active,1,1
166543720,CC1=CC(=C(C=C1OC2=CC3=C(N=C2)N(C=N3)C)F)NC4=NC=NC5=C4N=C(C=C5)N6CC7CC(C6)N7C(=O)C=C,2.5573,5.592218321366652,Active,1,1
166543727,CC1=CC(=C(C=C1OC2=CC3=C(N=C2)N(C=N3)C)F)NC4=NC=NC5=C4N=C(C=C5)N6C[C@@H]7CC[C@H]6CN7C(=O)C=C,0.0508,7.294136287716081,Active,1,1
166543730,CC1=C(C=CC(=C1F)NC2=NC=NC3=CC(=C(N=C32)N4CCN(CC4)C(=O)C=C)OC)OC5=CC6=NC=NN6C=C5,0.0373,7.428291168191312,Active,1,1
166543733,CC1=CC(=C(C=C1OC2=CC3=NC=NN3C=C2)F)NC4=NC=NC5=C4N=C(C=C5)C6C[C@H]7CC[C@@H](C6)N7C(=O)C(=C)F,0.1499,6.824198367151721,Active,1,1
166543734,CC1=C(C=CC(=C1F)NC2=NC=NC3=C2N=C(C=C3)[C@@H]4C[C@@H]5CC[C@H]4N(C5)C(=O)C=C)OC6=CC7=NC=NN7C=C6,0.0097,8.013228265733755,Active,1,1
166543735,CC1=CC(=C(C=C1OC2=CC3=C(N=C2)N(C=N3)C)F)NC4=NC=NC5=C4N=C(C=C5)N6C[C@H]7CC[C@@H]6CN7C(=O)C=C,2.3275,5.63311031034662,Active,1,1
166543736,CC1=C(C=CC(=C1F)NC2=NC=NC3=C2N=C(C=C3)C4C[C@H]5CC[C@@H](C4)N5C(=O)C=C)OC6=CC7=C(C=C6)N(C=N7)C,0.0327,7.485452247339714,Active,1,2
166543737,CC1=C(C=CC(=C1F)NC2=NC=NC3=C2N=C(C=C3)N4CCC5(C4)CN(C5)C(=O)C=C)OC6=CC7=NC=NN7C=C6,0.1045,6.980883709552927,Active,1,1
166543739,CC1=C(C=CC(=C1)NC2=NC=NC3=C2N=C(C=C3)[C@@H]4CCCN(C4)C(=O)C=C)OC5=CC6=C(C=C5)N(C=N6)C,0.0062,8.207608310501746,Active,1,1
166543740,CC1=C(C=CC(=C1F)NC2=NC=NC3=C2N=C(C=C3)N4C[C@@H]5C[C@H]4CCN5C(=O)C=C)OC6=CC7=C(C=C6)N(C=N7)C,0.0365,7.437707135543525,Active,1,1
166543741,CC1=C(C=CC(=C1F)NC2=NC=NC3=C2N=C(C=C3)N4CCC(N(CC4)C(=O)C=C)(C)C)OC5=CC6=C(C=C5)N(C=N6)C,0.6641,6.177766519761156,Active,1,1
166543743,CC(C)(C)[C@@H]1CN(CCN1C(=O)C=C)C2=NC3=C(C=C2)N=CN=C3NC4=CC(=C(C=C4F)OC5=CC6=NC=NN6C=C5)Cl,10.0,5.0,Inactive,0,1
166543744,CC1=CC(=C(C=C1OC2=CC3=NC=NN3C=C2)F)NC4=NC=NC5=C4N=C(C=C5)C6[C@@H]7CC[C@H]6CN(C7)C(=O)C=C,0.1333,6.875169850586141,Active,1,1
166543745,CC1=C(C=CC(=C1F)NC2=NC=NC3=C2N=C(C=C3)N4CCN([C@H](C4)C5CC5)C(=O)C=C)OC6=CC7=C(C=C6)N(C=N7)C,0.3416,6.466482137983032,Active,1,1
166543746,CC1=CC(=C(C=C1OC2=CC3=NC=NN3C=C2)F)NC4=NC=NC5=C4N=C(C=C5)[C@H]6CC[C@@H]7C[C@H]6CN7C(=O)C=C,0.0681,7.166852888087215,Active,1,1
166543748,CC1(CN(CCN1C(=O)C=C)C2=NC3=C(C=C2)N=CN=C3NC4=CC(=C(C=C4)OC5=CC6=C(N=C5)N(C=N6)C)Cl)C,0.0118,7.928117992693875,Active,1,1
166543749,CC1=C(C=CC(=C1)NC2=NC=NC3=C2N=C(C=C3)SC4CCN(CC4)C(=O)C=C)OC5=CC6=C(C=C5)N(C=N6)C,0.0254,7.595166283380062,Active,1,1
166543750,C=CC(=O)N1C[C@H]2C[C@@H]1CN2C3=NC4=C(C=C3)N=CN=C4NC5=C(C(=C(C=C5)OC6=CC7=NC=NN7C=C6)Cl)F,0.126,6.8996294548824375,Active,1,1
166543751,CC1=CC(=C(C=C1OC2=CC3=NC=NN3C=C2)F)NC4=NC=NC5=C4N=C(C=C5)N6CCN(CC6)C(=O)C=C,0.1038,6.983802646487561,Active,1,1
166543753,CC1=C(C=CC(=C1F)NC2=NC=NC3=C2N=C(C=C3)N4C[C@H]5C[C@@H]4CN5C(=O)C=C)OC6=CC7=C(C=C6)N(C=N7)C,0.0815,7.088842391260023,Active,1,1
166543754,CC1=C(C=CC(=C1)NC2=NC=NC3=C2N=C(C=C3)N4CCN(C(C4)(C)C)C(=O)C=C)OC5=CC6=C(C=C5)N(C=N6)C,0.0029,8.537602002101044,Active,1,1
166543755,CC#CC(=O)N1CCN(CC12CC2)C3=NC4=C(C=C3)N=CN=C4NC5=C(C(=C(C=C5)OC6=CC7=NC=NN7C=C6)C)F,0.0273,7.5638373529592435,Active,1,1
166543759,CC1=C(C=CC(=C1F)NC2=NC=NC3=C2N=C(C=C3)[C@H]4CC[C@@H]5C[C@H]4CN5C(=O)C=C)OC6=CC7=NC=NN7C=C6,0.0289,7.539102157243452,Active,1,1
166543761,C=CC(=O)N1CCC(CC1)OC2=NC3=C(C=C2)N=CN=C3NC4=CC(=C(C=C4)OC5=CC6=NC=CN6N=C5)Cl,0.4234,6.373249146316607,Active,1,1
166543763,CC1=CC(=C(C=C1OC2=CC3=NC=NN3C=C2)F)NC4=NC=NC5=C4N=C(C=C5)[C@@H]6C[C@@H]7CC[C@H]6N(C7)C(=O)C=C,0.0875,7.057991946977687,Active,1,1
166543764,CC1(CN(CCN1C(=O)C=C)C2=NC3=C(C=C2)N=CN=C3NC4=CC(=C(C=C4F)OC5=CC6=NC=NN6C=C5)F)C,0.1468,6.833273944419949,Active,1,1
166543766,C=CC(=O)N1[C@@H]2CC[C@H]1[C@@H](C2)C3=NC4=C(C=C3)N=CN=C4NC5=C(C(=C(C=C5)OC6=CC7=NC=NN7C=C6)Cl)F,0.0072,8.142667503568731,Active,1,1
166543767,C=CC(=O)N1[C@@H]2CC[C@H]1CC(C2)C3=NC4=C(C=C3)N=CN=C4NC5=C(C(=C(C=C5)OC6=CC7=NC=NN7C=C6)Cl)F,0.0216,7.665546248849069,Active,1,1
166543769,CC[C@@H]1CN(CCN1C(=O)C=C)C2=NC3=C(C=C2)N=CN=C3NC4=CC(=C(C=C4)OC5=CC6=C(C(=C5)F)N(C=N6)C)C,0.0129,7.889410289700751,Active,1,1
166543774,CC1=C(C=CC(=C1F)NC2=NC=NC3=C2N=C(C=C3)N4CCN(CC4)C(=O)C(=C)C)OC5=CC6=NC=NN6C=C5,0.1269,6.896538377905295,Active,1,1
166543775,CC#CC(=O)N1C[C@@H]2CC[C@H]1CN2C3=NC4=C(C=C3)N=CN=C4NC5=C(C(=C(C=C5)OC6=CC7=NC=NN7C=C6)C)F,0.1028,6.988006885340743,Active,1,2
166543777,CC1=C(C=CC(=C1F)NC2=NC=NC3=C2N=C(C=C3)OC4CCN(CC4)C(=O)C=C)OC5=CC6=C(C=C5)SC(=N6)C,2.3979,5.62016893231046,Active,1,1
166543783,CC1=C(C=CC(=C1)NC2=NC=NC3=C2N=C(C=C3)OC4CCN(CC4)C(=O)C=C)OC5=CC6=NN(C=C6C=C5)C,0.2597,6.585528050370697,Active,1,1
166543784,CC1=C(C=CC(=C1F)NC2=NC=NC3=C2N=C(C=C3)OC4CCN(CC4)C(=O)C=C)OC5=CC6=NC=NN6C=C5,0.0483,7.316052869248487,Active,1,2
166543785,CC1=C(C=CC(=C1F)NC2=NC=NC3=C2N=C(C=C3)N4CC5CCC(C4)N5C(=O)C=C)OC6=CC7=NC=NN7C=C6,0.012,7.920818753952375,Active,1,1
166543786,CC1=C(C=CC(=C1)NC2=NC=NC3=C2N=C(C=C3)[C@H]4CCN(C(C4)(C)C)C(=O)C=C)OC5=CC6=C(C(=C5)F)N(C=N6)C,0.1449,6.838931614528826,Active,1,1
166543787,C=CC(=O)N1CCN(C[C@@H]1C2CC2)C3=NC4=C(C=C3)N=CN=C4NC5=CC(=C(C=C5F)OC6=CC7=NC=NN7C=C6)Cl,0.0148,7.8297382846050425,Active,1,1
166543788,CC1=C(C=CC(=C1F)NC2=NC=NC3=C2N=C(C=C3)[C@@H]4CC(N(C4)C(=O)C=C)(C)C)OC5=CC6=NC=NN6C=C5,0.0585,7.232844133917819,Active,1,1
166543791,CC1=C(C=CC(=C1F)NC2=NC=NC3=C2N=C(C=C3)N4CCN(C(C4)(C)C)C(=O)C=C)OC5=CC6=C(N=C5)N(C=N6)C,0.0715,7.14569395819892,Active,1,1
166543793,C=CC(=O)N1CCN(C[C@@H]1C(F)(F)F)C2=NC3=C(C=C2)N=CN=C3NC4=C(C(=C(C=C4)OC5=CC6=NC=NN6C=C5)Cl)F,0.0023,8.638272163982407,Active,1,1
166543800,C=CC(=O)N1CC[C@@H]2[C@H]1CN(C2)C3=NC4=C(C=C3)N=CN=C4NC5=C(C(=C(C=C5)OC6=CC7=NC=NN7C=C6)Cl)F,0.0186,7.730487055782084,Active,1,1
166543801,CC1=C(C=CC(=C1)NC2=NC=NC3=C2N=C(C=C3)N4CCN(CC4)C(=O)C=C)OC5=CC6=C(C(=C5)F)N(C=N6)C,0.01,8.0,Active,1,1
166543803,CC1=C(C=CC(=C1F)NC2=NC=NC3=C2N=C(C=C3)C4[C@@H]5CC[C@H]4CN(C5)C(=O)C=C)OC6=CC7=NC=NN7C=C6,0.0489,7.31069114087638,Active,1,1
166543804,CC1=CC(=C(C=C1OC2=CC3=NC=NN3C=C2)F)NC4=NC=NC5=C4N=C(C=C5)[C@@H]6CC[C@@H]7CC[C@H]6N7C(=O)C=C,0.0624,7.204815410317576,Active,1,1
166543807,CC1=C(C=CC(=C1F)NC2=NC=NC3=C2N=C(C=C3)C4C[C@@H]5CN(C[C@@H]5C4)C(=O)C=C)OC6=CC7=NC=NN7C=C6,0.0162,7.790484985457369,Active,1,1
166543808,CN1C=NC2=C1N=CC(=C2)OC3=C(C=C(C=C3)NC4=NC=NC5=C4N=C(C=C5)N6CCCN(CC6)C(=O)C=C)Cl,0.1841,6.734946211495985,Active,1,1
166543815,CC1=C(C=CC(=C1F)NC2=NC=NC3=C2N=C(C=C3)[C@@H]4C[C@H]5CC[C@@H]4N5C(=O)C=C)OC6=CC7=C(C=C6)N(C=N7)C,0.0114,7.943095148663527,Active,1,1
166543816,CC(C)[C@H]1CN(CCN1C(=O)C=C)C2=NC3=C(C=C2)N=CN=C3NC4=C(C(=C(C=C4)OC5=CC6=NC=NN6C=C5)Cl)F,0.0505,7.296708621881338,Active,1,1
166543817,CC1(CN(CCN1C(=O)C=C)C2=NC3=C(C=C2)N=CN=C3NC4=CC(=C(C=C4)OC5=CC6=NC=NN6C=C5)C(F)(F)F)C,0.184,6.735182176990463,Active,1,1
166543819,C=CC(=O)N1C[C@@H]2CC[C@H]1CN2C3=NC4=C(C=C3)N=CN=C4NC5=CC(=C(C=C5F)OC6=CC7=NC=NN7C=C6)Cl,0.0046,8.337242168318426,Active,1,1
166543820,CC1=C(C=CC(=C1)OC2=NC=NC3=CC(=C(N=C32)N4CCN(CC4)C(=O)C=C)OC)OC5=CC6=C(C=C5)N(C=N6)C,0.13,6.886056647693163,Active,1,1
166543822,CC1=C(C=CC(=C1F)NC2=NC=NC3=C2N=C(C=C3)[C@H]4C[C@H]5CCC[C@@H]4N5C(=O)C=C)OC6=CC7=NC=NN7C=C6,0.0098,8.008773924307505,Active,1,1
166543824,C[C@@H]1C[C@H](CN1C(=O)C=C)C2=NC3=C(C=C2)N=CN=C3NC4=C(C=C(C(=C4)C)OC5=CC6=C(C=C5)N(C=N6)C)F,0.1319,6.879755204453635,Active,1,1
166543825,CC1=C(C=CC(=C1F)NC2=NC=NC3=C2N=C(C=C3)[C@@H]4C[C@@H]5C[C@H]4CN5C(=O)C=C)OC6=CC7=C(C=C6)N(C=N7)C,0.0133,7.876148359032914,Active,1,1
166543826,C=CC(=O)N1C[C@H]2CC[C@@H]1CN2C3=NC4=C(C=C3)N=CN=C4NC5=C(C(=C(C=C5)OC6=CC7=NC=NN7C=C6)Cl)F,0.05,7.301029995663981,Active,1,1
166543827,CC1=C(C=CC(=C1F)NC2=NC=NC3=C2N=C(C=C3)C4CCCN(CC4)C(=O)C=C)OC5=CC6=C(N=C5)N(C=N6)C,0.0786,7.104577453960592,Active,1,1
166543828,C=CC(=O)N1CCCN(CC1)C2=NC3=C(C=C2)N=CN=C3NC4=CC(=C(C=C4)OC5=CC6=NC=NN6C=C5)Cl,0.019,7.721246399047171,Active,1,1
166543830,CC1=C(C=CC(=C1F)NC2=NC=NC3=C2N=C(C=C3)N4C5CC4CN(C5)C(=O)C=C)OC6=CC7=C(N=C6)N(C=N7)C,0.3145,6.502379350218712,Active,1,1
166543831,CC1=CC(=C(C=C1OC2=CC3=C(C=C2)N(C=N3)C)F)NC4=NC=NC5=C4N=C(C=C5)[C@@H]6C[C@@H]7C[C@H]6CN7C(=O)C=C,0.0436,7.360513510731414,Active,1,1
166543835,CC1=C(C=CC(=C1)NC2=NC=NC3=C2N=C(C=C3)[C@@H]4CCCCN(C4)C(=O)C=C)OC5=CC6=C(C=C5)N(C=N6)C,0.0134,7.872895201635193,Active,1,1
166543836,CC1=CC(=C(C=C1OC2=CC3=C(C=C2)N(C=N3)C)F)NC4=NC=NC5=C4N=C(C=C5)[C@H]6CCN(CC(C6)(C)C)C(=O)C=C,10.0,5.0,Inactive,0,1
166543838,CC#CC(=O)N1CCN(C[C@H]1C)C2=NC3=C(C=C2)N=CN=C3NC4=C(C(=C(C=C4)OC5=CC6=NC=NN6C=C5)Cl)F,0.008,8.096910013008056,Active,1,1
166543840,CC1=CC(=C(C=C1OC2=CC3=C(N=C2)N(C=N3)C)F)NC4=NC=NC5=C4N=C(C=C5)N6CCN(C(C6)(C)C)C(=O)C=C,0.1216,6.915066425063284,Active,1,1
166543841,C[C@H]1CC(C[C@@H](N1C(=O)C=C)C)C2=NC3=C(C=C2)N=CN=C3NC4=C(C(=C(C=C4)OC5=CC6=C(C=C5)N(C=N6)C)C)F,0.0797,7.098541678603888,Active,1,1
166543842,CN1C=NC2=C1N=CC(=C2)OC3=C(C=C(C(=C3)F)NC4=NC=NC5=C4N=C(C=C5)N6CCN([C@@H](C6)C7CC7)C(=O)C=C)Cl,0.3075,6.5121548798885645,Active,1,1
166543845,CC1=C(C=CC(=C1F)NC2=NC=NC3=C2N=C(C=C3)N4CCN([C@H](C4)C5CC5)C(=O)C=C)OC6=CC7=C(N=C6)N(C=N7)C,0.5193,6.284581677404944,Active,1,1
166543846,C=CC(=O)N1C2CCC1CN(C2)C3=NC4=C(C=C3)N=CN=C4NC5=C(C(=C(C=C5)OC6=CC7=NC=NN7C=C6)Cl)F,0.0117,7.931814138253839,Active,1,1
166543847,CC1=C(C=CC(=C1F)NC2=NC=NC3=C2N=C(C=C3)N4C[C@@H]5C[C@H]4CN5C(=O)C=C)OC6=CC7=NC=NN7C=C6,0.038,7.42021640338319,Active,1,1
166543850,COC1=C(N=C2C(=C1)N=CN=C2NC3=C(C(=C(C=C3)OC4=CC5=NC=NN5C=C4)Cl)F)OC6CCN(CC6)C(=O)C=C,0.0055,8.259637310505756,Active,1,2
166543851,CC1=CC(=C(C=C1OC2=CC3=NC=NN3C=C2)F)NC4=NC=NC5=C4N=C(C=C5)C6C[C@H]7CC[C@@H](C6)N7C(=O)C=C,0.1512,6.820448208834812,Active,1,2
166543852,CC1=C(C=CC(=C1F)NC2=NC=NC3=C2N=C(C=C3)C4CCN(CC4)C(=O)C=C)OC5=CC6=C(C=C5)N(C=N6)C,0.0158,7.801342913045578,Active,1,1
166543853,CC1=CC(=C(C=C1OC2=CC3=C(N=C2)N(C=N3)C)F)NC4=NC=NC5=C4N=C(C=C5)N6CCN(C7(C6)CC7)C(=O)C=C,0.0316,7.5003129173815966,Active,1,1
166543856,CC1=CC(=C(C=C1OC2=CC3=C(C=C2)N(C=N3)C)F)NC4=NC=NC5=C4N=C(C=C5)N6CCN(C7(C6)CC7)C(=O)C=C,0.0195,7.709965388637482,Active,1,1
166543858,CC1=C(C=CC(=C1F)NC2=NC=NC3=C2N=C(C=C3)N4C[C@@H]5CCN([C@@H]5C4)C(=O)C=C)OC6=CC7=NC=NN7C=C6,0.0345,7.462180904926726,Active,1,1
166543862,CC1=C(C=CC(=C1)NC2=NC=NC3=C2N=C(C=C3)[C@@H]4C[C@@H]5C[C@H]4N(C5)C(=O)C=C)OC6=CC7=NC=NN7C=C6,0.0195,7.709965388637482,Active,1,1
166543863,C[C@@H]1CN(C[C@@H](N1C(=O)C=C)C)C2=NC3=C(C=C2)N=CN=C3NC4=C(C(=C(C=C4)OC5=CC6=NC=NN6C=C5)C)F,0.0878,7.056505484093897,Active,1,1
166543865,CC1=C(C=CC(=C1)NC2=NC=NC3=C2N=C(C=C3)N4CCN(C(C4)(C)C)C(=O)C=C)OC5=CC6=C(N=C5)N(C=N6)C,0.0279,7.554395796726403,Active,1,1
166543870,CC1=C(C=CC(=C1F)NC2=NC=NC3=C2N=C(C=C3)N4C[C@@H]5CC[C@H]4CN5C(=O)C=C)OC6=CC7=NC=NN7C=C6,0.0047,8.327902142064282,Active,1,1
166543871,CC1=C(C=CC(=C1F)NC2=NC=NC3=C2N=C(C=C3)N4C[C@H]5CC[C@@H](C4)N(C5)C(=O)C=C)OC6=CC7=NC=NN7C=C6,0.0128,7.892790030352131,Active,1,1
166543877,CC1=CC(=C(C=C1OC2=CC3=C(C=C2)N(C=N3)C)F)NC4=NC=NC5=C4N=C(C=C5)N6C[C@@H]7C[C@H]6CCN7C(=O)C=C,0.0068,8.167491087293763,Active,1,1
166543879,CC1=CC(=C(C=C1OC2=CC3=C(C=C2)N(C=N3)C)F)NC4=NC=NC5=C4N=C(C=C5)N6C[C@H]7C[C@@H](C6)N(C7)C(=O)C=C,0.4606,6.336676066371788,Active,1,1
166543881,C[C@H]1C[C@@H](CN1C(=O)C=C)C2=NC3=C(C=C2)N=CN=C3NC4=C(C=C(C(=C4)C)OC5=CC6=C(C=C5)N(C=N6)C)F,0.0411,7.386158178123931,Active,1,1
166543882,CC1=C(C=CC(=C1F)NC2=NC=NC3=C2N=C(C=C3)N4CCN(C5(C4)CC5)C(=O)C=C)OC6=CC7=C(N=C6)N(C=N7)C,0.0673,7.171984935776023,Active,1,1
166543883,CC1=C(C=CC(=C1F)NC2=NC=NC3=C2N=C(C=C3)N4C[C@H]5CC[C@@H]4CN5C(=O)C=C)OC6=CC7=NC=NN7C=C6,0.1716,6.7654827164873135,Active,1,1
166543888,CC1=CC(=C(C=C1OC2=CC3=NC=NN3C=C2)F)NC4=NC=NC5=C4N=C(C=C5)N6C[C@@H]7CC[C@H]6CN7C(=O)C=C,0.0081,8.09151498112135,Active,1,1
166543891,C=CC(=O)N1CCCC(CC1)C2=NC3=C(C=C2)N=CN=C3NC4=C(C(=C(C=C4)OC5=CC6=NC=NN6C=C5)Cl)F,0.0019,8.721246399047171,Active,1,1
166543892,C=CC(=O)N1C[C@H]2C[C@@H]([C@@H]1C2)C3=NC4=C(C=C3)N=CN=C4NC5=C(C(=C(C=C5)OC6=CC7=NC=NN7C=C6)Cl)F,0.0136,7.866461091629782,Active,1,1
166543893,CC1(CN(CCN1C(=O)C=C)C2=NC3=C(C=C2)N=CN=C3NC4=C(C=C(C=C4)OC5=CC6=NC=NN6C=C5)C(F)(F)F)C,0.3698,6.4320330931768455,Active,1,1
166543895,CC1(CN(CCCN1C(=O)C=C)C2=NC3=C(C=C2)N=CN=C3NC4=C(C(=C(C=C4)OC5=CC6=NC=NN6C=C5)Cl)F)C,0.0134,7.872895201635193,Active,1,1
166543897,CC1(C[C@H](CCN1C(=O)C=C)C2=NC3=C(C=C2)N=CN=C3NC4=CC(=C(C=C4)OC5=CC6=C(N=C5)N(C=N6)C)Cl)C,0.1241,6.90622821850127,Active,1,1
166543898,C[C@@H]1CN(C[C@@H](N1C(=O)C=C)C)C2=NC3=C(C=C2)N=CN=C3NC4=C(C=C(C(=C4)C)OC5=CC6=C(C=C5)N(C=N6)C)F,0.0575,7.2403321553103694,Active,1,1
166543899,CC1=CC(=C(C=C1OC2=CC3=NC=NN3C=C2)F)NC4=NC=NC5=C4N=C(C=C5)[C@H]6C[C@@H]7C[C@H](C6)N(C7)C(=O)C=C,0.0681,7.166852888087215,Active,1,1
166543901,CC1=C(C=CC(=C1F)NC2=NC=NC3=C2N=C(C=C3)[C@H]4C[C@@H]5CC[C@H]4N5C(=O)C=C)OC6=CC7=NC=NN7C=C6,0.0167,7.777283528852417,Active,1,1
166543902,CC1=C(C=CC(=C1)NC2=NC=NC3=C2N=C(C=C3)N4C[C@H]5CCN([C@H]5C4)C(=O)C=C)OC6=CC7=C(C=C6)N(C=N7)C,0.038,7.42021640338319,Active,1,1
166543903,CC1=C(C=CC(=C1)NC2=NC=NC3=C2N=C(C=C3)N4CCN(CC4)C(=O)C=C)OC5=CC6=C(C=C5)N(C=N6)C,0.0119,7.924453038607469,Active,1,1
166543904,C=CC(=O)N1C[C@H]2CC[C@@H]1CN2C3=NC4=C(C=C3)N=CN=C4NC5=CC(=C(C=C5F)OC6=CC7=NC=NN7C=C6)Cl,0.2387,6.6221475809932455,Active,1,1
166543905,C[C@@H]1CC[C@@H](CN1C(=O)C=C)C2=NC3=C(C=C2)N=CN=C3NC4=C(C=C(C(=C4)C)OC5=CC6=C(C=C5)N(C=N6)C)F,0.2613,6.5828605902726745,Active,1,1
166543907,CC1=C(C=CC(=C1F)NC2=NC=NC3=C2N=C(C=C3)N4CCN(C(C4)(C)C)C(=O)C=C)OC5=CC6=NC=NN6C=C5,0.0143,7.844663962534939,Active,1,1
166543908,CC1=C(C=CC(=C1F)NC2=NC=NC3=C2N=C(C=C3)[C@@H]4C[C@H]5CC[C@@H]4N5C(=O)C=C)OC6=CC7=NC=NN7C=C6,0.0073,8.136677139879543,Active,1,2
166543910,CC1=C(C=CC(=C1F)NC2=NC=NC3=C2N=C(C=C3)C4CCC5(CC5)N(C4)C(=O)C=C)OC6=CC7=C(C=C6)N(C=N7)C,0.0211,7.675717544702307,Active,1,1
166543915,CC1=C(C=CC(=C1F)NC2=NC=NC3=C2N=C(C=C3)N4C[C@H]5C[C@@H]4CCN5C(=O)C=C)OC6=CC7=C(C=C6)N(C=N7)C,0.4219,6.374790474618119,Active,1,1
166543917,CC1=CC(=C(C=C1OC2=CC3=NC=NN3C=C2)F)NC4=NC=NC5=C4N=C(C=C5)C6CCCN(C6)C(=O)C=C,0.056,7.251811972993799,Active,1,1
166543924,CC#CC(=O)N1CCC[C@H](CC1)C2=NC3=C(C=C2)N=CN=C3NC4=C(C(=C(C=C4)OC5=CC6=NC=NN6C=C5)C)F,0.0654,7.184422251675732,Active,1,2
166543926,CC1=C(C=CC(=C1)NC2=NC=NC3=C2N=C(C=C3)/C=C/C(=O)NC)OC4=CC5=C(C=C4)N(C=N5)C,0.167,6.777283528852417,Active,1,1
166543927,C=CC(=O)N1CC2CC(C1)N2C3=NC4=C(C=C3)N=CN=C4NC5=CC(=C(C=C5F)OC6=CC7=NC=NN7C=C6)Cl,0.222,6.653647025549361,Active,1,1
166543930,CC1=C(C=CC(=C1F)NC2=NC=NC3=C2N=C(C=C3)[C@@H]4CCCN(C4)C(=O)C=C)OC5=CC6=C(C=C5)N(C=N6)C,0.025,7.6020599913279625,Active,1,1
166543932,CC1=CC(=C(C=C1OC2=CC3=NC=NN3C=C2)F)NC4=NC=NC5=C4N=C(C=C5)N6C7CCC6CN(C7)C(=O)C=C,0.0356,7.448550002027125,Active,1,1
166543933,CC1=C(C=CC(=C1F)NC2=NC=NC3=C2N=C(C=C3)N4CC5CCC(C4)N5C(=O)C=C)OC6=CC7=C(C=C6)N(C=N7)C,0.0449,7.347753658996677,Active,1,1
166543937,CC1=C(C=CC(=C1F)NC2=NC=NC3=C2N=C(C=C3)[C@H]4C[C@@H]5CC[C@H]4N(C5)C(=O)C=C)OC6=CC7=C(N=C6)N(C=N7)C,0.1043,6.981715691573469,Active,1,1
166543941,C[C@@H]1CN(C[C@@H](N1C(=O)C=C)C)C2=NC3=C(C=C2)N=CN=C3NC4=C(C(=C(C=C4)OC5=CC6=C(C=C5)N(C=N6)C)C)F,0.0554,7.2564902352715706,Active,1,1
166543943,CC1=C(C=CC(=C1)NC2=NC=NC3=C2N=C(C=C3)N4CCN(CC4)C(=O)C=C)OC5=CC6=C(N=C5)N(C=N6)C,0.058,7.236572006437063,Active,1,1
166543945,CC1=C(C=CC(=C1F)NC2=NC=NC3=C2N=C(C=C3)N4C[C@@H]5C[C@H]4CCN5C(=O)C=C)OC6=CC7=C(N=C6)N(C=N7)C,0.044,7.356547323513813,Active,1,1
166543947,CC#CC(=O)N1C[C@@H]2C[C@H]1CN2C3=NC4=C(C=C3)N=CN=C4NC5=C(C(=C(C=C5)OC6=CC7=NC=NN7C=C6)Cl)F,0.0231,7.636388020107856,Active,1,1
166543948,CC1=C(C=CC(=C1)NC2=NC=NC3=C2N=C(C=C3)N4CCCN(CC4)C(=O)C=C)OC5=CC6=C(N=C5)N(C=N6)C,0.2549,6.593630164530732,Active,1,1
166543951,C[C@@H]1CN(C[C@@H](N1C(=O)C=C)C)C2=NC3=C(C=C2)N=CN=C3NC4=CC(=C(C=C4F)OC5=CC6=NC=NN6C=C5)Cl,0.0172,7.764471553092451,Active,1,1
166543952,CC1=C(C=CC(=C1)NC2=NC=NC3=C2N=C(C=C3)NS(=O)(=O)C=C)OC4=CC5=C(C=C4)N(C=N5)C,0.0479,7.319664486585437,Active,1,1
166543953,CC1=C(C=CC(=C1F)NC2=NC=NC3=C2N=C(C=C3)OC4CCN(CC4)C(=O)C=C)OC5=CC6=NN(C=C6C=C5)C,3.2977,5.481788855747509,Active,1,2
166543957,C=CC(=O)N1CCN(C[C@H]1C(F)(F)F)C2=NC3=C(C=C2)N=CN=C3NC4=C(C(=C(C=C4)OC5=CC6=NC=NN6C=C5)Cl)F,0.0031,8.508638306165727,Active,1,1
166543958,CC1=CC(=C(C=C1OC2=CC3=NC=NN3C=C2)F)NC4=NC=NC5=C4N=C(C=C5)N6CCN(C(C6)(C)C)C(=O)C=C,0.0364,7.438898616350944,Active,1,1
166543961,CC1=CC(=C(C=C1OC2=CC3=NC=NN3C=C2)F)NC4=NC=NC5=C4N=C(C=C5)[C@@H]6C[C@H]7CCN([C@H]7C6)C(=O)C=C,0.058,7.236572006437063,Active,1,1
166543962,CC1=C(C=CC(=C1F)NC2=NC=NC3=C2N=C(C=C3)N4CC5CC(C4)N5C(=O)C=C)OC6=CC7=NC=NN7C=C6,0.0609,7.215382707367125,Active,1,1
166543964,C=CC(=O)N1CC2CCC(C1)N2C3=NC4=C(C=C3)N=CN=C4NC5=C(C(=C(C=C5)OC6=CC7=NC=NN7C=C6)Cl)F,0.0047,8.327902142064282,Active,1,1
166543965,CC1=C(C=CC(=C1F)NC2=NC=NC3=C2N=C(C=C3)[C@H]4CC[C@@H]5C[C@H]4CN5C(=O)C=C)OC6=CC7=C(C=C6)N(C=N7)C,0.0292,7.534617148551582,Active,1,1
166543966,CC1=C(C=CC(=C1F)NC2=NC=NC3=C2N=C(C=C3)[C@H]4C[C@@H]5CCN([C@@H]5C4)C(=O)C=C)OC6=CC7=NC=NN7C=C6,0.015,7.823908740944319,Active,1,1
166543968,C[C@@H]1CN(CCN1C(=O)C=C)C2=NC3=C(C=C2)N=CN=C3NC4=C(C(=C(C=C4)OC5=CC6=NC=NN6C=C5)C)F,0.0765,7.116338564846383,Active,1,1
166543969,C[C@@H]1CC[C@H](CN1C(=O)C=C)C2=NC3=C(C=C2)N=CN=C3NC4=C(C(=C(C=C4)OC5=CC6=C(C=C5)N(C=N6)C)C)F,0.1114,6.95311480916229,Active,1,1
166543970,CC1=CC(=C(C=C1OC2=CC3=C(C=C2)N(C=N3)C)F)NC4=NC=NC5=C4N=C(C=C5)[C@@H]6CCCCN(C6)C(=O)C=C,0.0279,7.554395796726403,Active,1,1
166543971,CC1=C(C=CC(=C1)NC2=NC=NC3=C2N=C(C=C3)NC(=O)C=C)OC4=CC5=C(C=C4)N(C=N5)C,0.0423,7.373659632624958,Active,1,1
166543973,CC1=CC(=C(C=C1OC2=CC3=NC=NN3C=C2)F)NC4=NC=NC5=C4N=C(C=C5)C6CCCCN(C6)C(=O)C=C,0.0335,7.474955192963154,Active,1,1
166543975,CC1=C(C=CC(=C1)NC2=NC=NC3=C2N=C(C=C3)N4CCN(C(C4)(C)C)C(=O)C=C)OC5=CC6=C(C=C5)SC=N6,0.037,7.431798275933005,Active,1,1
166543976,C[C@@H]1C[C@H](CN1C(=O)C=C)C2=NC3=C(C=C2)N=CN=C3NC4=C(C=C(C(=C4)C)OC5=CC6=NC=NN6C=C5)F,0.2199,6.657774770639209,Active,1,1
166543978,CC1=C(C=CC(=C1F)NC2=NC=NC3=C2N=C(C=C3)OC4CCN(CC4)C(=O)C=C)OC5=CC6=NN(C=C6N=C5)C,0.4759,6.322484295201242,Active,1,1
166543981,CC1=C(C=CC(=C1F)NC2=NC=NC3=C2N=C(C=C3)N4C[C@@H]5C[C@H](C4)N(C5)C(=O)C=C)OC6=CC7=C(C=C6)N(C=N7)C,0.0541,7.266802734893431,Active,1,1
166543982,CC#CC(=O)N1[C@@H]2CC[C@H]1CC(C2)C3=NC4=C(C=C3)N=CN=C4NC5=C(C=C(C(=C5)C)OC6=CC7=NC=NN7C=C6)F,0.1719,6.764724123312948,Active,1,1
166543984,C=CC(=O)N1CCN(CC1C(F)F)C2=NC3=C(C=C2)N=CN=C3NC4=CC(=C(C=C4F)OC5=CC6=NC=NN6C=C5)Cl,0.0176,7.7544873321858505,Active,1,1
166543985,CC1=C(C=CC(=C1F)NC2=NC=NC3=C2N=C(C=C3)N4CCN([C@H](C4)C(C)(C)C)C(=O)C=C)OC5=CC6=NC=NN6C=C5,0.1532,6.814741234703415,Active,1,1
166543986,CC1=C(C=CC(=C1F)NC2=NC=NC3=C2N=C(C=C3)N4CC5CC(C4)N5C(=O)C=C)OC6=CC7=C(N=C6)N(C=N7)C,0.3517,6.453827631683057,Active,1,1
166543992,CC1=C(C=CC(=C1F)NC2=NC=NC3=C2N=C(C=C3)N4CCN(C(C4)(C)C)C(=O)C=C)OC5=CC6=C(C=C5)SC=N6,0.3381,6.470954829234231,Active,1,1
166543993,CC[C@@H]1CN(CCN1C(=O)C=C)C2=NC3=C(C=C2)N=CN=C3NC4=C(C(=C(C=C4)OC5=CC6=NC=NN6C=C5)C)F,0.0347,7.459670525209126,Active,1,1
166543994,CC1=C(C=CC(=C1F)NC2=NC=NC3=C2N=C(C=C3)N4CCN(C5(C4)CCC5)C(=O)C=C)OC6=CC7=NC=NN7C=C6,0.0155,7.809668301829708,Active,1,1
166543997,CC1=C(C=CC(=C1)NC2=NC=NC3=C2N=C(C=C3)C4[C@@H]5CC[C@H]4CN(C5)C(=O)C=C)OC6=CC7=NC=NN7C=C6,0.0285,7.54515513999149,Active,1,1
166543998,CN1C=NC2=C1C=CC(=C2)OC3=C(C(=C(C=C3)NC4=NC=NC5=C4N=C(C=C5)N6CC7CC(C6)N7C(=O)C=C)F)Cl,0.0213,7.671620396561262,Active,1,1
166543999,CC1=C(C=CC(=C1F)NC2=NC=NC3=C2N=C(C=C3)N4C[C@@H]5CCN([C@@H]5C4)C(=O)C67CC6C7)OC8=CC9=NC=NN9C=C8,0.4865,6.312917155395629,Active,1,1
166544000,CC#CC(=O)N1CCN(C[C@@H]1COC)C2=NC3=C(C=C2)N=CN=C3NC4=C(C(=C(C=C4)OC5=CC6=NC=NN6C=C5)C)F,0.3137,6.503485481302255,Active,1,1
166544001,CC1=C(C=CC(=C1F)NC2=NC=NC3=C2N=C(C=C3)C4CN(C4)C(=O)C=C)OC5=CC6=NC=NN6C=C5,0.0504,7.297569463554475,Active,1,1
166544007,CC1=CC(=C(C=C1OC2=CC3=C(C=C2)N(C=N3)C)F)NC4=NC=NC5=C4N=C(C=C5)[C@H]6C[C@@H]7C[C@H](C6)N(C7)C(=O)C=C,0.0407,7.39040559077478,Active,1,1
166544008,CC1=CC(=C(C=C1OC2=CC3=C(C=C2)N(C=N3)C)F)NC4=NC=NC5=C4N=C(C=C5)N6CC7CC(C6)N7C(=O)C=C,0.264,6.578396073130169,Active,1,1
166544009,CC1=CC(=C(C=C1OC2=CC3=C(C=C2)N(C=N3)C)F)NC4=NC=NC5=C4N=C(C=C5)[C@@H]6C[C@@H]7C[C@H]6N(C7)C(=O)C=C,0.0165,7.782516055786094,Active,1,1
166544011,CC1=CC(=C(C=C1OC2=CC3=C(N=C2)N(C=N3)C)F)NC4=NC=NC5=C4N=C(C=C5)C6CCCN(CC6)C(=O)C=C,0.206,6.686132779630847,Active,1,1
166544012,C=CC(=O)N1CCN(CC12CC2)C3=NC4=C(C=C3)N=CN=C4NC5=C(C(=C(C=C5)OC6=CC7=NC=NN7C=C6)Cl)F,0.0018,8.744727494896694,Active,1,1
166544013,CC1=C(C=CC(=C1)NC2=NC=NC3=C2N=C(C=C3)OC4CCN(CC4)C(=O)C=C)OC5=CC6=NN(C=C6N=C5)C,0.4316,6.364918563989127,Active,1,1
166544014,CC1=CN=C2N1N=CC(=C2)OC3=C(C(=C(C=C3)NC4=NC=NC5=C4N=C(C=C5)OC6CCN(CC6)C(=O)C=C)F)C,2.0434,5.6896466109550055,Active,1,1
166544015,CC1=CC(=C(C=C1OC2=CC3=NC=NN3C=C2)F)NC4=NC=NC5=C4N=C(C=C5)N6C[C@H]7C[C@@H]6CN7C(=O)C=C,0.4477,6.349012905616555,Active,1,1
166544016,CC1=CC(=C(C=C1OC2=CC3=NC=NN3C=C2)F)NC4=NC=NC5=C4N=C(C=C5)N6CCN([C@H](C6)C(F)F)C(=O)C=C,0.0238,7.623423042943488,Active,1,1
166544017,CC1=CC(=C(C=C1OC2=CC3=C(C=C2)N(C=N3)C)F)NC4=NC=NC5=C4N=C(C=C5)N6CCN([C@H](C6)C7CC7)C(=O)C=C,0.1705,6.768275616671484,Active,1,1
166544018,CC1=C(C=CC(=C1F)NC2=NC=NC3=CC(=C(N=C32)N4CCCN(CC4)C(=O)C=C)OC)OC5=CC6=NC=NN6C=C5,0.0166,7.779891911959945,Active,1,1
166544019,C[C@@H]1CN(CCN1C(=O)C=C)C2=NC3=C(C=C2)N=CN=C3NC4=C(C(=C(C=C4)OC5=CC6=C(N=C5)N(C=N6)C)C)F,0.1014,6.993962045002683,Active,1,1
166544021,CC1=C(C=CC(=C1F)NC2=NC=NC3=C2N=C(C=C3)[C@@H]4C[C@@H]5CC[C@H]4N(C5)C(=O)C=C)OC6=CC7=C(N=C6)N(C=N7)C,0.1834,6.736600668665997,Active,1,1
166544023,CC1=C(C=CC(=C1)NC2=NC=NC3=CC(=C(N=C32)C4CCN(CC4)C(=O)C=C)OC)OC5=CC6=C(C=C5)N(C=N6)C,0.0147,7.8326826652518236,Active,1,1
166544026,CC#CC(=O)N1CCN(C[C@H]1C)C2=NC3=C(C=C2)N=CN=C3NC4=C(C(=C(C=C4)OC5=CC6=NC=NN6C=C5)C)F,0.0881,7.055024091587952,Active,1,1
166544029,CC1=CC(=C(C=C1OC2=CC3=C(C=C2)N(C=N3)C)F)NC4=NC=NC5=C4N=C(C=C5)C6CCC7(CC7)N(C6)C(=O)C=C,0.0429,7.367542707815276,Active,1,1
166544030,CC1=C(C=CC(=C1F)NC2=NC=NC3=C2N=C(C=C3)[C@@H]4C[C@@H]5CC[C@H]4CN5C(=O)C=C)OC6=CC7=NC=NN7C=C6,0.031,7.508638306165727,Active,1,1
166544031,CC1=CC(=C(C=C1OC2=CC3=NC=NN3C=C2)F)NC4=NC=NC5=C4N=C(C=C5)N6CCN([C@@H](C6)C(C)(C)C)C(=O)C=C,10.0,5.0,Inactive,0,1
166544033,CC1=C(C=CC(=C1F)NC2=NC=NC3=CC(=C(N=C32)C4CCN(CC4)C(=O)C=C)OC)OC5=CC6=NC=NN6C=C5,9.7204,5.012315863240555,Active,1,1
166544039,CN1C=NC2=C1N=CC(=C2)OC3=C(C=C(C(=C3)F)NC4=NC=NC5=C4N=C(C=C5)N6CC7CC(C6)N7C(=O)C=C)Cl,0.3542,6.450751443145944,Active,1,1
166544040,COC1=C(N=C2C(=C1)N=CN=C2NC3=C(C(=C(C=C3)OC4=CC5=NC=NN5C=C4)Cl)F)N6CCN(CC6)C(=O)C=C,0.0006,9.221848749616356,Active,1,1
166544042,CC1=C(C=CC(=C1)NC2=NC=NC3=C2N=C(C=C3)N4C[C@@H]5CN([C@@H]5C4)C(=O)C=C)OC6=CC7=C(C=C6)N(C=N7)C,0.0523,7.281498311132726,Active,1,1
166544047,CC1=CC(=C(C=C1OC2=CC3=NC=NN3C=C2)F)NC4=NC=NC5=C4N=C(C=C5)N6CC7CC(C6)N7C(=O)C=C,0.1201,6.920456992597094,Active,1,1
166544048,CC1=C(C=CC(=C1F)NC2=NC=NC3=C2N=C(C=C3)N4CC[C@@H](C4)N(C)C(=O)C=C)OC5=CC6=NC=NN6C=C5,0.0254,7.595166283380062,Active,1,1
166544051,CC1=C(C=CC(=C1)NC2=NC=NC3=C2N=C(C=C3)OC4CCN(CC4)C(=O)C=C)OC5=CC6=NC=CN6C=C5,0.0455,7.341988603342887,Active,1,1
166544052,CC1=CC(=C(C=C1OC2=CC3=NC=NN3C=C2)F)NC4=NC=NC5=C4N=C(C=C5)[C@@H]6C[C@@H]7C[C@H]6N(C7)C(=O)C=C,0.055,7.259637310505756,Active,1,1
166544054,CN1C=C2C=CC(=CC2=N1)OC3=C(C=C(C(=C3)Cl)NC4=NC=NC5=C4N=C(C=C5)OC6CCN(CC6)C(=O)C=C)Cl,1.2931,5.8883678882914,Active,1,1
166544055,CC#CC(=O)N1C2CCC1CN(C2)C3=NC4=C(C=C3)N=CN=C4NC5=C(C(=C(C=C5)OC6=CC7=NC=NN7C=C6)C)F,0.1426,6.8458804744841535,Active,1,1
166544056,CC1=C(C=CC(=C1F)NC2=NC=NC3=C2N=C(C=C3)[C@@H]4CCC(N(C4)C(=O)C=C)(C)C)OC5=CC6=C(C=C5)N(C=N6)C,0.1047,6.980053318321158,Active,1,1
166544058,CC1=CC(=C(C=C1OC2=CC3=NC=NN3C=C2)F)NC4=NC=NC5=C4N=C(C=C5)N6CCN(C7(C6)CC7)C(=O)C=C,0.013,7.886056647693163,Active,1,1
166544069,CC1=C(C=CC(=C1F)NC2=NC=NC3=C2N=C(C=C3)C4CCN(C(C4)(C)C)C(=O)C=C)OC5=CC6=C(C=C5)N(C=N6)C,0.2712,6.566710314804975,Active,1,1
166544070,C=CC(=O)N1CCC2C1CN(C2)C3=NC4=C(C=C3)N=CN=C4NC5=CC(=C(C=C5)OC6=CC7=NC=NN7C=C6)Cl,0.01,8.0,Active,1,1
166544072,CC1=CC(=C(C=C1OC2=CC3=C(N=C2)N(C=N3)C)F)NC4=NC=NC5=C4N=C(C=C5)C6C[C@H]7CC[C@@H](C6)N7C(=O)C=C,0.3103,6.508218224415835,Active,1,1
166544073,C=CC(=O)N1C2CC1CN(C2)C3=NC4=C(C=C3)N=CN=C4NC5=C(C(=C(C=C5)OC6=CC7=NC=NN7C=C6)Cl)F,0.0501,7.300162274132754,Active,1,1
166544076,CC1=C(C=CC(=C1)NC2=NC=NC3=C2N=C(C=C3)N4CCN(C(C4)(C)C)C(=O)C=C)OC5=CC6=NC=NN6C=C5,0.009,8.045757490560675,Active,1,1
166544077,CC1=C(C=CC(=C1F)NC2=NC=NC3=C2N=C(C=C3)N4CCCN(C(C4)(C)C)C(=O)C=C)OC5=CC6=NC=NN6C=C5,0.0204,7.690369832574102,Active,1,1
166544079,CC1=CC(=C(C=C1OC2=CC3=C(C=C2)N(C=N3)C)F)NC4=NC=NC5=C4N=C(C=C5)[C@@H]6CCN(C6)C(=O)C=C,0.0759,7.11975822410452,Active,1,1
166544082,CC1=CC(=C(C=C1OC2=CC3=NC=NN3C=C2)F)NC4=NC=NC5=C4N=C(C=C5)N6CC[C@@H](C6)N(C)C(=O)C=C,0.0664,7.1778319206319825,Active,1,1
166544084,COC[C@@H]1CN(CCN1C(=O)C=C)C2=NC3=C(C=C2)N=CN=C3NC4=CC(=C(C=C4F)OC5=CC6=NC=NN6C=C5)Cl,0.0094,8.0268721464003,Active,1,1
166544086,CC1=C(C=CC(=C1F)NC2=NC=NC3=C2N=C(C=C3)N4C5CC4CN(C5)C(=O)C=C)OC6=CC7=NC=NN7C=C6,0.1188,6.925183559354825,Active,1,1
166544088,CC1=C(C=CC(=C1F)NC2=NC=NC3=C2N=C(C=C3)C4CCCCN(C4)C(=O)C=C)OC5=CC6=NC=NN6C=C5,0.013,7.886056647693163,Active,1,1
166544090,CC#CC(=O)N1CCN(CC12CC2)C3=NC4=C(C=C3)N=CN=C4NC5=C(C(=C(C=C5)OC6=CC7=NC=NN7C=C6)Cl)F,0.0117,7.931814138253839,Active,1,1
166544094,CC1=C(C=CC(=C1F)NC2=NC=NC3=C2N=C(C=C3)N4CCN(C5(C4)CC5)C(=O)C=C)OC6=CC7=NC=NN7C=C6,0.007,8.154901959985743,Active,1,1
166544095,CC1=C(C=CC(=C1F)NC2=NC=NC3=C2N=C(C=C3)N4C5CCC4CN(C5)C(=O)C=C)OC6=CC7=NC=NN7C=C6,0.0041,8.387216143280265,Active,1,1
166544097,CC1=CC(=C(C=C1OC2=CC3=NC=NN3C=C2)F)NC4=NC=NC5=C4N=C(C=C5)N6CC7(C6)CCN7C(=O)C=C,0.0336,7.473660722610156,Active,1,1
166544099,C=CC(=O)N1C[C@@H]2C[C@H]1CN2C3=NC4=C(C=C3)N=CN=C4NC5=C(C(=C(C=C5)OC6=CC7=NC=NN7C=C6)Cl)F,0.0126,7.8996294548824375,Active,1,1
166544104,CN1C=C2C=CC(=CC2=N1)OC3=C(C=C(C(=C3)F)NC4=NC=NC5=C4N=C(C=C5)OC6CCN(CC6)C(=O)C=C)Cl,0.8761,6.05744631966579,Active,1,1
166544105,C=CC(=O)N1C[C@@H]2C[C@H]([C@H]1C2)C3=NC4=C(C=C3)N=CN=C4NC5=C(C(=C(C=C5)OC6=CC7=NC=NN7C=C6)Cl)F,0.0087,8.060480747381382,Active,1,2
166544111,CC1=C(C=CC(=C1F)NC2=NC=NC3=C2N=C(C=C3)N4CCN([C@@H](C4)COC)C(=O)C=C)OC5=CC6=NC=NN6C=C5,0.01,8.0,Active,1,1
166544112,CC1=C(C=CC(=C1F)NC2=NC=NC3=C2N=C(C=C3)N4CCN([C@H](C4)C(C)C)C(=O)C=C)OC5=CC6=NC=NN6C=C5,0.1783,6.748848656824645,Active,1,1
166544115,C=CC(=O)N1CCN(CC1)C2=NC3=C(C=C2)N=CN=C3NC4=CC(=C(C=C4)OC5=CC6=NC=NN6C=C5)Cl,0.0032,8.494850021680094,Active,1,1
166544117,CC1=C(C=CC(=C1)NC2=NC=NC3=C2N=C(C=C3)C4C[C@H]5CC[C@@H]4N5C(=O)C=C)OC6=CC7=NC=NN7C=C6,0.0105,7.978810700930062,Active,1,1
166544119,C=CC(=O)N1CCC(CC1)OC2=NC3=C(C=C2)N=CN=C3NC4=C(C(=C(C=C4)OC5=CC6=NC=NN6C=C5)Cl)F,0.0084,8.075720713938118,Active,1,1
166544121,CC1=CC(=C(C=C1OC2=CC3=C(C=C2)N(C=N3)C)F)NC4=NC=NC5=C4N=C(C=C5)N6CCN(C(C6)(C)C)C(=O)C=C,0.0582,7.235077015350112,Active,1,1
166544122,CC1=C(C=CC(=C1F)NC2=NC=NC3=C2N=C(C=C3)N4CCCN(C(C4)(C)C)C(=O)C=C)OC5=CC6=C(C=C5)N(C=N6)C,0.141,6.85078088734462,Active,1,1
166544123,CC1(CN(CCN1C(=O)C=C)C2=NC3=C(C=C2)N=CN=C3NC4=C(C(=C(C=C4)OC5=CC6=C(N=C5)N(C=N6)C)Cl)F)C,0.0367,7.43533393574791,Active,1,1
166544124,CC1=C(C=CC(=C1)NC2=NC=NC3=C2N=C(C=C3)[C@H]4CC[C@H]5[C@@H]4CN(C5)C(=O)C=C)OC6=CC7=NC=NN7C=C6,0.0431,7.3655227298392685,Active,1,1
166544125,CC1=C(C=CC(=C1F)NC2=NC=NC3=CC(=C(N=C32)OC4CCN(CC4)C(=O)C=C)OC)OC5=CC6=NN(C=C6C=C5)C,0.0416,7.380906669373258,Active,1,1
166544127,CC1=C(C=CC(=C1)NC2=NC=NC3=C2N=C(C=C3)C4CCN(CC4)C(=O)C=C)OC5=CC6=C(N=C5)N(C=N6)C,0.0763,7.117475462045119,Active,1,1
166544129,CC#CC(=O)NC1=NC2=C(C=C1)N=CN=C2NC3=CC(=C(C=C3)OC4=CC5=C(C=C4)N(C=N5)C)C,0.0178,7.749579997691106,Active,1,1
166544130,CC1=C(C=CC(=C1)NC2=NC=NC3=C2N=C(C=C3)OC4CCN(CC4)C(=O)C=C)OC5=CC6=NC=NN6C=C5,0.0336,7.473660722610156,Active,1,1
166544132,CC1=C(C=CC(=C1F)NC2=NC=NC3=C2N=C(C=C3)N4C[C@@H]5C[C@H]4CCN5C(=O)C=C)OC6=CC7=NC=NN7C=C6,0.0174,7.7594507517174005,Active,1,1
166544133,C=CC(=O)N1C2CCC1CN(C2)C3=NC4=C(C=C3)N=CN=C4NC5=CC(=C(C=C5F)OC6=CC7=NC=NN7C=C6)Cl,0.0208,7.681936665037239,Active,1,1
166544135,CC1=CC(=C(C=C1OC2=CC3=C(N=C2)N(C=N3)C)F)NC4=NC=NC5=C4N=C(C=C5)[C@@H]6C[C@@H]7C[C@H]6N(C7)C(=O)C=C,0.0795,7.0996328713435295,Active,1,1
166544139,CC1=C(C=CC(=C1)NC2=NC=NC3=C2N=C(C=C3)OC4CCN(CC4)C(=O)C=C)OC5=CC6=NN(C=C6C=N5)C,0.3954,6.4029633350223465,Active,1,1
166544140,CC1=CC(=C(C=C1OC2=CC3=C(C=C2)N(C=N3)C)F)NC4=NC=NC5=C4N=C(C=C5)N6C[C@@H]7C[C@H](C6)N(C7)C(=O)C=C,0.0604,7.218963061378868,Active,1,1
166544141,CC1=C(C=CC(=C1F)NC2=NC=NC3=C2N=C(C=C3)[C@H]4CCN(C(C4)(C)C)C(=O)C=C)OC5=CC6=NC=NN6C=C5,0.0594,7.2262135550188065,Active,1,1
166544142,CN1C=C2C=CC(=CC2=N1)OC3=C(C(=C(C=C3)NC4=NC=NC5=C4N=C(C=C5)OC6CCN(CC6)C(=O)C=C)F)Cl,0.9771,6.010060986715464,Active,1,1
166544143,C=CC(=O)N1CC[C@H]2C[C@@H]1CN2C3=NC4=C(C=C3)N=CN=C4NC5=C(C(=C(C=C5)OC6=CC7=NC=NN7C=C6)Cl)F,0.0363,7.440093374963888,Active,1,1
166544144,CC1=C(C=CC(=C1)NC2=NC=NC3=C2N=C(C=C3)[C@@H]4C[C@H]5CC[C@@H]4N5C(=O)C=C)OC6=CC7=C(N=C6)N(C=N7)C,0.032,7.494850021680094,Active,1,1
166544146,C=CC(=O)N1CC[C@@H]2C[C@H]1CN2C3=NC4=C(C=C3)N=CN=C4NC5=CC(=C(C=C5F)OC6=CC7=NC=NN7C=C6)Cl,0.0097,8.013228265733755,Active,1,1
166544147,CC1=CC(=C(C=C1OC2=CC3=NC=NN3C=C2)F)NC4=NC=NC5=C4N=C(C=C5)[C@H]6C[C@H]7CCN([C@H]7C6)C(=O)C=C,0.0265,7.576754126063192,Active,1,1
166544148,CC1=C(C=CC(=C1F)NC2=NC=NC3=C2N=C(C=C3)[C@@H]4CCN(C4)C(=O)C=C)OC5=CC6=C(C=C5)N(C=N6)C,0.0559,7.252588192113577,Active,1,1
166544149,CC1=C(C=CC(=C1F)NC2=NC=NC3=C2N=C(C=C3)[C@@H]4CC[C@@H]5CC[C@H]4N5C(=O)C=C)OC6=CC7=NC=NN7C=C6,0.0284,7.546681659952962,Active,1,1
166544152,CC1=CC(=C(C=C1OC2=CC3=NC=NN3C=C2)F)NC4=NC=NC5=C4N=C(C=C5)N6CCN([C@@H](C6)COC)C(=O)C=C,0.038,7.42021640338319,Active,1,1
166544153,CC1=C(C=CC(=C1F)NC2=NC=NC3=C2N=C(C=C3)[C@H]4C[C@H]5CC[C@@H]4CN5C(=O)C=C)OC6=CC7=C(N=C6)N(C=N7)C,0.1571,6.803823814960027,Active,1,1
166544154,CC1=C(C=CC(=C1)NC2=NC=NC3=C2N=C(C=C3)OC4CCN(CC4)C(=O)C=C)OC5=CC6=NC=CN6N=C5,0.0765,7.116338564846383,Active,1,1
166544156,COC[C@H]1CN(CCN1C(=O)C=C)C2=NC3=C(C=C2)N=CN=C3NC4=CC(=C(C=C4F)OC5=CC6=NC=NN6C=C5)Cl,0.0143,7.844663962534939,Active,1,1
166544157,CC1=C(C=CC(=C1)NC2=NC=NC3=C2N=C(C=C3)C4CC5CCC(C4)N5C(=O)C=C)OC6=CC7=C(C=C6)N(C=N7)C,0.0093,8.031517051446064,Active,1,1
166544159,CC1=CC(=C(C=C1OC2=CC3=C(N=C2)N(C=N3)C)F)NC4=NC=NC5=C4N=C(C=C5)N6C[C@@H]7C[C@H](C6)N(C7)C(=O)C=C,0.4743,6.3239468753481285,Active,1,1
166544162,CC1=C(C=CC(=C1F)NC2=NC=NC3=C2N=C(C=C3)[C@H]4CCN(C5(C4)CC5)C(=O)C=C)OC6=CC7=NC=NN7C=C6,0.0238,7.623423042943488,Active,1,1
166544163,CC1=CC(=C(C=C1OC2=CC3=NC=NN3C=C2)F)NC4=NC=NC5=C4N=C(C=C5)[C@H]6C[C@@H]7CC[C@H]6N(C7)C(=O)C=C,0.0593,7.226945306635738,Active,1,1
166544166,CC1CC(CCN1C(=O)C=C)C2=NC3=C(C=C2)N=CN=C3NC4=CC(=C(C=C4)OC5=CC6=C(C=C5)N(C=N6)C)C,0.0604,7.218963061378868,Active,1,1
166544168,COC1=C(N=C2C(=C1)N=CN=C2NC3=C(C(=C(C=C3)OC4=CC5=NC=NN5C=C4)Cl)F)N6CCCN(CC6)C(=O)C=C,0.004,8.397940008672037,Active,1,1
166544169,CC1=C(C=CC(=C1F)NC2=NC=NC3=C2N=C(C=C3)N4CCN(CC4)C(=O)C=C)OC5=CC6=NC=NN6C=C5,0.0167,7.777283528852417,Active,1,1
166544173,CC1=C(C=CC(=C1F)NC2=NC=NC3=C2N=C(C=C3)C4CCCN(C4)C(=O)C=C)OC5=CC6=NC=NN6C=C5,0.0242,7.616184634019569,Active,1,1
166544174,CC(C)[C@@H]1CN(CCN1C(=O)C=C)C2=NC3=C(C=C2)N=CN=C3NC4=C(C(=C(C=C4)OC5=CC6=NC=NN6C=C5)Cl)F,0.0149,7.826813731587726,Active,1,1
166544176,CC1=CC(=C(C=C1OC2=CC3=C(N=C2)N(C=N3)C)F)NC4=NC=NC5=C4N=C(C=C5)[C@@H]6C[C@@H]7CC[C@H]6N(C7)C(=O)C=C,0.4049,6.392652223231587,Active,1,1
166544178,CC1=C(C=CC(=C1F)NC2=NC=NC3=C2N=C(C=C3)[C@H]4C[C@@H]5C[C@H](C4)N(C5)C(=O)C=C)OC6=CC7=C(C=C6)N(C=N7)C,0.0204,7.690369832574102,Active,1,1
166544180,CC1=C(C=CC(=C1F)NC2=NC=NC3=C2N=C(C=C3)N4CCN(C(C4)C#C)C(=O)C=C)OC5=CC6=NC=NN6C=C5,0.0081,8.09151498112135,Active,1,1
166544181,CC1=C(C=CC(=C1)NC2=NC=NC3=CC(=C(N=C32)SC4CCN(CC4)C(=O)C=C)OC)OC5=CC6=C(C=C5)N(C=N6)C,0.0204,7.690369832574102,Active,1,1
166544184,CC1=CC(=C(C=C1OC2=CC3=NC=NN3C=C2)F)NC4=NC=NC5=C4N=C(C=C5)N6CCCN(C(C6)(C)C)C(=O)C=C,0.0415,7.3819519032879075,Active,1,1
166544185,CC1=C(C=CC(=C1)NC2=NC=NC3=C2N=C(C=C3)N(C)C(=O)C=C)OC4=CC5=C(C=C4)N(C=N5)C,0.0727,7.138465589140962,Active,1,1
166544187,CC1=CC(=C(C=C1OC2=CC3=NC=NN3C=C2)F)NC4=NC=NC5=C4N=C(C=C5)[C@H]6C[C@@H]7CCN([C@@H]7C6)C(=O)C=C,0.0587,7.231361898752385,Active,1,1
166544191,CC#CC(=O)N1CC[C@@H]2C[C@H]1CN2C3=NC4=C(C=C3)N=CN=C4NC5=CC(=C(C=C5F)OC6=CC7=NC=NN7C=C6)Cl,0.1187,6.9255492810454085,Active,1,1
166544192,CC(C)(C)[C@@H]1CN(CCN1C(=O)C=C)C2=NC3=C(C=C2)N=CN=C3NC4=C(C(=C(C=C4)OC5=CC6=NC=NN6C=C5)Cl)F,0.0803,7.095284454721319,Active,1,1
166544193,CC1=CC(=C(C=C1OC2=CC3=NC=NN3C=C2)F)NC4=NC=NC5=C4N=C(C=C5)N6C7CC6CN(C7)C(=O)C=C,0.2032,6.692076296388119,Active,1,1
166544194,CC1=C(C=CC(=C1F)NC2=NC=NC3=C2N=C(C=C3)N4CCN(C(C4)(C)C)C(=O)C=C)OC5=CC6=C(C=C5)N(C=N6)C,0.0652,7.18575240426808,Active,1,1
166544195,CC1=C(C=CC(=C1F)NC2=NC=NC3=C2N=C(C=C3)N4C[C@H]5CN([C@H]5C4)C(=O)C=C)OC6=CC7=NC=NN7C=C6,0.0473,7.325138859262188,Active,1,1
166544196,CC1=C(C=CC(=C1F)NC2=NC=NC3=C2N=C(C=C3)[C@@H]4C[C@@H]5C[C@H]4N(C5)C(=O)C=C)OC6=CC7=C(N=C6)N(C=N7)C,0.1192,6.923723744595782,Active,1,1
166544197,CC1=CC(=C(C=C1OC2=CC3=NN(C=C3C=C2)C)F)NC4=NC=NC5=C4N=C(C=C5)OC6CCN(CC6)C(=O)C=C,2.3352,5.631675918020042,Active,1,2
166544198,CC1=CN=C2N1N=CC(=C2)OC3=C(C(=C(C=C3)NC4=NC=NC5=C4N=C(C=C5)OC6CCN(CC6)C(=O)C=C)F)Cl,0.0991,7.003926345514724,Active,1,1
166544199,CC1=C(C=CC(=C1F)NC2=NC=NC3=C2N=C(C=C3)N4C[C@H]5C[C@@H](C4)N(C5)C(=O)C=C)OC6=CC7=NC=NN7C=C6,0.4939,6.306360973838451,Active,1,1
166544203,C=CC(=O)N1C[C@H]2C[C@@H]1CN(C2)C3=NC4=C(C=C3)N=CN=C4NC5=CC(=C(C=C5F)OC6=CC7=NC=NN7C=C6)Cl,0.0755,7.1220530483708115,Active,1,1
166544207,CN1C=NC2=C1N=CC(=C2)OC3=C(C=C(C=C3)NC4=NC=NC5=C4N=C(C=C5)C6CCN(CC6)C(=O)C=C)Cl,0.0519,7.284832642151542,Active,1,1
166544208,C=CC(=O)N1CCCC(CC1)C2=NC3=C(C=C2)N=CN=C3NC4=CC(=C(C=C4F)OC5=CC6=NC=NN6C=C5)Cl,0.016,7.795880017344075,Active,1,1
166544209,CC1=CC(=C(C=C1OC2=CC3=NC=NN3C=C2)F)NC4=NC=NC5=C4N=C(C=C5)[C@H]6C[C@H]7CC[C@@H]6CN7C(=O)C=C,0.0433,7.363512103646634,Active,1,1
166544210,CC1=C(C=CC(=C1F)NC2=NC=NC3=C2N=C(C=C3)N4C[C@H]5C[C@@H]4CN5C(=O)C=C)OC6=CC7=NC=NN7C=C6,0.1696,6.7705741520793055,Active,1,1
166544213,CC1=C(C=CC(=C1F)NC2=NC=NC3=C2N=C(C=C3)SC4CN(C4)C(=O)C=C)OC5=CC6=NC=NN6C=C5,0.0314,7.503070351926785,Active,1,1
166544214,CC1=C(C=CC(=C1)NC2=NC=NC3=C2N=C(C=C3)[C@H]4CCCCN(C4)C(=O)C=C)OC5=CC6=C(C=C5)N(C=N6)C,0.0052,8.2839966563652,Active,1,1
166544215,C[C@@H]1CN(C[C@@H](N1C(=O)C=C)C)C2=NC3=C(C=C2)N=CN=C3NC4=CC(=C(C=C4)OC5=CC6=C(C=C5)N(C=N6)C)C,0.0185,7.732828271596986,Active,1,1
166544216,C[C@H]1CN(CCN1C(=O)C=C)C2=NC3=C(C=C2)N=CN=C3NC4=C(C(=C(C=C4)OC5=CC6=NC=NN6C=C5)Cl)F,0.0134,7.872895201635193,Active,1,1
166544218,CC1(CN(CCN1C(=O)C=C)C2=NC3=C(C=C2)N=CN=C3NC4=C(C(=C(C=C4)OC5=CC6=C(C=C5)N(C=N6)C)Cl)F)C,0.0189,7.723538195826756,Active,1,1
166544219,CC1=C(C=CC(=C1F)NC2=NC=NC3=C2N=C(C=C3)N4C5CCC4CN(C5)C(=O)C=C)OC6=CC7=C(N=C6)N(C=N7)C,0.0464,7.333482019445119,Active,1,1
166544221,CC1=C(C=CC(=C1F)NC2=NC=NC3=C2N=C(C=C3)N4CCCN(CC4)C(=O)C=C)OC5=CC6=NC=NN6C=C5,0.0111,7.954677021213342,Active,1,2
166544222,CC1=C(C=CC(=C1F)NC2=NC=NC3=C2N=C(C=C3)CC4CN(C4)C(=O)C=C)OC5=CC6=NC=NN6C=C5,0.0365,7.437707135543525,Active,1,1
166544223,C[C@H]1CN(CCN1C(=O)C=C)C2=NC3=C(C=C2)N=CN=C3NC4=C(C(=C(C=C4)OC5=CC6=C(N=C5)N(C=N6)C)C)F,0.1483,6.828858848971618,Active,1,1
166544224,CC1=CC(=C(C=C1OC2=CC3=C(C=C2)N(C=N3)C)F)NC4=NC=NC5=C4N=C(C=C5)[C@H]6CC[C@@H]7C[C@H]6CN7C(=O)C=C,0.054,7.267606240177032,Active,1,1
166544231,CC1=CC(=C(C=C1OC2=CC3=NC=NN3C=C2)F)NC4=NC=NC5=C4N=C(C=C5)[C@@H]6C[C@H]7CC[C@@H]6CN7C(=O)C=C,0.0389,7.410050398674293,Active,1,1
166544232,CC1=C(C=CC(=C1F)NC2=NC=NC3=C2N=C(C=C3)[C@@H]4C[C@@H]5C[C@H]4CN5C(=O)C=C)OC6=CC7=NC=NN7C=C6,0.0174,7.7594507517174005,Active,1,1
166544234,C[C@@H]1CN(C[C@@H](N1C(=O)C=C)C)C2=NC3=C(C=C2)N=CN=C3NC4=CC(=C(C=C4)OC5=CC6=C(C(=C5)F)N(C=N6)C)C,0.0472,7.3260580013659125,Active,1,1
166544235,CC1=C(C=CC(=C1F)NC2=NC=NC3=C2N=C(C=C3)N(C)C4CCN(CC4)C(=O)C=C)OC5=CC6=NC=NN6C=C5,0.0458,7.339134521996131,Active,1,1
166544237,C[C@@H]1C[C@H](CN1C(=O)C=C)C2=NC3=C(C=C2)N=CN=C3NC4=C(C(=C(C=C4)OC5=CC6=NC=NN6C=C5)C)F,0.0521,7.283162276700476,Active,1,1
166544238,CC1=CC(=C(C=C1OC2=CC3=NC=NN3C=C2)F)NC4=NC=NC5=C4N=C(C=C5)N6C[C@@H]7CCN([C@@H]7C6)C(=O)C=C,0.121,6.91721462968355,Active,1,1
166544239,C[C@@H]1CC(C[C@@H](N1C(=O)C=C)C)C2=NC3=C(C=C2)N=CN=C3NC4=C(C(=C(C=C4)OC5=CC6=C(C=C5)N(C=N6)C)C)F,0.0642,7.192464971931146,Active,1,1
166544241,CN1C=C2C=CC(=CC2=N1)OC3=C(C=C(C=C3)NC4=NC=NC5=C4N=C(C=C5)OC6CCN(CC6)C(=O)C=C)F,1.0315,5.986530767690829,Active,1,1
166544244,CC1=C(C=CC(=C1)NC2=NC=NC3=C2N=C(C=C3)[C@H]4C[C@@H]5CCN([C@@H]5C4)C(=O)C=C)OC6=CC7=NC=NN7C=C6,0.0125,7.903089986991944,Active,1,1
166544245,CC1=C(C=CC(=C1)NC2=NC=NC3=C2N=C(C=C3)[C@@H]4C[C@@H]5C[C@H]4N(C5)C(=O)C=C)OC6=CC7=C(N=C6)N(C=N7)C,0.038,7.42021640338319,Active,1,1
166544246,CC1=C(C=CC(=C1)NC2=NC=NC3=C2N=C(C=C3)C4CCN(C4)C(=O)C=C)OC5=CC6=C(C=C5)N(C=N6)C,0.042,7.376750709602099,Active,1,1
166544250,C[C@H]1CN(CCN1C(=O)C=C)C2=NC3=C(C=C2)N=CN=C3NC4=C(C(=C(C=C4)OC5=CC6=NC=NN6C=C5)C)F,0.0813,7.089909454405932,Active,1,1
166544251,CC1=C(C=CC(=C1F)NC2=NC=NC3=C2N=C(C=C3)C4C[C@H]5CC[C@@H](C4)N5C(=O)C=C)OC6=CC7=NC=NN7C=C6,0.0671,7.1732774798310075,Active,1,1
166544252,CC1=C(C=CC(=C1F)NC2=NC=NC3=C2N=C(C=C3)N4CCN(C(C4)(C)C)C(=O)C56CC5C6)OC7=CC8=NC=NN8C=C7,0.0691,7.1605219526258015,Active,1,1
166544254,COC[C@@H]1CN(CCN1C(=O)C=C)C2=NC3=C(C=C2)N=CN=C3NC4=C(C(=C(C=C4)OC5=CC6=NC=NN6C=C5)Cl)F,0.0077,8.113509274827518,Active,1,1
166544255,CC1=C(C=CC(=C1F)NC2=NC=NC3=C2N=C(C=C3)N4CCN([C@@H](C4)C5CC5)C(=O)C=C)OC6=CC7=C(N=C6)N(C=N7)C,0.1773,6.751291264399082,Active,1,1
166544258,CC1=C(C=CC(=C1F)NC2=NC=NC3=C2N=C(C=C3)N4CCN(C(C4)(C)C)C#N)OC5=CC6=NC=NN6C=C5,0.0831,7.080398976215889,Active,1,1
166544261,CN1C=NC2=C1C=CC(=C2)OC3=C(C=C(C(=C3)F)NC4=NC=NC5=C4N=C(C=C5)N6C[C@@H]7C[C@H](C6)N(C7)C(=O)C=C)Cl,0.2374,6.624519285381427,Active,1,1
166544263,CN1C=NC2=C1N=CC(=C2)OC3=C(C=C(C=C3)NC4=NC=NC5=C4N=C(C=C5)N6CCN(CC6)C(=O)C=C)Cl,0.0158,7.801342913045578,Active,1,1
166544267,CN1C=NC2=C1N=CC(=C2)OC3=C(C=C(C(=C3)F)NC4=NC=NC5=C4N=C(C=C5)N6CCN([C@H](C6)C7CC7)C(=O)C=C)Cl,0.1894,6.722620025332746,Active,1,1
166544269,CC1=C(C=CC(=C1F)NC2=NC=NC3=C2N=C(C=C3)N4CCN(CC4)C(=O)C(=C)F)OC5=CC6=NC=NN6C=C5,0.128,6.892790030352131,Active,1,1
166544272,CC1=C(C=CC(=C1F)NC2=NC=NC3=CC(=C(N=C32)N4CCN(C(C4)(C)C)C(=O)C=C)Cl)OC5=CC6=NC=NN6C=C5,0.5146,6.288530218125672,Active,1,1
166544275,CC#CC(=O)N1CC2CCC(C1)N2C3=NC4=C(C=C3)N=CN=C4NC5=C(C(=C(C=C5)OC6=CC7=NC=NN7C=C6)C)F,0.0348,7.458420756053419,Active,1,1
166544277,CC1(CN(CCN1C(=O)C=C)C2=NC3=C(C=C2)N=CN=C3NC4=CC(=C(C=C4)OC5=CC6=NC=NN6C=C5)Cl)C,0.0092,8.036212172654444,Active,1,1
166544282,CC1=CC(=C(C=C1OC2=CC3=NC=NN3C=C2)F)NC4=NC=NC5=C4N=C(C=C5)N6CC[C@H](C6)N(C)C(=O)C=C,0.0694,7.158640529545145,Active,1,1
166544283,C=CC(=O)N1CC[C@H]2C[C@@H]1CN2C3=NC4=C(C=C3)N=CN=C4NC5=CC(=C(C=C5F)OC6=CC7=NC=NN7C=C6)Cl,0.1475,6.831207979685818,Active,1,1
166544284,CC1=C(C=CC(=C1F)NC2=NC=NC3=C2N=C(C=C3)C4CC5COCC(C4)N5C(=O)C=C)OC6=CC7=C(C=C6)N(C=N7)C,0.0199,7.701146923590294,Active,1,1
166544285,C[C@H]1C[C@@H](CN1C(=O)C=C)C2=NC3=C(C=C2)N=CN=C3NC4=C(C=C(C(=C4)C)OC5=CC6=NC=NN6C=C5)F,0.1008,6.996539467890494,Active,1,1
166544289,CC1=C(C=CC(=C1F)NC2=NC=NC3=C2N=C(C=C3)N4C[C@H]5C[C@@H]4CCN5C(=O)C=C)OC6=CC7=C(N=C6)N(C=N7)C,1.3321,5.875463171698723,Active,1,1
166544292,CC#CC(=O)N1CCN(C[C@@H]1C(F)(F)F)C2=NC3=C(C=C2)N=CN=C3NC4=C(C(=C(C=C4)OC5=CC6=NC=NN6C=C5)Cl)F,0.0062,8.207608310501746,Active,1,1
166544293,CC1=CC(=C(C=C1OC2=CC3=C(N=C2)N(C=N3)C)F)NC4=NC=NC5=C4N=C(C=C5)[C@H]6C[C@@H]7CC[C@H]6N(C7)C(=O)C=C,0.2116,6.674484336636852,Active,1,1
166544294,CC1=C(C=CC(=C1F)NC2=NC=NC3=C2N=C(C=C3)SC4CN(C4)C(=O)C=C)OC5=CC6=C(C=C5)N(C=N6)C,0.0163,7.787812395596042,Active,1,1
166544295,C[C@@H]1C[C@H](CN1C(=O)C=C)C2=NC3=C(C=C2)N=CN=C3NC4=C(C(=C(C=C4)OC5=CC6=C(C=C5)N(C=N6)C)C)F,0.0618,7.209011524911184,Active,1,1
166544297,CC1=C(C=CC(=C1)NC2=NC=NC3=C2N=C(C=C3)OC4CCN(CC4)C(=O)C=C)OC5=CC6=C(C=C5)SC(=N6)C,2.0884,5.680186315461322,Active,1,1
166544298,CC1=CC(=C(C=C1OC2=CC3=C(N=C2)N(C=N3)C)F)NC4=NC=NC5=C4N=C(C=C5)N6CCN([C@@H](C6)C7CC7)C(=O)C=C,0.2344,6.630042392653947,Active,1,1
166544300,C[C@H]1C[C@@H](CN1C(=O)C=C)C2=NC3=C(C=C2)N=CN=C3NC4=C(C(=C(C=C4)OC5=CC6=C(C=C5)N(C=N6)C)C)F,0.0267,7.573488738635425,Active,1,1
166544301,CC1=C(C=CC(=C1F)NC2=NC=NC3=C2N=C(C=C3)C4CCN(C5(C4)CC5)C(=O)C=C)OC6=CC7=NC=NN7C=C6,0.021,7.6777807052660805,Active,1,1
166544302,CC1=C(C=CC(=C1F)NC2=NC=NC3=C2N=C(C=C3)[C@@H]4CCCN(CC4)C(=O)C=C)OC5=CC6=NC=NN6C=C5,0.0107,7.97061622231479,Active,1,2
166544303,CC1=CC(=C(C=C1OC2=CC3=C(C=C2)N(C=N3)C)F)NC4=NC=NC5=C4N=C(C=C5)SC6CCN(CC6)C(=O)C=C,0.0374,7.42712839779952,Active,1,1
166544304,CC1=CC(=C(C=C1OC2=CC3=NC=NN3C=C2)F)NC4=NC=NC5=C4N=C(C=C5)N6C[C@@H]7C[C@H]6CCN7C(=O)C=C,0.0109,7.962573502059376,Active,1,1
166544306,CC1=C(C=CC(=C1)NC2=NC=NC3=C2N=C(C=C3)N4CCN(C(C4)(C)C)C(=O)C=C)OC5=CC6=C(C(=C5)F)N(C=N6)C,0.0237,7.6252516539898965,Active,1,1
166544309,C=CC(=O)N1CC2CCC(C1)N2C3=NC4=C(C=C3)N=CN=C4NC5=CC(=C(C=C5F)OC6=CC7=NC=NN7C=C6)Cl,0.0311,7.507239610973162,Active,1,1
166544313,C[C@@H]1CN(C[C@@H](N1C(=O)C=C)C)C2=NC3=C(C=C2)N=CN=C3NC4=C(C(=C(C=C4)OC5=CC6=C(N=C5)N(C=N6)C)C)F,0.4637,6.333762904104195,Active,1,1
166544315,C=CC(=O)N1CCN(CC1C(F)F)C2=NC3=C(C=C2)N=CN=C3NC4=C(C(=C(C=C4)OC5=CC6=NC=NN6C=C5)Cl)F,0.0073,8.136677139879543,Active,1,1
166544316,C=CC(=O)N1CCN(CC1)C2=NC3=C(C=C2)N=CN=C3NC4=CC(=C(C=C4F)OC5=CC6=NC=NN6C=C5)Cl,0.0332,7.478861916295964,Active,1,1
166544317,CC1=C(C=CC(=C1F)NC2=NC=NC3=C2N=C(C=C3)[C@@H]4CCN(C5(C4)CC5)C(=O)C=C)OC6=CC7=NC=NN7C=C6,0.1047,6.980053318321158,Active,1,1
166544321,CC1(CN(CCN1C(=O)C=C)C2=NC3=C(C=C2)N=CN=C3NC4=CC(=C(C=C4F)OC5=CC6=C(C=C5)N(C=N6)C)Cl)C,0.0334,7.476253533188435,Active,1,1
166544322,CC1=C(C=CC(=C1)NC2=NC=NC3=C2N=C(C=C3)C4C[C@H]5CC[C@@H](C4)N5C(=O)C=C)OC6=CC7=C(N=C6)N(C=N7)C,0.1112,6.953895212753961,Active,1,1
166544323,CC1=CC(=C(C=C1OC2=CC3=C(N=C2)N(C=N3)C)F)NC4=NC=NC5=C4N=C(C=C5)[C@H]6C[C@H]7CC[C@@H]6CN7C(=O)C=C,0.2887,6.5395532161192795,Active,1,1
166544324,CC1=CC(=C(C=C1OC2=CC3=NC=NN3C=C2)F)NC4=NC=NC5=C4N=C(C=C5)[C@H]6CC[C@H]7[C@@H]6CN(C7)C(=O)C=C,0.1201,6.920456992597094,Active,1,1
166544326,CC1(CN(CCN1C(=O)C=C)C2=NC3=C(C=C2)N=CN=C3NC4=C(C(=C(C=C4)OC5=CC6=NC=NN6C=C5)Cl)F)C,0.0075,8.1249387366083,Active,1,1
166544327,CC1=C(C=CC(=C1)NC2=NC=NC3=C2N=C(C=C3)C(=C)C)OC4=CC5=C(C=C4)N(C=N5)C,0.1938,6.712646227285253,Active,1,1
166544328,C=CC(=O)N1CCCN(CC1)C2=NC3=C(C=C2)N=CN=C3NC4=C(C(=C(C=C4)OC5=CC6=NC=NN6C=C5)Cl)F,0.0511,7.291579099865287,Active,1,1
166544333,CC#CC(=O)N1CC[C@@H]2C[C@H]1CN2C3=NC4=C(C=C3)N=CN=C4NC5=C(C(=C(C=C5)OC6=CC7=NC=NN7C=C6)C)F,0.0485,7.314258261397736,Active,1,1
166544334,CC1=CC(=C(C=C1OC2=CC3=C(C=C2)N(C=N3)C)F)NC4=NC=NC5=C4N=C(C=C5)[C@@H]6CCC(N(C6)C(=O)C=C)(C)C,0.1796,6.745693667668714,Active,1,1
166544338,CC1=C(C=CC(=C1F)NC2=NC=NC3=C2N=C(C=C3)N4CC[C@H](C4)N(C)C(=O)C=C)OC5=CC6=NC=NN6C=C5,0.0293,7.533132379645891,Active,1,1
166544342,CC1=C(C=CC(=C1F)NC2=NC=NC3=C2N=C(C=C3)N4C[C@@H]5CC[C@H]4CN5C(=O)C=C)OC6=CC7=C(N=C6)N(C=N7)C,0.0456,7.341035157335565,Active,1,1
166544347,CC1=C(C=CC(=C1F)NC2=NC=NC3=C2N=C(C=C3)SC4CCN(CC4)C(=O)C=C)OC5=CC6=NC=NN6C=C5,0.0543,7.265200170411153,Active,1,1
166544350,C=CC(=O)N1CCN(CC1)C2=NC3=C(C=C2)N=CN=C3NC4=C(C(=C(C=C4)OC5=CC6=NC=NN6C=C5)Cl)F,0.006,8.221848749616356,Active,1,1
166544359,CC1=C(C=CC(=C1)NC2=NC=NC3=C2N=C(C=C3)C4CCCN(CC4)C(=O)C=C)OC5=CC6=C(C=C5)N(C=N6)C,0.0308,7.511449283499556,Active,1,1
166544365,CC1=C(C=CC(=C1)NC2=NC=NC3=C2N=C(C=C3)C4CCCN(CC4)C(=O)C=C)OC5=CC6=C(N=C5)N(C=N6)C,0.0613,7.212539525481585,Active,1,1
166544366,CC1=C(C=CC(=C1)NC2=NC=NC3=C2N=C(C=C3)C4CCCCN(C4)C(=O)C=C)OC5=CC6=C(C=C5)N(C=N6)C,0.0123,7.910094888560602,Active,1,1
166544369,CC1=CC(=C(C=C1OC2=CC3=NC=NN3C=C2)F)NC4=NC=NC5=C4N=C(C=C5)N6CCN([C@H](C6)C7CC7)C(=O)C=C,0.0249,7.603800652904264,Active,1,1
166544370,CC#CC(=O)N1CCC12CN(C2)C3=NC4=C(C=C3)N=CN=C4NC5=C(C=C(C(=C5)C)OC6=CC7=NC=NN7C=C6)F,1.4496,5.838751819667262,Active,1,1
166544374,CC#CC(=O)N1CCN(CC1(C)C)C2=NC3=C(C=C2)N=CN=C3NC4=C(C(=C(C=C4)OC5=CC6=NC=NN6C=C5)C)F,0.074,7.130768280269024,Active,1,1
166544375,CC1=C(C=CC(=C1)NC2=NC=NC3=C2N=C(C=C3)N4CCN(C5(C4)CC5)C(=O)C=C)OC6=CC7=C(C(=C6)F)N(C=N7)C,0.0104,7.982966660701219,Active,1,1
166544380,CC1=CC(=C(C=C1OC2=CC3=NC=NN3C=C2)F)NC4=NC=NC5=C4N=C(C=C5)C6CCCN(CC6)C(=O)C=C,0.0761,7.118615343229427,Active,1,1
166544381,CC1=C(C=CC(=C1F)NC2=NC=NC3=C2N=C(C=C3)N4CCN([C@@H](C4)C(C)C)C(=O)C=C)OC5=CC6=NC=NN6C=C5,0.0458,7.339134521996131,Active,1,1
166544382,CC1=CC(=C(C=C1OC2=CC3=C(C=C2)N(C=N3)C)F)NC4=NC=NC5=C4N=C(C=C5)[C@@H]6CCCN(C6)C(=O)C=C,0.0659,7.18111458540599,Active,1,1
166544383,CC1=C(C=CC(=C1)NC2=NC=NC3=C2N=C(C=C3)N4CCCN(CC4)C(=O)C=C)OC5=CC6=C(C=C5)N(C=N6)C,0.0294,7.531652669587842,Active,1,1
166544387,C[C@H]1C[C@@H](CN1C(=O)C=C)C2=NC3=C(C=C2)N=CN=C3NC4=C(C(=C(C=C4)OC5=CC6=NC=NN6C=C5)C)F,0.0283,7.548213564475709,Active,1,1
166544391,CC1=C(C=CC(=C1)NC2=NC=NC3=C2N=C(C=C3)C4CCCCN(C4)C(=O)C=C)OC5=CC6=NC=NN6C=C5,0.0132,7.87942606879415,Active,1,1
166544392,CC1=C(C=CC(=C1F)NC2=NC=NC3=C2N=C(C=C3)[C@H]4CC[C@H]5[C@@H]4CN(C5)C(=O)C=C)OC6=CC7=NC=NN7C=C6,0.0449,7.347753658996677,Active,1,1
166544393,CC1=C(C=CC(=C1F)NC2=NC=NC3=C2N=C(C=C3)N4CCN(C(C4)(C)C)C(=O)C(=C)C)OC5=CC6=NC=NN6C=C5,0.1126,6.9484616094846725,Active,1,1
166544394,CC1=CC(=C(C=C1OC2=CC3=NC=NN3C=C2)F)NC4=NC=NC5=C4N=C(C=C5)C6C[C@@H]7CN(C[C@@H]7C6)C(=O)C=C,0.0681,7.166852888087215,Active,1,1
166544397,CC1=C(C=CC(=C1F)NC2=NC=NC3=C2N=C(C=C3)OC4CCN(CC4)C(=O)C=C)OC5=CC6=NC=CN6N=C5,0.2334,6.631899148290649,Active,1,1
166544398,CC1=CC(=C(C=C1OC2=CC3=C(C=C2)N(C=N3)C)F)NC4=NC=NC5=C4N=C(C=C5)N6C7CC6CN(C7)C(=O)C=C,0.0556,7.2549252084179425,Active,1,1
166544400,CC1=C(C=CC(=C1F)NC2=NC=NC3=C2N=C(C=C3)[C@@H]4C[C@@H]5C[C@H]4N(C5)C(=O)C=C)OC6=CC7=NC=NN7C=C6,0.019,7.721246399047171,Active,1,1
166544403,CC1=C(C=CC(=C1F)NC2=NC=NC3=C2N=C(C=C3)[C@@H]4C[C@@H]5C[C@H]4N(C5)C(=O)C=C)OC6=CC7=C(C=C6)N(C=N7)C,0.0155,7.809668301829708,Active,1,1
166544404,C=CC(=O)N1CCC(CC1)SC2=NC3=C(C=C2)N=CN=C3NC4=C(C(=C(C=C4)OC5=CC6=NC=NN6C=C5)Cl)F,0.0153,7.815308569182402,Active,1,1
166544405,CC1=C(C=CC(=C1)NC2=NC=NC3=C2N=C(C=C3)C4CCN(CC4)C(=O)C=C)OC5=CC6=C(C=C5)N(C=N6)C,0.0287,7.542118103266008,Active,1,1
166544406,CC1=C(C=CC(=C1F)NC2=NC=NC3=C2N=C(C=C3)N4CCN([C@H](C4)C5CC5)C(=O)C=C)OC6=CC7=NC=NN7C=C6,0.0423,7.373659632624958,Active,1,2
166544407,CC1=C(C=CC(=C1)NC2=NC=NC3=C2N=C(C=C3)[C@@H]4C[C@H]5CC[C@@H]4N5C(=O)C=C)OC6=CC7=NC=NN7C=C6,0.0179,7.747146969020107,Active,1,2
166544408,CC1=C(C=CC(=C1)NC2=NC=NC3=C2N=C(C=C3)N(C)S(=O)(=O)C=C)OC4=CC5=C(C=C4)N(C=N5)C,0.0832,7.079876673709276,Active,1,1
166544413,CC1=C(C=CC(=C1F)NC2=NC=NC3=C2N=C(C=C3)[C@@H]4C[C@H]5CC[C@@H]4CN5C(=O)C=C)OC6=CC7=NC=NN7C=C6,0.0244,7.61261017366127,Active,1,1
167268313,COC[C@H]1CN(CCN1C(=O)C=C)C2=NC3=C(C=C2)N=CN=C3NC4=C(C(=C(C=C4)OC5=CC6=NC=NN6C=C5)Cl)F,0.0121,7.91721462968355,Active,1,1
167268315,CC1=CC(=C(C=C1OC2=CC3=NC=NN3C=C2)F)NC4=NC=NC5=C4N=C(C=C5)[C@@H]6C[C@H]7CC[C@@H]6N7C(=O)C=C,0.0098,8.008773924307505,Active,1,1
167268316,CC1=C(C=CC(=C1F)NC2=NC=NC3=C2N=C(C=C3)[C@H]4C[C@@H]5C[C@H](C4)N(C5)C(=O)C=C)OC6=CC7=NC=NN7C=C6,0.0239,7.621602099051862,Active,1,1
167268318,CC1=CC(=C(C=C1OC2=CC3=C(C=C2)N(C=N3)C)F)NC4=NC=NC5=C4N=C(C=C5)[C@@H]6C[C@H]7CC[C@@H]6N7C(=O)C=C,0.0134,7.872895201635193,Active,1,1
167268328,CC1=C(C=CC(=C1F)NC2=NC=NC3=C2N=C(C=C3)N4C[C@@H]5C[C@H]4CN5C(=O)C=C)OC6=CC7=C(C=C6)N(C=N7)C,0.041,7.3872161432802645,Active,1,1
167268336,CC1=C(C=CC(=C1F)NC2=NC=NC3=C2N=C(C=C3)[C@@H]4CCCN(CC4)C(=O)C=C)OC5=CC6=C(C=C5)N(C=N6)C,0.0186,7.730487055782084,Active,1,1
167268337,CC1=C(C=CC(=C1F)NC2=NC=NC3=C2N=C(C=C3)N4CCN([C@@H](C4)C(C)(C)C)C(=O)C=C)OC5=CC6=NC=NN6C=C5,0.02,7.698970004336019,Active,1,1
167268338,CC1=C(C=CC(=C1F)NC2=NC=NC3=C2N=C(C=C3)[C@@H]4C[C@@H](N(C4)C(=O)C=C)C5CC5)OC6=CC7=NC=NN7C=C6,0.0082,8.086186147616283,Active,1,1
167268339,C=CC(=O)N1C[C@@H]2C[C@H]1CN2C3=NC4=C(C=C3)N=CN=C4NC5=CC(=C(C=C5F)OC6=CC7=NC=NN7C=C6)Cl,0.017,7.769551078621726,Active,1,1
167268347,CC1(CN(CCN1C(=O)C=C)C2=NC3=C(C=C2)N=CN=C3NC4=CC(=C(C=C4F)OC5=CC6=NC=NN6C=C5)Cl)C,0.0187,7.728158393463501,Active,1,1
167268352,CC1=CC(=C(C=C1OC2=CC3=C(C=C2)N(C=N3)C)F)NC4=NC=NC5=C4N=C(C=C5)N6CCN([C@@H](C6)C(C)C)C(=O)C=C,0.0926,7.033389013318065,Active,1,1
167268353,CC1=C(C=CC(=C1F)NC2=NC=NC3=C2N=C(C=C3)N4CCN([C@@H](C4)C(C)C)C(=O)C=C)OC5=CC6=C(C=C5)N(C=N6)C,0.162,6.790484985457369,Active,1,1
167268354,CC1=C(C=CC(=C1F)NC2=NC=NC3=C2N=C(C=C3)N4C[C@H]5CN([C@H]5C4)C(=O)C=C)OC6=CC7=C(C=C6)N(C=N7)C,0.0364,7.438898616350944,Active,1,1
167268355,CN1C=NC2=C1C=CC(=C2)OC3=C(C=C(C(=C3)F)NC4=NC=NC5=C4N=C(C=C5)N6C[C@H]7C[C@@H](C6)N(C7)C(=O)C=C)Cl,0.1084,6.964970717797632,Active,1,1
167268360,CC1=CC(=C(C=C1OC2=CC3=C(N=C2)N(C=N3)C)F)NC4=NC=NC5=C4N=C(C=C5)[C@@H]6C[C@H]7CC[C@@H]6N7C(=O)C=C,0.2147,6.668167955563751,Active,1,1
167268364,CC1(CN(CCN1C(=O)C=C)C2=NC3=C(C=C2)N=CN=C3NC4=CC(=C(C=C4F)OC5=CC6=C(N=C5)N(C=N6)C)Cl)C,0.4523,6.344573412254081,Active,1,1
167269144,CC1=C(C=CC(=C1F)NC2=NC=NC3=C2N=C(C=C3)N4C[C@H]5C[C@@H](C4)N(C5)C(=O)C=C)OC6=CC7=C(C=C6)N(C=N7)C,0.2817,6.5502131530142265,Active,1,1
167269166,CC1=C(C=CC(=C1F)NC2=NC=NC3=C2N=C(C=C3)[C@H]4CCN(CC(C4)(C)C)C(=O)C=C)OC5=CC6=C(C=C5)N(C=N6)C,0.2251,6.64762450499948,Active,1,1
167269172,CC1=C(C=CC(=C1F)NC2=NC=NC3=C2N=C(C=C3)N4CCN([C@H](C4)COC)C(=O)C=C)OC5=CC6=NC=NN6C=C5,0.0097,8.013228265733755,Active,1,1
167269186,C=CC(=O)N1CCN(C[C@@H]1C2CC2)C3=NC4=C(C=C3)N=CN=C4NC5=C(C(=C(C=C5)OC6=CC7=NC=NN7C=C6)Cl)F,0.0124,7.906578314837765,Active,1,1
167269210,CN1C=C2C=CC(=CC2=N1)OC3=C(C(=C(C=C3)NC4=NC=NC5=CC(=C(N=C54)OC6CCN(CC6)C(=O)C=C)OC)F)Cl,0.0203,7.692503962086787,Active,1,1
167269226,CC[C@H]1CN(CCN1C(=O)C=C)C2=NC3=C(C=C2)N=CN=C3NC4=C(C(=C(C=C4)OC5=CC6=NC=NN6C=C5)C)F,0.0936,7.028724151261895,Active,1,1
167269227,CC1=C(C=CC(=C1)NC2=NC=NC3=C2N=C(C=C3)N4CCN([C@H](C4)C5CC5)C(=O)C=C)OC6=CC7=C(C(=C6)F)N(C=N7)C,0.0546,7.262807357295263,Active,1,1
167269229,CN1C=NC2=C1N=CC(=C2)OC3=C(C=C(C(=C3)F)NC4=NC=NC5=C4N=C(C=C5)N6C[C@@H]7C[C@H](C6)N(C7)C(=O)C=C)Cl,1.1672,5.932854721114605,Active,1,1
167269349,CC1=C(C=CC(=C1F)NC2=NC=NC3=C2N=C(C=C3)[C@@H]4CCCCN(C4)C(=O)C=C)OC5=CC6=C(C=C5)N(C=N6)C,0.0059,8.229147988357855,Active,1,1
167269356,C[C@@H]1CN(CCN1C(=O)C=C)C2=NC3=C(C=C2)N=CN=C3NC4=C(C(=C(C=C4)OC5=CC6=NC=NN6C=C5)Cl)F,0.0098,8.008773924307505,Active,1,1
167269358,C=CC(=O)N1C2CC1CN(C2)C3=NC4=C(C=C3)N=CN=C4NC5=CC(=C(C=C5F)OC6=CC7=NC=NN7C=C6)Cl,0.0815,7.088842391260023,Active,1,1
167269384,CC1=CC(=C(C=C1OC2=CC3=C(N=C2)N(C=N3)C)F)NC4=NC=NC5=C4N=C(C=C5)[C@@H]6C[C@H]7CC[C@@H]6CN7C(=O)C=C,0.2173,6.662940273679475,Active,1,1
167269387,CC1=C(C=CC(=C1F)NC2=NC=NC3=C2N=C(C=C3)[C@@H]4C[C@H]5CC[C@@H]4N5C(=O)C=C)OC6=CC7=C(N=C6)N(C=N7)C,0.0423,7.373659632624958,Active,1,1
167269399,CC1=C(C=CC(=C1F)NC2=NC=NC3=C2N=C(C=C3)[C@@H]4C[C@H]5CC[C@@H]4CN5C(=O)C=C)OC6=CC7=C(N=C6)N(C=N7)C,0.1253,6.90204892900585,Active,1,1
167269805,CC1CC(CN1C(=O)C=C)C2=NC3=C(C=C2)N=CN=C3NC4=C(C(=C(C=C4)OC5=CC6=C(C=C5)N(C=N6)C)C)F,0.0299,7.52432881167557,Active,1,1
167269806,CC1CN(CCC1C2=NC3=C(C=C2)N=CN=C3NC4=CC(=C(C=C4)OC5=CC6=C(C=C5)N(C=N6)C)C)C(=O)C=C,0.0482,7.31695296176115,Active,1,1
167269809,CC1=CC(=C(C=C1OC2=CC3=C(C=C2)N(C=N3)C)F)NC4=NC=NC5=C4N=C(C=C5)[C@@H]6CCCN(CC6)C(=O)C=C,0.1214,6.915781313260761,Active,1,1
167269811,CC1=C(C=CC(=C1F)NC2=NC=NC3=C2N=C(C=C3)C4CCN(C5(C4)CC5)C(=O)C=C)OC6=CC7=C(C=C6)N(C=N7)C,0.0444,7.35261702988538,Active,1,1
167269813,CC1=C(C=CC(=C1)NC2=NC=NC3=CC(=C(N=C32)OC4CCN(CC4)C(=O)C=C)OC)OC5=CC6=NN(C=C6C=C5)C,0.2094,6.6790233226571765,Active,1,1
167269814,CC1=C(C=CC(=C1)NC2=NC=NC3=CC(=C(N=C32)N4CCN(CC4)C(=O)C=C)OC)OC5=CC6=NN(C=C6C=C5)C,0.0391,7.407823242604133,Active,1,1
167269824,CC[C@H]1CN(CCN1C(=O)C=C)C2=NC3=C(C=C2)N=CN=C3NC4=C(C=C(C(=C4)C)OC5=CC6=NC=NN6C=C5)F,0.0536,7.27083521030723,Active,1,1
167269825,C[C@@H]1CN(C[C@@H](N1C(=O)C=C)C)C2=NC3=C(C=C2)N=CN=C3NC4=C(C(=C(C=C4)OC5=CC6=NC=NN6C=C5)Cl)F,0.011,7.958607314841775,Active,1,1
167269855,C[C@@H]1CN(C[C@@H](N1C(=O)C=C)C)C2=NC3=C(C=C2)N=CN=C3NC4=C(C=C(C(=C4)C)OC5=CC6=NC=NN6C=C5)F,0.148,6.8297382846050425,Active,1,1
167269869,C=CC(=O)N1C[C@H]2C[C@@H]1CN(C2)C3=NC4=C(C=C3)N=CN=C4NC5=C(C(=C(C=C5)OC6=CC7=NC=NN7C=C6)Cl)F,0.0169,7.772113295386326,Active,1,1
167269871,CC1=C(C=CC(=C1F)NC2=NC=NC3=C2N=C(C=C3)N4CCN([C@H](C4)C5CCC5)C(=O)C=C)OC6=CC7=NC=NN7C=C6,0.1268,6.896880746454286,Active,1,1
167269872,CC1=C(C=CC(=C1F)NC2=NC=NC3=C2N=C(C=C3)[C@@H]4C[C@H](N(C4)C(=O)C=C)COC)OC5=CC6=NC=NN6C=C5,0.0592,7.22767829327708,Active,1,1
167346184,CC1=CC(=C(C=C1OC2=CC3=NC=NN3C=C2)F)NC4=NC=NC5=C4N=C(C=C5)[C@H]6C[C@H]7CCC[C@@H]6N7C(=O)C=C,0.0301,7.521433504406157,Active,1,1
167346185,CN1C=NC2=C1N=CC(=C2)OC3=C(C=C(C(=C3)F)NC4=NC=NC5=C4N=C(C=C5)N6C[C@@H]7C[C@H]6CCN7C(=O)C=C)Cl,0.7109,6.148191485771763,Active,1,1
167346186,C=CC(=O)N1CCC12CN(C2)C3=NC4=C(C=C3)N=CN=C4NC5=CC(=C(C=C5F)OC6=CC7=NC=NN7C=C6)Cl,0.0446,7.350665141287858,Active,1,1
167346188,CC#CC(=O)N1CCN(C[C@@H]1C(F)F)C2=NC3=C(C=C2)N=CN=C3NC4=C(C(=C(C=C4)OC5=CC6=NC=NN6C=C5)C)F,0.0743,7.129011186239425,Active,1,1
167346189,CC1=C(C=CC(=C1F)NC2=NC=NC3=C2N=C(C=C3)C4C[C@@H]5CN(C[C@@H]5C4)C(=O)C=C)OC6=CC7=C(C=C6)N(C=N7)C,0.0221,7.655607726314889,Active,1,1
167346191,CN1C=NC2=C1C=CC(=C2)OC3=C(C=C(C=C3)NC4=NC=NC5=C4N=C(C=C5)N6CCN(CC6)C(=O)C=C)C(F)F,0.0292,7.534617148551582,Active,1,1
167346193,CC1=CC(=C(C=C1OC2=CC3=C(C=C2)N(C=N3)C)F)NC4=NC=NC5=C4N=C(C=C5)C6C[C@H]7CC[C@@H](C6)N7C(=O)C=C,0.1349,6.869988050328096,Active,1,1
167346194,CC1=C(C=CC(=C1F)NC2=NC=NC3=C2N=C(C=C3)N4CCC45CN(C5)C(=O)C=C)OC6=CC7=NC=NN7C=C6,0.0224,7.649751981665837,Active,1,1
167346196,CC1=C(C=CC(=C1F)NC2=NC=NC3=C2N=C(C=C3)N4CCN([C@H](C4)C(F)F)C(=O)C=C)OC5=CC6=C(N=C5)N(C=N6)C,0.0113,7.94692155651658,Active,1,1
167346199,CC1=C(C=CC(=C1F)NC2=NC=NC3=C2N=C(C=C3)C4C[C@@H]5C[C@H](C4)N(C5)C(=O)C=C)OC6=CC7=NC=NN7C=C6,0.1558,6.807432546663454,Active,1,1
167346202,CC1=C(C=CC(=C1F)NC2=NC=NC3=C2N=C(C=C3)[C@@H]4CC[C@H]5[C@@H]4CCN5C(=O)C=C)OC6=CC7=C(C=C6)N(C=N7)C,0.0499,7.30189945437661,Active,1,1
167346204,CC1=CC(=CN=C1OC2=CC3=NC=NN3C=C2)NC4=NC=NC5=C4N=C(C=C5)N6CCN(C(C6)(C)C)C(=O)C=C,0.0919,7.036684488613889,Active,1,1
167346205,C[C@H]1CN(C[C@@H](N1C(=O)C=C)C)C2=NC3=C(C=C2)N=CN=C3NC4=CC(=C(C=C4F)OC5=CC6=C(C=C5)N(C=N6)C)Cl,10.0,5.0,Inactive,0,1
167346206,CN1C=NC2=C1N=CC(=C2)OC3=CC(=C(C=C3)NC4=NC=NC5=C4N=C(C=C5)C6C[C@H]7CC[C@@H](C6)N7C(=O)C=C)F,0.1385,6.858550226599533,Active,1,1
167346209,C=CC(=O)N1CC2(C1)CN(C2)C3=NC4=C(C=C3)N=CN=C4NC5=CC(=C(C=C5F)OC6=CC7=NC=NN7C=C6)Cl,0.1324,6.878112014896319,Active,1,1
167346210,C[C@H]1CN(C[C@@H](N1C(=O)C=C)C)C2=NC3=C(C=C2)N=CN=C3NC4=C(C=C(C(=C4)C)OC5=CC6=C(C=C5)N(C=N6)C)F,0.0542,7.266000713461613,Active,1,1
167346211,CC1=C(C=CC(=C1F)NC2=NC=NC3=C2N=C(C=C3)N4CCN([C@H](C4)C(F)F)C(=O)C=C)OC5=CC6=NC=NN6C=C5,0.0114,7.943095148663527,Active,1,1
167346214,CC1=CC(=C(C=C1OC2=CC3=C(C=C2)N(C=N3)C)F)NC4=NC=NC5=C4N=C(C=C5)C6C[C@@H]7CN(C[C@@H]7C6)C(=O)C=C,0.0399,7.399027104313252,Active,1,1
167346216,C=CC(=O)N1CCC12CN(C2)C3=NC4=C(C=C3)N=CN=C4NC5=C(C(=C(C=C5)OC6=CC7=NC=NN7C=C6)Cl)F,0.0088,8.05551732784983,Active,1,1
167346218,CC1=CC(=C(C=C1OC2=CC3=C(C=C2)N(C=N3)C)F)NC4=NC=NC5=C4N=C(C=C5)[C@@H]6CC[C@H]7[C@@H]6CCN7C(=O)C=C,0.0863,7.06398920428479,Active,1,1
167346219,CC[C@@H]1CN(CCN1C(=O)C=C)C2=NC3=C(C=C2)N=CN=C3NC4=C(C=C(C(=C4F)C)OC5=CC6=NC=NN6C=C5)F,0.0458,7.339134521996131,Active,1,1
167346220,CC1=C(C=CC(=C1F)NC2=NC=NC3=C2N=C(C=C3)[C@@H]4C[C@@H]5CCN([C@@H]5C4)C(=O)C=C)OC6=CC7=C(C=C6)N(C=N7)C,0.0415,7.3819519032879075,Active,1,1
167346223,CC1=C(C=CC(=C1F)NC2=NC=NC3=C2N=C(C=C3)N4CC5(C4)CCN5C(=O)C=C)OC6=CC7=NC=NN7C=C6,0.0869,7.060980223551334,Active,1,1
167346224,CC1=C(C=CC(=C1F)NC2=NC=NC3=C2N=C(C=C3)N4CCN([C@@H](C4)C5CC5)C(=O)C=C)OC6=CC7=NC=NN7C=C6,0.0282,7.549750891680639,Active,1,1
167346225,CC1=C(C=CC(=C1F)NC2=NC=NC3=C2N=C(C=C3)N4C[C@H]5CCN([C@H]5C4)C(=O)C=C)OC6=CC7=NC=NN7C=C6,0.0865,7.062983892535186,Active,1,1
167346226,CC1=C(C=CC(=C1)NC2=NC=NC3=C2N=C(C=C3)C4C[C@H]5CC[C@@H](C4)N5C(=O)C=C)OC6=CC7=NC=NN7C=C6,0.0295,7.5301779840218375,Active,1,1
167346227,CC1=C(C=CC(=C1)NC2=NC=NC3=C2N=C(C=C3)N4C[C@@H]5CCN([C@@H]5C4)C(=O)C=C)OC6=CC7=C(C=C6)N(C=N7)C,0.0362,7.441291429466834,Active,1,2
167346228,CC1(CN(CCN1C(=O)C=C)C2=NC3=C(C=C2)N=CN=C3NC4=CC(=C(C=C4)OC5=CC6=NC=NN6C=C5)C(F)F)C,0.1065,6.972650392225243,Active,1,1
167346230,C[C@H]1CN(C[C@@H](N1C(=O)C=C)C)C2=NC3=C(C=C2)N=CN=C3NC4=C(C(=C(C=C4)OC5=CC6=C(C=C5)N(C=N6)C)C)F,0.0572,7.242603971206976,Active,1,1
167346232,C=CC(=O)N1CC2(C1)CN(C2)C3=NC4=C(C=C3)N=CN=C4NC5=C(C(=C(C=C5)OC6=CC7=NC=NN7C=C6)Cl)F,0.0392,7.406713932979542,Active,1,1
167346233,CC1=CC(=C(C=C1OC2=CC3=NC=NN3C=C2)F)NC4=NC=NC5=C4N=C(C=C5)[C@@H]6C[C@@H]7C[C@H]6CN7C(=O)C=C,0.0555,7.255707016877324,Active,1,1
167346234,C[C@@H]1CN(C[C@H](N1C(=O)C=C)C)C2=NC3=C(C=C2)N=CN=C3NC4=C(C(=C(C=C4)OC5=CC6=C(C=C5)N(C=N6)C)C)F,0.7953,6.099469017547245,Active,1,1
167346237,CC1=CC(=C(C=C1OC2=CC3=C(N=C2)N(C=N3)C)F)NC4=NC=NC5=C4N=C(C=C5)N6CCN([C@H](C6)C7CC7)C(=O)C=C,0.1585,6.79997073344623,Active,1,1
167346238,CC1=C(C=CC(=C1F)NC2=NC=NC3=CC(=C(N=C32)N4C[C@H]5CCN([C@H]5C4)C(=O)C=C)OC)OC6=CC7=NC=NN7C=C6,0.018,7.7447274948966935,Active,1,1
167346239,C=CC(=O)N1CCN(C[C@@H]1C(F)F)C2=NC3=C(C=C2)N=CN=C3NC4=C(C(=C(C=C4)OC5=CC6=NC=NN6C=C5)Cl)F,0.0012,8.920818753952375,Active,1,1
167346241,CCC(=O)N1CC(C1)[C@H](C)C2=NC3=C(C=C2)N=CN=C3NC4=C(C(=C(C=C4)OC5=CC6=NC=NN6C=C5)C)F,0.0948,7.023191662661934,Active,1,1
167346243,CC1=CC(=C(C=C1OC2=CC3=C(C=C2)N(C=N3)C)F)NC4=NC=NC5=C4N=C(C=C5)[C@@H]6C[C@@H]7CCN([C@@H]7C6)C(=O)C=C,0.1192,6.923723744595782,Active,1,1
169611519,CC1=C(C=CC(=C1F)NC2=NC=NC3=C2N=C(C=C3)N4CC5CC[C@@H]4CN5C(=O)C=C)OC6=CC7=C(N=C6)N(C=N7)C,1.1701,5.93177702065355,Active,1,1
170966862,CC1=C(C=CC(=C1)NC2=NC=NN3C2=C(C=C3)N4C=CC(=N4)C5CN(C5)C(=O)C=C)OC6=CC7=NC=NN7C=C6,0.2,6.698970004336019,Active,1,1
170966901,CC1=C(C=CC(=C1)NC2=NC=NN3C2=C(C=C3)C4CCCN(CC4)C(=O)/C=C/CN(C)C)OC5=CC6=NC=NN6C=C5,0.2,6.698970004336019,Active,1,1
170966937,CC1=C(C=CC(=C1)NC2=NC=NN3C2=C(C=C3)C4CC5(C4)CN(C5)C(=O)/C=C/CN(C)C)OC6=CC7=NC=NN7C=C6,0.2,6.698970004336019,Active,1,1
170967053,CC1=C(C=CC(=C1)NC2=NC=NN3C2=C(C=C3)N4CCN(CC4)C(=O)C=C)OC5=CC6=NC=NN6C=C5,0.2,6.698970004336019,Active,1,1
170967142,CC1=C(C=CC(=C1)NC2=NC=NN3C2=C(C=C3)C4CCN(CC4)C(=O)C=C)OC5=CC6=NC=NN6C=C5,0.2,6.698970004336019,Active,1,1
170967188,CC1=C(C=CC(=C1)NC2=NC=NN3C2=C(C=C3)C4CCN(CC4)C(=O)/C=C/CN5CC6COCC6C5)OC7=CC8=C(C=C7)N(C=N8)C,0.2,6.698970004336019,Active,1,1
170967296,CC1=C(C=CC(=C1)NC2=NC=NN3C2=C(C=C3)C4CCN(CC4)C(=O)/C=C/CN(C)C)OC5=CC6=NC=NN6C=C5,0.016,7.795880017344075,Active,1,2
171038146,CC1=C(C=CC(=C1)NC2=NC=NN3C2=C(C=C3)C4CN(C4)C(=O)/C=C/CN(C)C)OC5=CC6=NC=NN6C=C5,0.2,6.698970004336019,Active,1,1
178185076,CC1=C(C=CC(=C1)NC2=NC=NN3C2=C(C=C3)C4=CN(N=C4)CCCC(=O)/C=C/CN(C)C)OC5=CC6=NC=NN6C=C5,0.2,6.698970004336019,Active,1,2
178185078,CC1=NOC2=C1C=C(C=C2)C(=O)NC3=CC4=C(C=C3)N=C(N4)CN5CCCC5,0.018,7.7447274948966935,Active,1,1
