COSMIC_ID,CELL_LINE_NAME,DRUG_NAME,PUTATIVE_TARGET,PATHWAY_NAME,LN_IC50,AUC
749709,HCC1954,Gefitinib,EGFR,EGFR signaling,3.480012,0.985315
749710,HCC1143,Gefitinib,EGFR,EGFR signaling,2.83504,0.950233
749711,HCC1187,Gefitinib,EGFR,EGFR signaling,3.531042,0.986127
749712,HCC1395,Gefitinib,EGFR,EGFR signaling,3.87102,0.978491
749713,HCC1599,Gefitinib,EGFR,EGFR signaling,4.4035,0.979077
749714,HCC1937,Gefitinib,EGFR,EGFR signaling,2.879339,0.948374
749715,HCC2157,Gefitinib,EGFR,EGFR signaling,0.800449,0.907862
749716,HCC2218,Gefitinib,EGFR,EGFR signaling,3.2885839999999997,0.986914
749717,HCC38,Gefitinib,EGFR,EGFR signaling,4.625195,0.983473
905945,T47D,Gefitinib,EGFR,EGFR signaling,4.099682,0.984876
905946,MCF7,Gefitinib,EGFR,EGFR signaling,4.60075,0.980019
905951,BT-549,Gefitinib,EGFR,EGFR signaling,4.565935,0.976488
905957,Hs-578-T,Gefitinib,EGFR,EGFR signaling,4.162809,0.98048
905960,MDA-MB-231,Gefitinib,EGFR,EGFR signaling,3.844226,0.984625
906801,BT-20,Gefitinib,EGFR,EGFR signaling,3.46637,0.98979
906812,COLO-824,Gefitinib,EGFR,EGFR signaling,1.966537,0.935822
906826,CAL-120,Gefitinib,EGFR,EGFR signaling,5.555368,0.968046
906844,DU-4475,Gefitinib,EGFR,EGFR signaling,1.980587,0.979665
906851,EFM-19,Gefitinib,EGFR,EGFR signaling,4.322490999999999,0.981239
906862,EVSA-T,Gefitinib,EGFR,EGFR signaling,3.1278669999999997,0.988046
907045,HCC1419,Gefitinib,EGFR,EGFR signaling,2.392578,0.964433
907046,HCC1569,Gefitinib,EGFR,EGFR signaling,2.9370179999999997,0.966795
907048,HCC70,Gefitinib,EGFR,EGFR signaling,3.166692,0.980266
908120,MDA-MB-175-VII,Gefitinib,EGFR,EGFR signaling,-0.4454789999999999,0.7076739999999999
908121,MDA-MB-361,Gefitinib,EGFR,EGFR signaling,3.048554,0.977493
908122,MDA-MB-453,Gefitinib,EGFR,EGFR signaling,1.802387,0.929379
908123,MDA-MB-468,Gefitinib,EGFR,EGFR signaling,1.829364,0.928649
908151,MRK-nu-1,Gefitinib,EGFR,EGFR signaling,3.1184499999999997,0.990676
909256,OCUB-M,Gefitinib,EGFR,EGFR signaling,3.151116,0.984056
909778,UACC-893,Gefitinib,EGFR,EGFR signaling,2.763122,0.961773
909907,ZR-75-30,Gefitinib,EGFR,EGFR signaling,5.284396999999999,0.97671
910704,AU565,Gefitinib,EGFR,EGFR signaling,1.140302,0.909538
910852,CAL-85-1,Gefitinib,EGFR,EGFR signaling,3.833117,0.981017
910910,UACC-812,Gefitinib,EGFR,EGFR signaling,3.743174,0.969775
910927,CAL-51,Gefitinib,EGFR,EGFR signaling,3.12172,0.968485
910948,MFM-223,Gefitinib,EGFR,EGFR signaling,5.136019,0.976879
924106,CAL-148,Gefitinib,EGFR,EGFR signaling,3.345837,0.98256
924240,MDA-MB-415,Gefitinib,EGFR,EGFR signaling,2.769355,0.976988
925338,MDA-MB-157,Gefitinib,EGFR,EGFR signaling,4.1000689999999995,0.986455
946359,BT-474,Gefitinib,EGFR,EGFR signaling,3.338498,0.950842
946382,CAMA-1,Gefitinib,EGFR,EGFR signaling,3.5399149999999997,0.984138
949093,BT-483,Gefitinib,EGFR,EGFR signaling,6.467383,0.969399
1240172,MDA-MB-436,Gefitinib,EGFR,EGFR signaling,4.67185,0.983377
1290798,EFM-192A,Gefitinib,EGFR,EGFR signaling,3.943953,0.980608
1290905,HCC1428,Gefitinib,EGFR,EGFR signaling,4.298544,0.963515
1290922,HDQ-P1,Gefitinib,EGFR,EGFR signaling,0.803739,0.863663
1298157,JIMT-1,Gefitinib,EGFR,EGFR signaling,3.966396,0.988194
1303900,HCC1500,Gefitinib,EGFR,EGFR signaling,3.692702,0.987587
1303911,YMB-1-E,Gefitinib,EGFR,EGFR signaling,3.937446,0.979434
1330941,MDA-MB-330,Gefitinib,EGFR,EGFR signaling,1.938317,0.911407
749709,HCC1954,Axitinib,"PDGFR, KIT, VEGFR",RTK signaling,3.3417019999999997,0.942511
749710,HCC1143,Axitinib,"PDGFR, KIT, VEGFR",RTK signaling,3.4586189999999997,0.914218
749711,HCC1187,Axitinib,"PDGFR, KIT, VEGFR",RTK signaling,2.828859,0.918052
749712,HCC1395,Axitinib,"PDGFR, KIT, VEGFR",RTK signaling,2.174101,0.8484959999999999
749713,HCC1599,Axitinib,"PDGFR, KIT, VEGFR",RTK signaling,3.2814669999999997,0.902674
749714,HCC1937,Axitinib,"PDGFR, KIT, VEGFR",RTK signaling,4.629161,0.952445
749715,HCC2157,Axitinib,"PDGFR, KIT, VEGFR",RTK signaling,3.718345,0.969056
749716,HCC2218,Axitinib,"PDGFR, KIT, VEGFR",RTK signaling,2.113787,0.879107
749717,HCC38,Axitinib,"PDGFR, KIT, VEGFR",RTK signaling,4.697686,0.957937
905945,T47D,Axitinib,"PDGFR, KIT, VEGFR",RTK signaling,3.262501,0.922415
905946,MCF7,Axitinib,"PDGFR, KIT, VEGFR",RTK signaling,3.200529,0.895443
905951,BT-549,Axitinib,"PDGFR, KIT, VEGFR",RTK signaling,2.622629,0.8555579999999999
905957,Hs-578-T,Axitinib,"PDGFR, KIT, VEGFR",RTK signaling,2.139423,0.8413849999999999
905960,MDA-MB-231,Axitinib,"PDGFR, KIT, VEGFR",RTK signaling,3.308335,0.930403
906801,BT-20,Axitinib,"PDGFR, KIT, VEGFR",RTK signaling,3.781183,0.967394
906812,COLO-824,Axitinib,"PDGFR, KIT, VEGFR",RTK signaling,2.096052,0.8504579999999999
906826,CAL-120,Axitinib,"PDGFR, KIT, VEGFR",RTK signaling,5.5393159999999995,0.93704
906844,DU-4475,Axitinib,"PDGFR, KIT, VEGFR",RTK signaling,1.081764,0.80206
906851,EFM-19,Axitinib,"PDGFR, KIT, VEGFR",RTK signaling,3.812046,0.932457
906862,EVSA-T,Axitinib,"PDGFR, KIT, VEGFR",RTK signaling,1.715134,0.8521839999999999
907045,HCC1419,Axitinib,"PDGFR, KIT, VEGFR",RTK signaling,3.4739489999999997,0.947268
907046,HCC1569,Axitinib,"PDGFR, KIT, VEGFR",RTK signaling,1.980809,0.842648
907048,HCC70,Axitinib,"PDGFR, KIT, VEGFR",RTK signaling,2.500691,0.8961169999999999
908120,MDA-MB-175-VII,Axitinib,"PDGFR, KIT, VEGFR",RTK signaling,5.176648,0.926583
908121,MDA-MB-361,Axitinib,"PDGFR, KIT, VEGFR",RTK signaling,4.08523,0.965111
908122,MDA-MB-453,Axitinib,"PDGFR, KIT, VEGFR",RTK signaling,2.0000359999999997,0.8434849999999999
908123,MDA-MB-468,Axitinib,"PDGFR, KIT, VEGFR",RTK signaling,0.869783,0.737236
908151,MRK-nu-1,Axitinib,"PDGFR, KIT, VEGFR",RTK signaling,2.249089,0.903842
909256,OCUB-M,Axitinib,"PDGFR, KIT, VEGFR",RTK signaling,1.97875,0.8657779999999999
909778,UACC-893,Axitinib,"PDGFR, KIT, VEGFR",RTK signaling,4.444872,0.963708
909907,ZR-75-30,Axitinib,"PDGFR, KIT, VEGFR",RTK signaling,4.790172999999999,0.935648
910704,AU565,Axitinib,"PDGFR, KIT, VEGFR",RTK signaling,3.274619,0.936721
910852,CAL-85-1,Axitinib,"PDGFR, KIT, VEGFR",RTK signaling,3.980123,0.949414
910910,UACC-812,Axitinib,"PDGFR, KIT, VEGFR",RTK signaling,3.614132,0.919296
910927,CAL-51,Axitinib,"PDGFR, KIT, VEGFR",RTK signaling,2.510996,0.8775529999999999
910948,MFM-223,Axitinib,"PDGFR, KIT, VEGFR",RTK signaling,0.653555,0.6846209999999999
924106,CAL-148,Axitinib,"PDGFR, KIT, VEGFR",RTK signaling,1.887917,0.8494459999999999
924240,MDA-MB-415,Axitinib,"PDGFR, KIT, VEGFR",RTK signaling,3.897776,0.96589
925338,MDA-MB-157,Axitinib,"PDGFR, KIT, VEGFR",RTK signaling,3.084019,0.91751
946359,BT-474,Axitinib,"PDGFR, KIT, VEGFR",RTK signaling,3.683378,0.907953
946382,CAMA-1,Axitinib,"PDGFR, KIT, VEGFR",RTK signaling,3.586316,0.948307
949093,BT-483,Axitinib,"PDGFR, KIT, VEGFR",RTK signaling,6.019823,0.933692
1240172,MDA-MB-436,Axitinib,"PDGFR, KIT, VEGFR",RTK signaling,3.808871,0.928701
1290798,EFM-192A,Axitinib,"PDGFR, KIT, VEGFR",RTK signaling,5.313406,0.977292
1290905,HCC1428,Axitinib,"PDGFR, KIT, VEGFR",RTK signaling,4.186394,0.917394
1290906,HCC202,Axitinib,"PDGFR, KIT, VEGFR",RTK signaling,2.67615,0.920413
1290922,HDQ-P1,Axitinib,"PDGFR, KIT, VEGFR",RTK signaling,3.929187,0.941314
1298157,JIMT-1,Axitinib,"PDGFR, KIT, VEGFR",RTK signaling,4.36851,0.970095
1303900,HCC1500,Axitinib,"PDGFR, KIT, VEGFR",RTK signaling,3.285776,0.939916
1303911,YMB-1-E,Axitinib,"PDGFR, KIT, VEGFR",RTK signaling,3.981446,0.944125
1330941,MDA-MB-330,Axitinib,"PDGFR, KIT, VEGFR",RTK signaling,5.7559499999999995,0.973751
749709,HCC1954,Motesanib,"VEGFR, RET, KIT, PDGFR",RTK signaling,5.378024,0.98843
749710,HCC1143,Motesanib,"VEGFR, RET, KIT, PDGFR",RTK signaling,6.194465999999999,0.982614
749711,HCC1187,Motesanib,"VEGFR, RET, KIT, PDGFR",RTK signaling,5.312486,0.987973
749712,HCC1395,Motesanib,"VEGFR, RET, KIT, PDGFR",RTK signaling,5.937499,0.984125
749713,HCC1599,Motesanib,"VEGFR, RET, KIT, PDGFR",RTK signaling,6.012446,0.979071
749714,HCC1937,Motesanib,"VEGFR, RET, KIT, PDGFR",RTK signaling,6.370515999999999,0.982809
749715,HCC2157,Motesanib,"VEGFR, RET, KIT, PDGFR",RTK signaling,4.222087999999999,0.980496
749716,HCC2218,Motesanib,"VEGFR, RET, KIT, PDGFR",RTK signaling,5.171557,0.989772
749717,HCC38,Motesanib,"VEGFR, RET, KIT, PDGFR",RTK signaling,4.561431,0.954279
905945,T47D,Motesanib,"VEGFR, RET, KIT, PDGFR",RTK signaling,5.724775,0.985043
905946,MCF7,Motesanib,"VEGFR, RET, KIT, PDGFR",RTK signaling,6.255666,0.980548
905951,BT-549,Motesanib,"VEGFR, RET, KIT, PDGFR",RTK signaling,6.4264209999999995,0.979584
905957,Hs-578-T,Motesanib,"VEGFR, RET, KIT, PDGFR",RTK signaling,5.829744,0.981191
905960,MDA-MB-231,Motesanib,"VEGFR, RET, KIT, PDGFR",RTK signaling,5.599158999999999,0.986209
906801,BT-20,Motesanib,"VEGFR, RET, KIT, PDGFR",RTK signaling,5.225258,0.991113
906812,COLO-824,Motesanib,"VEGFR, RET, KIT, PDGFR",RTK signaling,5.07365,0.976322
906826,CAL-120,Motesanib,"VEGFR, RET, KIT, PDGFR",RTK signaling,7.484909999999999,0.97216
906844,DU-4475,Motesanib,"VEGFR, RET, KIT, PDGFR",RTK signaling,4.404974999999999,0.992349
906851,EFM-19,Motesanib,"VEGFR, RET, KIT, PDGFR",RTK signaling,5.336946999999999,0.972743
906862,EVSA-T,Motesanib,"VEGFR, RET, KIT, PDGFR",RTK signaling,4.929529,0.990075
907045,HCC1419,Motesanib,"VEGFR, RET, KIT, PDGFR",RTK signaling,5.168061,0.985972
907046,HCC1569,Motesanib,"VEGFR, RET, KIT, PDGFR",RTK signaling,5.164243,0.97839
907048,HCC70,Motesanib,"VEGFR, RET, KIT, PDGFR",RTK signaling,5.415684,0.988247
908120,MDA-MB-175-VII,Motesanib,"VEGFR, RET, KIT, PDGFR",RTK signaling,7.422095,0.971074
908121,MDA-MB-361,Motesanib,"VEGFR, RET, KIT, PDGFR",RTK signaling,5.391666,0.987453
908122,MDA-MB-453,Motesanib,"VEGFR, RET, KIT, PDGFR",RTK signaling,4.823761,0.972161
908123,MDA-MB-468,Motesanib,"VEGFR, RET, KIT, PDGFR",RTK signaling,5.615297,0.983143
908151,MRK-nu-1,Motesanib,"VEGFR, RET, KIT, PDGFR",RTK signaling,4.621589999999999,0.989582
909256,OCUB-M,Motesanib,"VEGFR, RET, KIT, PDGFR",RTK signaling,5.1142259999999995,0.988298
909778,UACC-893,Motesanib,"VEGFR, RET, KIT, PDGFR",RTK signaling,5.571903,0.983308
909907,ZR-75-30,Motesanib,"VEGFR, RET, KIT, PDGFR",RTK signaling,7.083219,0.978821
910704,AU565,Motesanib,"VEGFR, RET, KIT, PDGFR",RTK signaling,5.361802,0.987055
910852,CAL-85-1,Motesanib,"VEGFR, RET, KIT, PDGFR",RTK signaling,5.813129,0.985352
910910,UACC-812,Motesanib,"VEGFR, RET, KIT, PDGFR",RTK signaling,6.296679999999999,0.982905
910927,CAL-51,Motesanib,"VEGFR, RET, KIT, PDGFR",RTK signaling,5.656823,0.983254
910948,MFM-223,Motesanib,"VEGFR, RET, KIT, PDGFR",RTK signaling,6.017028,0.966509
924106,CAL-148,Motesanib,"VEGFR, RET, KIT, PDGFR",RTK signaling,5.289486,0.986676
924240,MDA-MB-415,Motesanib,"VEGFR, RET, KIT, PDGFR",RTK signaling,5.276644999999999,0.989336
925338,MDA-MB-157,Motesanib,"VEGFR, RET, KIT, PDGFR",RTK signaling,5.730328999999999,0.986661
946359,BT-474,Motesanib,"VEGFR, RET, KIT, PDGFR",RTK signaling,6.665273999999999,0.980431
946382,CAMA-1,Motesanib,"VEGFR, RET, KIT, PDGFR",RTK signaling,5.510828,0.988098
949093,BT-483,Motesanib,"VEGFR, RET, KIT, PDGFR",RTK signaling,8.252326,0.971411
1240172,MDA-MB-436,Motesanib,"VEGFR, RET, KIT, PDGFR",RTK signaling,6.346463,0.984035
1290798,EFM-192A,Motesanib,"VEGFR, RET, KIT, PDGFR",RTK signaling,6.039784,0.986065
1290905,HCC1428,Motesanib,"VEGFR, RET, KIT, PDGFR",RTK signaling,6.946501,0.978354
1290922,HDQ-P1,Motesanib,"VEGFR, RET, KIT, PDGFR",RTK signaling,5.839068,0.982453
1298157,JIMT-1,Motesanib,"VEGFR, RET, KIT, PDGFR",RTK signaling,5.619863,0.988598
1303900,HCC1500,Motesanib,"VEGFR, RET, KIT, PDGFR",RTK signaling,5.459044,0.989099
1303911,YMB-1-E,Motesanib,"VEGFR, RET, KIT, PDGFR",RTK signaling,5.914086999999999,0.983891
1330941,MDA-MB-330,Motesanib,"VEGFR, RET, KIT, PDGFR",RTK signaling,6.031209,0.977565
749709,HCC1954,Afatinib,"EGFR, ERBB2",EGFR signaling,1.898886,0.8796269999999999
749710,HCC1143,Afatinib,"EGFR, ERBB2",EGFR signaling,1.775753,0.841194
749711,HCC1187,Afatinib,"EGFR, ERBB2",EGFR signaling,2.114522,0.8942819999999999
749712,HCC1395,Afatinib,"EGFR, ERBB2",EGFR signaling,1.938865,0.830403
749713,HCC1599,Afatinib,"EGFR, ERBB2",EGFR signaling,2.4238649999999997,0.868277
749714,HCC1937,Afatinib,"EGFR, ERBB2",EGFR signaling,2.36305,0.874409
749715,HCC2157,Afatinib,"EGFR, ERBB2",EGFR signaling,-0.310199,0.685368
749716,HCC2218,Afatinib,"EGFR, ERBB2",EGFR signaling,-3.585495,0.267561
749717,HCC38,Afatinib,"EGFR, ERBB2",EGFR signaling,3.700751,0.938987
905945,T47D,Afatinib,"EGFR, ERBB2",EGFR signaling,1.792157,0.857476
905946,MCF7,Afatinib,"EGFR, ERBB2",EGFR signaling,3.233621,0.915351
905951,BT-549,Afatinib,"EGFR, ERBB2",EGFR signaling,2.039331,0.847254
905957,Hs-578-T,Afatinib,"EGFR, ERBB2",EGFR signaling,1.455082,0.8235819999999999
905960,MDA-MB-231,Afatinib,"EGFR, ERBB2",EGFR signaling,1.70569,0.856499
906801,BT-20,Afatinib,"EGFR, ERBB2",EGFR signaling,2.6003659999999997,0.931369
906812,COLO-824,Afatinib,"EGFR, ERBB2",EGFR signaling,0.993215,0.7957799999999999
906826,CAL-120,Afatinib,"EGFR, ERBB2",EGFR signaling,3.363558,0.878583
906844,DU-4475,Afatinib,"EGFR, ERBB2",EGFR signaling,1.660815,0.890728
906851,EFM-19,Afatinib,"EGFR, ERBB2",EGFR signaling,1.896849,0.852425
906862,EVSA-T,Afatinib,"EGFR, ERBB2",EGFR signaling,2.069566,0.904553
907046,HCC1569,Afatinib,"EGFR, ERBB2",EGFR signaling,1.5149469999999998,0.8383809999999999
907048,HCC70,Afatinib,"EGFR, ERBB2",EGFR signaling,2.163163,0.8956679999999999
908120,MDA-MB-175-VII,Afatinib,"EGFR, ERBB2",EGFR signaling,-3.965072,0.25466
908121,MDA-MB-361,Afatinib,"EGFR, ERBB2",EGFR signaling,0.272899,0.738705
908122,MDA-MB-453,Afatinib,"EGFR, ERBB2",EGFR signaling,1.311556,0.822175
908123,MDA-MB-468,Afatinib,"EGFR, ERBB2",EGFR signaling,0.174724,0.7207399999999999
908151,MRK-nu-1,Afatinib,"EGFR, ERBB2",EGFR signaling,1.57165,0.8736929999999999
909256,OCUB-M,Afatinib,"EGFR, ERBB2",EGFR signaling,-0.932433,0.614649
909778,UACC-893,Afatinib,"EGFR, ERBB2",EGFR signaling,-3.09496,0.333596
909907,ZR-75-30,Afatinib,"EGFR, ERBB2",EGFR signaling,-1.759559,0.518551
910704,AU565,Afatinib,"EGFR, ERBB2",EGFR signaling,-1.533974,0.546719
910852,CAL-85-1,Afatinib,"EGFR, ERBB2",EGFR signaling,2.5057989999999997,0.900237
910910,UACC-812,Afatinib,"EGFR, ERBB2",EGFR signaling,1.022277,0.7373569999999999
910927,CAL-51,Afatinib,"EGFR, ERBB2",EGFR signaling,2.470401,0.8975059999999999
910948,MFM-223,Afatinib,"EGFR, ERBB2",EGFR signaling,2.7123969999999997,0.872989
924106,CAL-148,Afatinib,"EGFR, ERBB2",EGFR signaling,1.597394,0.823839
924240,MDA-MB-415,Afatinib,"EGFR, ERBB2",EGFR signaling,2.242572,0.906102
925338,MDA-MB-157,Afatinib,"EGFR, ERBB2",EGFR signaling,3.602241,0.951501
946359,BT-474,Afatinib,"EGFR, ERBB2",EGFR signaling,-0.974857,0.595936
946382,CAMA-1,Afatinib,"EGFR, ERBB2",EGFR signaling,3.212363,0.945178
949093,BT-483,Afatinib,"EGFR, ERBB2",EGFR signaling,4.920465,0.901827
1240172,MDA-MB-436,Afatinib,"EGFR, ERBB2",EGFR signaling,4.350084,0.95678
1290798,EFM-192A,Afatinib,"EGFR, ERBB2",EGFR signaling,0.788327,0.774489
1290905,HCC1428,Afatinib,"EGFR, ERBB2",EGFR signaling,2.4867969999999997,0.8594229999999999
1290922,HDQ-P1,Afatinib,"EGFR, ERBB2",EGFR signaling,0.401188,0.7376969999999999
1298157,JIMT-1,Afatinib,"EGFR, ERBB2",EGFR signaling,1.656423,0.857659
1303900,HCC1500,Afatinib,"EGFR, ERBB2",EGFR signaling,1.232027,0.8284819999999999
1303911,YMB-1-E,Afatinib,"EGFR, ERBB2",EGFR signaling,3.65741,0.961331
1330941,MDA-MB-330,Afatinib,"EGFR, ERBB2",EGFR signaling,-2.272881,0.515268
749709,HCC1954,MK-2206,"AKT1, AKT2",PI3K/MTOR signaling,2.1973629999999997,0.876288
749710,HCC1143,MK-2206,"AKT1, AKT2",PI3K/MTOR signaling,3.573301,0.919325
749711,HCC1187,MK-2206,"AKT1, AKT2",PI3K/MTOR signaling,2.863975,0.919994
749712,HCC1395,MK-2206,"AKT1, AKT2",PI3K/MTOR signaling,1.302306,0.7750269999999999
749713,HCC1599,MK-2206,"AKT1, AKT2",PI3K/MTOR signaling,2.246145,0.8395849999999999
749714,HCC1937,MK-2206,"AKT1, AKT2",PI3K/MTOR signaling,2.70577,0.869871
749715,HCC2157,MK-2206,"AKT1, AKT2",PI3K/MTOR signaling,0.187767,0.6798489999999999
749716,HCC2218,MK-2206,"AKT1, AKT2",PI3K/MTOR signaling,3.346945,0.950766
749717,HCC38,MK-2206,"AKT1, AKT2",PI3K/MTOR signaling,4.742462,0.959035
905945,T47D,MK-2206,"AKT1, AKT2",PI3K/MTOR signaling,1.957418,0.8396429999999999
905946,MCF7,MK-2206,"AKT1, AKT2",PI3K/MTOR signaling,2.619445,0.862061
905951,BT-549,MK-2206,"AKT1, AKT2",PI3K/MTOR signaling,2.260112,0.831278
905957,Hs-578-T,MK-2206,"AKT1, AKT2",PI3K/MTOR signaling,1.131424,0.7553759999999999
905960,MDA-MB-231,MK-2206,"AKT1, AKT2",PI3K/MTOR signaling,3.81253,0.950208
906801,BT-20,MK-2206,"AKT1, AKT2",PI3K/MTOR signaling,2.154319,0.8848389999999999
906812,COLO-824,MK-2206,"AKT1, AKT2",PI3K/MTOR signaling,1.413207,0.792306
906826,CAL-120,MK-2206,"AKT1, AKT2",PI3K/MTOR signaling,5.648228,0.939776
906844,DU-4475,MK-2206,"AKT1, AKT2",PI3K/MTOR signaling,2.4021369999999997,0.928174
906851,EFM-19,MK-2206,"AKT1, AKT2",PI3K/MTOR signaling,1.088701,0.7490939999999999
906862,EVSA-T,MK-2206,"AKT1, AKT2",PI3K/MTOR signaling,-1.034357,0.51747
907045,HCC1419,MK-2206,"AKT1, AKT2",PI3K/MTOR signaling,2.517315,0.898069
907046,HCC1569,MK-2206,"AKT1, AKT2",PI3K/MTOR signaling,1.241151,0.776937
907048,HCC70,MK-2206,"AKT1, AKT2",PI3K/MTOR signaling,0.160715,0.6682389999999999
908120,MDA-MB-175-VII,MK-2206,"AKT1, AKT2",PI3K/MTOR signaling,0.489442,0.651859
908121,MDA-MB-361,MK-2206,"AKT1, AKT2",PI3K/MTOR signaling,0.7816219999999999,0.7398359999999999
908122,MDA-MB-453,MK-2206,"AKT1, AKT2",PI3K/MTOR signaling,-0.1878449999999999,0.619289
908123,MDA-MB-468,MK-2206,"AKT1, AKT2",PI3K/MTOR signaling,2.757151,0.8938809999999999
908151,MRK-nu-1,MK-2206,"AKT1, AKT2",PI3K/MTOR signaling,5.268168,0.994745
909256,OCUB-M,MK-2206,"AKT1, AKT2",PI3K/MTOR signaling,-0.6663779999999999,0.565684
909778,UACC-893,MK-2206,"AKT1, AKT2",PI3K/MTOR signaling,-0.426118,0.590457
909907,ZR-75-30,MK-2206,"AKT1, AKT2",PI3K/MTOR signaling,2.889262,0.853331
910704,AU565,MK-2206,"AKT1, AKT2",PI3K/MTOR signaling,1.704486,0.8326159999999999
910852,CAL-85-1,MK-2206,"AKT1, AKT2",PI3K/MTOR signaling,4.387535,0.961223
910910,UACC-812,MK-2206,"AKT1, AKT2",PI3K/MTOR signaling,1.806948,0.807867
910927,CAL-51,MK-2206,"AKT1, AKT2",PI3K/MTOR signaling,2.686041,0.888698
910948,MFM-223,MK-2206,"AKT1, AKT2",PI3K/MTOR signaling,1.489608,0.7586609999999999
924106,CAL-148,MK-2206,"AKT1, AKT2",PI3K/MTOR signaling,-0.411985,0.596627
924240,MDA-MB-415,MK-2206,"AKT1, AKT2",PI3K/MTOR signaling,-0.244861,0.620143
925338,MDA-MB-157,MK-2206,"AKT1, AKT2",PI3K/MTOR signaling,4.392143,0.965212
946359,BT-474,MK-2206,"AKT1, AKT2",PI3K/MTOR signaling,2.096303,0.8153779999999999
946382,CAMA-1,MK-2206,"AKT1, AKT2",PI3K/MTOR signaling,1.1800469999999998,0.78131
949093,BT-483,MK-2206,"AKT1, AKT2",PI3K/MTOR signaling,5.574369,0.92208
1240172,MDA-MB-436,MK-2206,"AKT1, AKT2",PI3K/MTOR signaling,4.704935,0.957098
1290798,EFM-192A,MK-2206,"AKT1, AKT2",PI3K/MTOR signaling,2.570283,0.878315
1290905,HCC1428,MK-2206,"AKT1, AKT2",PI3K/MTOR signaling,5.872305,0.962982
1290906,HCC202,MK-2206,"AKT1, AKT2",PI3K/MTOR signaling,1.584328,0.835556
1290922,HDQ-P1,MK-2206,"AKT1, AKT2",PI3K/MTOR signaling,3.384292,0.919322
1298157,JIMT-1,MK-2206,"AKT1, AKT2",PI3K/MTOR signaling,3.413168,0.9403
1303900,HCC1500,MK-2206,"AKT1, AKT2",PI3K/MTOR signaling,5.356452,0.988173
1303911,YMB-1-E,MK-2206,"AKT1, AKT2",PI3K/MTOR signaling,-1.146745,0.500517
1330941,MDA-MB-330,MK-2206,"AKT1, AKT2",PI3K/MTOR signaling,1.610183,0.786921
749709,HCC1954,Dactolisib,"PI3K (class 1), MTORC1, MTORC2",PI3K/MTOR signaling,-0.546181,0.933455
749710,HCC1143,Dactolisib,"PI3K (class 1), MTORC1, MTORC2",PI3K/MTOR signaling,-2.696962,0.73593
749711,HCC1187,Dactolisib,"PI3K (class 1), MTORC1, MTORC2",PI3K/MTOR signaling,1.501885,0.986693
749712,HCC1395,Dactolisib,"PI3K (class 1), MTORC1, MTORC2",PI3K/MTOR signaling,-1.368371,0.858618
749713,HCC1599,Dactolisib,"PI3K (class 1), MTORC1, MTORC2",PI3K/MTOR signaling,-1.10293,0.8627199999999999
749714,HCC1937,Dactolisib,"PI3K (class 1), MTORC1, MTORC2",PI3K/MTOR signaling,0.460341,0.937708
749715,HCC2157,Dactolisib,"PI3K (class 1), MTORC1, MTORC2",PI3K/MTOR signaling,-2.897795,0.753308
749716,HCC2218,Dactolisib,"PI3K (class 1), MTORC1, MTORC2",PI3K/MTOR signaling,1.245655,0.987336
749717,HCC38,Dactolisib,"PI3K (class 1), MTORC1, MTORC2",PI3K/MTOR signaling,0.0280529999999999,0.926088
905945,T47D,Dactolisib,"PI3K (class 1), MTORC1, MTORC2",PI3K/MTOR signaling,-1.634055,0.8468209999999999
905946,MCF7,Dactolisib,"PI3K (class 1), MTORC1, MTORC2",PI3K/MTOR signaling,0.474985,0.936191
905951,BT-549,Dactolisib,"PI3K (class 1), MTORC1, MTORC2",PI3K/MTOR signaling,-2.2248159999999997,0.768249
905957,Hs-578-T,Dactolisib,"PI3K (class 1), MTORC1, MTORC2",PI3K/MTOR signaling,-2.273762,0.781212
905960,MDA-MB-231,Dactolisib,"PI3K (class 1), MTORC1, MTORC2",PI3K/MTOR signaling,-2.033373,0.8196049999999999
906801,BT-20,Dactolisib,"PI3K (class 1), MTORC1, MTORC2",PI3K/MTOR signaling,-1.459358,0.890157
906812,COLO-824,Dactolisib,"PI3K (class 1), MTORC1, MTORC2",PI3K/MTOR signaling,-1.819681,0.831859
906826,CAL-120,Dactolisib,"PI3K (class 1), MTORC1, MTORC2",PI3K/MTOR signaling,-3.10357,0.6596639999999999
906844,DU-4475,Dactolisib,"PI3K (class 1), MTORC1, MTORC2",PI3K/MTOR signaling,-1.864883,0.881135
906851,EFM-19,Dactolisib,"PI3K (class 1), MTORC1, MTORC2",PI3K/MTOR signaling,-1.001749,0.8761749999999999
906862,EVSA-T,Dactolisib,"PI3K (class 1), MTORC1, MTORC2",PI3K/MTOR signaling,-3.297882,0.7045009999999999
907045,HCC1419,Dactolisib,"PI3K (class 1), MTORC1, MTORC2",PI3K/MTOR signaling,-0.321582,0.942811
907046,HCC1569,Dactolisib,"PI3K (class 1), MTORC1, MTORC2",PI3K/MTOR signaling,-1.527158,0.856163
907048,HCC70,Dactolisib,"PI3K (class 1), MTORC1, MTORC2",PI3K/MTOR signaling,-0.7977909999999999,0.919247
908120,MDA-MB-175-VII,Dactolisib,"PI3K (class 1), MTORC1, MTORC2",PI3K/MTOR signaling,-2.608301,0.7009139999999999
908121,MDA-MB-361,Dactolisib,"PI3K (class 1), MTORC1, MTORC2",PI3K/MTOR signaling,-2.00357,0.830554
908122,MDA-MB-453,Dactolisib,"PI3K (class 1), MTORC1, MTORC2",PI3K/MTOR signaling,-3.1393329999999997,0.703349
908123,MDA-MB-468,Dactolisib,"PI3K (class 1), MTORC1, MTORC2",PI3K/MTOR signaling,-2.320341,0.786028
908151,MRK-nu-1,Dactolisib,"PI3K (class 1), MTORC1, MTORC2",PI3K/MTOR signaling,-3.852431,0.635108
909256,OCUB-M,Dactolisib,"PI3K (class 1), MTORC1, MTORC2",PI3K/MTOR signaling,-3.5905099999999996,0.663144
909778,UACC-893,Dactolisib,"PI3K (class 1), MTORC1, MTORC2",PI3K/MTOR signaling,-2.406449,0.779179
909907,ZR-75-30,Dactolisib,"PI3K (class 1), MTORC1, MTORC2",PI3K/MTOR signaling,1.315304,0.941575
910704,AU565,Dactolisib,"PI3K (class 1), MTORC1, MTORC2",PI3K/MTOR signaling,-1.648246,0.8604769999999999
910852,CAL-85-1,Dactolisib,"PI3K (class 1), MTORC1, MTORC2",PI3K/MTOR signaling,-1.7310759999999998,0.8376049999999999
910910,UACC-812,Dactolisib,"PI3K (class 1), MTORC1, MTORC2",PI3K/MTOR signaling,-0.463752,0.9008
910927,CAL-51,Dactolisib,"PI3K (class 1), MTORC1, MTORC2",PI3K/MTOR signaling,-3.1305,0.7024239999999999
910948,MFM-223,Dactolisib,"PI3K (class 1), MTORC1, MTORC2",PI3K/MTOR signaling,-1.360262,0.8214469999999999
924106,CAL-148,Dactolisib,"PI3K (class 1), MTORC1, MTORC2",PI3K/MTOR signaling,-2.86615,0.744065
924240,MDA-MB-415,Dactolisib,"PI3K (class 1), MTORC1, MTORC2",PI3K/MTOR signaling,-3.601244,0.661145
925338,MDA-MB-157,Dactolisib,"PI3K (class 1), MTORC1, MTORC2",PI3K/MTOR signaling,-0.573323,0.918827
946359,BT-474,Dactolisib,"PI3K (class 1), MTORC1, MTORC2",PI3K/MTOR signaling,0.397707,0.92402
946382,CAMA-1,Dactolisib,"PI3K (class 1), MTORC1, MTORC2",PI3K/MTOR signaling,-2.627354,0.768257
949093,BT-483,Dactolisib,"PI3K (class 1), MTORC1, MTORC2",PI3K/MTOR signaling,1.317692,0.904463
1240172,MDA-MB-436,Dactolisib,"PI3K (class 1), MTORC1, MTORC2",PI3K/MTOR signaling,0.8938889999999999,0.953787
1290798,EFM-192A,Dactolisib,"PI3K (class 1), MTORC1, MTORC2",PI3K/MTOR signaling,-1.941404,0.816344
1290905,HCC1428,Dactolisib,"PI3K (class 1), MTORC1, MTORC2",PI3K/MTOR signaling,0.820315,0.928538
1290922,HDQ-P1,Dactolisib,"PI3K (class 1), MTORC1, MTORC2",PI3K/MTOR signaling,-2.356068,0.7759459999999999
1298157,JIMT-1,Dactolisib,"PI3K (class 1), MTORC1, MTORC2",PI3K/MTOR signaling,-2.1798599999999997,0.811689
1303900,HCC1500,Dactolisib,"PI3K (class 1), MTORC1, MTORC2",PI3K/MTOR signaling,0.14479,0.959851
1303911,YMB-1-E,Dactolisib,"PI3K (class 1), MTORC1, MTORC2",PI3K/MTOR signaling,-2.153205,0.795746
1330941,MDA-MB-330,Dactolisib,"PI3K (class 1), MTORC1, MTORC2",PI3K/MTOR signaling,-2.943213,0.7065279999999999
749709,HCC1954,Pictilisib,PI3K (class 1),PI3K/MTOR signaling,0.820936,0.775191
749710,HCC1143,Pictilisib,PI3K (class 1),PI3K/MTOR signaling,0.862055,0.753721
749711,HCC1187,Pictilisib,PI3K (class 1),PI3K/MTOR signaling,1.8699,0.8677469999999999
749712,HCC1395,Pictilisib,PI3K (class 1),PI3K/MTOR signaling,0.47006,0.724055
749713,HCC1599,Pictilisib,PI3K (class 1),PI3K/MTOR signaling,0.62828,0.784713
749714,HCC1937,Pictilisib,PI3K (class 1),PI3K/MTOR signaling,1.456199,0.8004789999999999
749715,HCC2157,Pictilisib,PI3K (class 1),PI3K/MTOR signaling,-1.153188,0.557304
749716,HCC2218,Pictilisib,PI3K (class 1),PI3K/MTOR signaling,2.177191,0.939894
749717,HCC38,Pictilisib,PI3K (class 1),PI3K/MTOR signaling,2.610741,0.8835839999999999
905945,T47D,Pictilisib,PI3K (class 1),PI3K/MTOR signaling,0.287315,0.710407
905946,MCF7,Pictilisib,PI3K (class 1),PI3K/MTOR signaling,-0.394321,0.62886
905951,BT-549,Pictilisib,PI3K (class 1),PI3K/MTOR signaling,1.351051,0.784678
905957,Hs-578-T,Pictilisib,PI3K (class 1),PI3K/MTOR signaling,-0.4066579999999999,0.632427
905960,MDA-MB-231,Pictilisib,PI3K (class 1),PI3K/MTOR signaling,2.0369859999999997,0.8689779999999999
906801,BT-20,Pictilisib,PI3K (class 1),PI3K/MTOR signaling,0.5140319999999999,0.750489
906812,COLO-824,Pictilisib,PI3K (class 1),PI3K/MTOR signaling,1.046828,0.783777
906826,CAL-120,Pictilisib,PI3K (class 1),PI3K/MTOR signaling,1.755382,0.778131
906844,DU-4475,Pictilisib,PI3K (class 1),PI3K/MTOR signaling,2.1378459999999997,0.919366
906851,EFM-19,Pictilisib,PI3K (class 1),PI3K/MTOR signaling,-0.298636,0.642751
906862,EVSA-T,Pictilisib,PI3K (class 1),PI3K/MTOR signaling,-0.5826239999999999,0.6264179999999999
907045,HCC1419,Pictilisib,PI3K (class 1),PI3K/MTOR signaling,1.932421,0.871393
907046,HCC1569,Pictilisib,PI3K (class 1),PI3K/MTOR signaling,0.506786,0.794304
907048,HCC70,Pictilisib,PI3K (class 1),PI3K/MTOR signaling,0.352151,0.7261449999999999
908120,MDA-MB-175-VII,Pictilisib,PI3K (class 1),PI3K/MTOR signaling,0.056068,0.6480349999999999
908121,MDA-MB-361,Pictilisib,PI3K (class 1),PI3K/MTOR signaling,-0.670898,0.611503
908122,MDA-MB-453,Pictilisib,PI3K (class 1),PI3K/MTOR signaling,-0.5429849999999999,0.621889
908123,MDA-MB-468,Pictilisib,PI3K (class 1),PI3K/MTOR signaling,1.300054,0.804785
908151,MRK-nu-1,Pictilisib,PI3K (class 1),PI3K/MTOR signaling,1.67511,0.8718619999999999
909256,OCUB-M,Pictilisib,PI3K (class 1),PI3K/MTOR signaling,-0.370348,0.648979
909778,UACC-893,Pictilisib,PI3K (class 1),PI3K/MTOR signaling,-0.5803969999999999,0.68011
909907,ZR-75-30,Pictilisib,PI3K (class 1),PI3K/MTOR signaling,2.641197,0.8551719999999999
910704,AU565,Pictilisib,PI3K (class 1),PI3K/MTOR signaling,0.1999429999999999,0.708994
910852,CAL-85-1,Pictilisib,PI3K (class 1),PI3K/MTOR signaling,1.1933859999999998,0.795642
910910,UACC-812,Pictilisib,PI3K (class 1),PI3K/MTOR signaling,0.259686,0.6962419999999999
910927,CAL-51,Pictilisib,PI3K (class 1),PI3K/MTOR signaling,0.943466,0.772571
910948,MFM-223,Pictilisib,PI3K (class 1),PI3K/MTOR signaling,1.375584,0.7748929999999999
924106,CAL-148,Pictilisib,PI3K (class 1),PI3K/MTOR signaling,-0.25714,0.6589929999999999
924240,MDA-MB-415,Pictilisib,PI3K (class 1),PI3K/MTOR signaling,-0.2888719999999999,0.657925
925338,MDA-MB-157,Pictilisib,PI3K (class 1),PI3K/MTOR signaling,2.585588,0.901599
946359,BT-474,Pictilisib,PI3K (class 1),PI3K/MTOR signaling,1.231314,0.771768
946382,CAMA-1,Pictilisib,PI3K (class 1),PI3K/MTOR signaling,0.470671,0.736968
949093,BT-483,Pictilisib,PI3K (class 1),PI3K/MTOR signaling,3.854842,0.87284
1240172,MDA-MB-436,Pictilisib,PI3K (class 1),PI3K/MTOR signaling,1.958278,0.8409949999999999
1290798,EFM-192A,Pictilisib,PI3K (class 1),PI3K/MTOR signaling,0.904159,0.766748
1290905,HCC1428,Pictilisib,PI3K (class 1),PI3K/MTOR signaling,6.62024,0.977275
1290906,HCC202,Pictilisib,PI3K (class 1),PI3K/MTOR signaling,0.582658,0.827278
1290922,HDQ-P1,Pictilisib,PI3K (class 1),PI3K/MTOR signaling,-1.077155,0.5604319999999999
1298157,JIMT-1,Pictilisib,PI3K (class 1),PI3K/MTOR signaling,0.867548,0.7758349999999999
1303900,HCC1500,Pictilisib,PI3K (class 1),PI3K/MTOR signaling,3.437194,0.952379
1303911,YMB-1-E,Pictilisib,PI3K (class 1),PI3K/MTOR signaling,0.177388,0.754224
1330941,MDA-MB-330,Pictilisib,PI3K (class 1),PI3K/MTOR signaling,0.5844579999999999,0.7775949999999999
749709,HCC1954,Sorafenib,"PDGFR, KIT, VEGFR, RAF","Other, kinases",2.3938319999999997,0.8904289999999999
749710,HCC1143,Sorafenib,"PDGFR, KIT, VEGFR, RAF","Other, kinases",4.505019,0.952101
749711,HCC1187,Sorafenib,"PDGFR, KIT, VEGFR, RAF","Other, kinases",2.294081,0.8839049999999999
749712,HCC1395,Sorafenib,"PDGFR, KIT, VEGFR, RAF","Other, kinases",2.464796,0.86901
749713,HCC1599,Sorafenib,"PDGFR, KIT, VEGFR, RAF","Other, kinases",2.685021,0.8694179999999999
749714,HCC1937,Sorafenib,"PDGFR, KIT, VEGFR, RAF","Other, kinases",4.041005,0.934144
749715,HCC2157,Sorafenib,"PDGFR, KIT, VEGFR, RAF","Other, kinases",1.143699,0.793569
749716,HCC2218,Sorafenib,"PDGFR, KIT, VEGFR, RAF","Other, kinases",0.872223,0.758568
749717,HCC38,Sorafenib,"PDGFR, KIT, VEGFR, RAF","Other, kinases",5.271675,0.97017
905945,T47D,Sorafenib,"PDGFR, KIT, VEGFR, RAF","Other, kinases",3.489782,0.932544
905946,MCF7,Sorafenib,"PDGFR, KIT, VEGFR, RAF","Other, kinases",1.827619,0.805229
905951,BT-549,Sorafenib,"PDGFR, KIT, VEGFR, RAF","Other, kinases",2.888781,0.871722
905957,Hs-578-T,Sorafenib,"PDGFR, KIT, VEGFR, RAF","Other, kinases",2.241187,0.8493759999999999
905960,MDA-MB-231,Sorafenib,"PDGFR, KIT, VEGFR, RAF","Other, kinases",1.988069,0.848304
906801,BT-20,Sorafenib,"PDGFR, KIT, VEGFR, RAF","Other, kinases",2.1448769999999997,0.884111
906812,COLO-824,Sorafenib,"PDGFR, KIT, VEGFR, RAF","Other, kinases",2.822249,0.899273
906826,CAL-120,Sorafenib,"PDGFR, KIT, VEGFR, RAF","Other, kinases",3.188822,0.845911
906844,DU-4475,Sorafenib,"PDGFR, KIT, VEGFR, RAF","Other, kinases",0.918608,0.782327
906851,EFM-19,Sorafenib,"PDGFR, KIT, VEGFR, RAF","Other, kinases",2.6756059999999997,0.8758659999999999
906862,EVSA-T,Sorafenib,"PDGFR, KIT, VEGFR, RAF","Other, kinases",1.384056,0.819788
907045,HCC1419,Sorafenib,"PDGFR, KIT, VEGFR, RAF","Other, kinases",1.968601,0.8577089999999999
907046,HCC1569,Sorafenib,"PDGFR, KIT, VEGFR, RAF","Other, kinases",2.523297,0.8820509999999999
907048,HCC70,Sorafenib,"PDGFR, KIT, VEGFR, RAF","Other, kinases",3.035923,0.927086
908120,MDA-MB-175-VII,Sorafenib,"PDGFR, KIT, VEGFR, RAF","Other, kinases",2.020258,0.7729509999999999
908121,MDA-MB-361,Sorafenib,"PDGFR, KIT, VEGFR, RAF","Other, kinases",2.340209,0.883666
908122,MDA-MB-453,Sorafenib,"PDGFR, KIT, VEGFR, RAF","Other, kinases",1.833181,0.8299259999999999
908123,MDA-MB-468,Sorafenib,"PDGFR, KIT, VEGFR, RAF","Other, kinases",1.53632,0.802187
908151,MRK-nu-1,Sorafenib,"PDGFR, KIT, VEGFR, RAF","Other, kinases",1.202273,0.80618
909256,OCUB-M,Sorafenib,"PDGFR, KIT, VEGFR, RAF","Other, kinases",0.92009,0.7621669999999999
909778,UACC-893,Sorafenib,"PDGFR, KIT, VEGFR, RAF","Other, kinases",1.497169,0.8000659999999999
909907,ZR-75-30,Sorafenib,"PDGFR, KIT, VEGFR, RAF","Other, kinases",2.079999,0.8004979999999999
910704,AU565,Sorafenib,"PDGFR, KIT, VEGFR, RAF","Other, kinases",3.0794669999999997,0.927605
910852,CAL-85-1,Sorafenib,"PDGFR, KIT, VEGFR, RAF","Other, kinases",3.120101,0.91396
910910,UACC-812,Sorafenib,"PDGFR, KIT, VEGFR, RAF","Other, kinases",2.107243,0.8307019999999999
910927,CAL-51,Sorafenib,"PDGFR, KIT, VEGFR, RAF","Other, kinases",1.174138,0.7673209999999999
910948,MFM-223,Sorafenib,"PDGFR, KIT, VEGFR, RAF","Other, kinases",1.850975,0.7873939999999999
924106,CAL-148,Sorafenib,"PDGFR, KIT, VEGFR, RAF","Other, kinases",1.5941029999999998,0.8235359999999999
924240,MDA-MB-415,Sorafenib,"PDGFR, KIT, VEGFR, RAF","Other, kinases",2.497266,0.902626
925338,MDA-MB-157,Sorafenib,"PDGFR, KIT, VEGFR, RAF","Other, kinases",2.638171,0.892295
946359,BT-474,Sorafenib,"PDGFR, KIT, VEGFR, RAF","Other, kinases",1.675601,0.782855
946382,CAMA-1,Sorafenib,"PDGFR, KIT, VEGFR, RAF","Other, kinases",1.899276,0.848282
949093,BT-483,Sorafenib,"PDGFR, KIT, VEGFR, RAF","Other, kinases",4.471246,0.885465
1240172,MDA-MB-436,Sorafenib,"PDGFR, KIT, VEGFR, RAF","Other, kinases",2.71827,0.8743609999999999
1290798,EFM-192A,Sorafenib,"PDGFR, KIT, VEGFR, RAF","Other, kinases",2.941011,0.9005259999999999
1290905,HCC1428,Sorafenib,"PDGFR, KIT, VEGFR, RAF","Other, kinases",2.964883,0.8600209999999999
1290922,HDQ-P1,Sorafenib,"PDGFR, KIT, VEGFR, RAF","Other, kinases",2.962059,0.897991
1298157,JIMT-1,Sorafenib,"PDGFR, KIT, VEGFR, RAF","Other, kinases",2.254886,0.8746729999999999
1303900,HCC1500,Sorafenib,"PDGFR, KIT, VEGFR, RAF","Other, kinases",1.907023,0.8530019999999999
1303911,YMB-1-E,Sorafenib,"PDGFR, KIT, VEGFR, RAF","Other, kinases",2.770478,0.888042
1330941,MDA-MB-330,Sorafenib,"PDGFR, KIT, VEGFR, RAF","Other, kinases",3.0211509999999997,0.885386
749709,HCC1954,Erlotinib,EGFR,EGFR signaling,2.491506,0.967493
749710,HCC1143,Erlotinib,EGFR,EGFR signaling,2.064847,0.923362
749711,HCC1187,Erlotinib,EGFR,EGFR signaling,2.657153,0.971781
749712,HCC1395,Erlotinib,EGFR,EGFR signaling,3.442586,0.971527
749713,HCC1599,Erlotinib,EGFR,EGFR signaling,5.094605,0.963959
749714,HCC1937,Erlotinib,EGFR,EGFR signaling,2.373613,0.931824
749715,HCC2157,Erlotinib,EGFR,EGFR signaling,2.095456,0.968568
749716,HCC2218,Erlotinib,EGFR,EGFR signaling,2.7105669999999997,0.919569
749717,HCC38,Erlotinib,EGFR,EGFR signaling,4.9493529999999994,0.986514
905945,T47D,Erlotinib,EGFR,EGFR signaling,2.70857,0.96039
905946,MCF7,Erlotinib,EGFR,EGFR signaling,4.55997,0.979533
905951,BT-549,Erlotinib,EGFR,EGFR signaling,4.939528,0.980949
905957,Hs-578-T,Erlotinib,EGFR,EGFR signaling,3.995964,0.978271
905960,MDA-MB-231,Erlotinib,EGFR,EGFR signaling,3.588327,0.981409
906801,BT-20,Erlotinib,EGFR,EGFR signaling,3.1398599999999997,0.986205
906812,COLO-824,Erlotinib,EGFR,EGFR signaling,2.036334,0.938584
906826,CAL-120,Erlotinib,EGFR,EGFR signaling,4.841506,0.956716
906844,DU-4475,Erlotinib,EGFR,EGFR signaling,1.890835,0.97744
906851,EFM-19,Erlotinib,EGFR,EGFR signaling,4.434248,0.982523
906862,EVSA-T,Erlotinib,EGFR,EGFR signaling,2.068698,0.967766
907045,HCC1419,Erlotinib,EGFR,EGFR signaling,2.578718,0.969213
907046,HCC1569,Erlotinib,EGFR,EGFR signaling,3.737608,0.943095
907048,HCC70,Erlotinib,EGFR,EGFR signaling,2.853258,0.974689
908120,MDA-MB-175-VII,Erlotinib,EGFR,EGFR signaling,0.171702,0.755192
908121,MDA-MB-361,Erlotinib,EGFR,EGFR signaling,2.470764,0.964858
908122,MDA-MB-453,Erlotinib,EGFR,EGFR signaling,3.225824,0.972381
908123,MDA-MB-468,Erlotinib,EGFR,EGFR signaling,1.94229,0.933432
908151,MRK-nu-1,Erlotinib,EGFR,EGFR signaling,2.903984,0.988342
909256,OCUB-M,Erlotinib,EGFR,EGFR signaling,3.1788209999999997,0.984435
909778,UACC-893,Erlotinib,EGFR,EGFR signaling,1.952999,0.8387
909907,ZR-75-30,Erlotinib,EGFR,EGFR signaling,5.600008,0.980124
910704,AU565,Erlotinib,EGFR,EGFR signaling,1.94858,0.948071
910852,CAL-85-1,Erlotinib,EGFR,EGFR signaling,4.086183999999999,0.984092
910910,UACC-812,Erlotinib,EGFR,EGFR signaling,5.6071279999999994,0.990311
910927,CAL-51,Erlotinib,EGFR,EGFR signaling,2.809589,0.961232
910948,MFM-223,Erlotinib,EGFR,EGFR signaling,4.280278,0.964297
924106,CAL-148,Erlotinib,EGFR,EGFR signaling,2.743068,0.971934
924240,MDA-MB-415,Erlotinib,EGFR,EGFR signaling,3.2918879999999997,0.985241
925338,MDA-MB-157,Erlotinib,EGFR,EGFR signaling,3.859804,0.983845
946359,BT-474,Erlotinib,EGFR,EGFR signaling,3.068686,0.94352
946382,CAMA-1,Erlotinib,EGFR,EGFR signaling,4.065659,0.989564
949093,BT-483,Erlotinib,EGFR,EGFR signaling,6.196019,0.966022
1240172,MDA-MB-436,Erlotinib,EGFR,EGFR signaling,4.473786,0.981215
1290798,EFM-192A,Erlotinib,EGFR,EGFR signaling,2.3355479999999997,0.944791
1290905,HCC1428,Erlotinib,EGFR,EGFR signaling,5.093337,0.975501
1290922,HDQ-P1,Erlotinib,EGFR,EGFR signaling,0.404252,0.834387
1298157,JIMT-1,Erlotinib,EGFR,EGFR signaling,3.391103,0.981479
1303900,HCC1500,Erlotinib,EGFR,EGFR signaling,3.2070589999999997,0.98152
1303911,YMB-1-E,Erlotinib,EGFR,EGFR signaling,6.089575,0.985678
1330941,MDA-MB-330,Erlotinib,EGFR,EGFR signaling,2.4641699999999997,0.850978
749709,HCC1954,Sapitinib,"EGFR, ERBB2, ERBB3",EGFR signaling,2.5286489999999997,0.908444
749710,HCC1143,Sapitinib,"EGFR, ERBB2, ERBB3",EGFR signaling,2.116509,0.848013
749711,HCC1187,Sapitinib,"EGFR, ERBB2, ERBB3",EGFR signaling,4.5124,0.978972
749712,HCC1395,Sapitinib,"EGFR, ERBB2, ERBB3",EGFR signaling,4.1948609999999995,0.9554
749713,HCC1599,Sapitinib,"EGFR, ERBB2, ERBB3",EGFR signaling,3.3046759999999997,0.933298
749714,HCC1937,Sapitinib,"EGFR, ERBB2, ERBB3",EGFR signaling,3.251922,0.908926
749715,HCC2157,Sapitinib,"EGFR, ERBB2, ERBB3",EGFR signaling,1.395223,0.837098
749716,HCC2218,Sapitinib,"EGFR, ERBB2, ERBB3",EGFR signaling,1.047698,0.8476629999999999
749717,HCC38,Sapitinib,"EGFR, ERBB2, ERBB3",EGFR signaling,3.966163,0.941419
905945,T47D,Sapitinib,"EGFR, ERBB2, ERBB3",EGFR signaling,3.4058599999999997,0.935212
905946,MCF7,Sapitinib,"EGFR, ERBB2, ERBB3",EGFR signaling,5.798639,0.976834
905951,BT-549,Sapitinib,"EGFR, ERBB2, ERBB3",EGFR signaling,5.700581,0.97208
905957,Hs-578-T,Sapitinib,"EGFR, ERBB2, ERBB3",EGFR signaling,4.3638449999999995,0.957078
905960,MDA-MB-231,Sapitinib,"EGFR, ERBB2, ERBB3",EGFR signaling,4.2951749999999995,0.967549
906801,BT-20,Sapitinib,"EGFR, ERBB2, ERBB3",EGFR signaling,2.30645,0.905516
906812,COLO-824,Sapitinib,"EGFR, ERBB2, ERBB3",EGFR signaling,4.287281999999999,0.963235
906826,CAL-120,Sapitinib,"EGFR, ERBB2, ERBB3",EGFR signaling,7.0091399999999995,0.968642
906844,DU-4475,Sapitinib,"EGFR, ERBB2, ERBB3",EGFR signaling,3.486309,0.979229
906851,EFM-19,Sapitinib,"EGFR, ERBB2, ERBB3",EGFR signaling,3.725874,0.935246
906862,EVSA-T,Sapitinib,"EGFR, ERBB2, ERBB3",EGFR signaling,3.471816,0.964888
907045,HCC1419,Sapitinib,"EGFR, ERBB2, ERBB3",EGFR signaling,1.648153,0.8451179999999999
907046,HCC1569,Sapitinib,"EGFR, ERBB2, ERBB3",EGFR signaling,2.7995,0.933704
907048,HCC70,Sapitinib,"EGFR, ERBB2, ERBB3",EGFR signaling,4.558102,0.978704
908120,MDA-MB-175-VII,Sapitinib,"EGFR, ERBB2, ERBB3",EGFR signaling,-1.858388,0.468186
908121,MDA-MB-361,Sapitinib,"EGFR, ERBB2, ERBB3",EGFR signaling,1.63835,0.842264
908122,MDA-MB-453,Sapitinib,"EGFR, ERBB2, ERBB3",EGFR signaling,2.585845,0.895474
908123,MDA-MB-468,Sapitinib,"EGFR, ERBB2, ERBB3",EGFR signaling,1.142936,0.785293
908151,MRK-nu-1,Sapitinib,"EGFR, ERBB2, ERBB3",EGFR signaling,4.3089249999999995,0.986953
909256,OCUB-M,Sapitinib,"EGFR, ERBB2, ERBB3",EGFR signaling,1.043044,0.795725
909778,UACC-893,Sapitinib,"EGFR, ERBB2, ERBB3",EGFR signaling,0.057467,0.725806
909907,ZR-75-30,Sapitinib,"EGFR, ERBB2, ERBB3",EGFR signaling,1.175269,0.7498309999999999
910704,AU565,Sapitinib,"EGFR, ERBB2, ERBB3",EGFR signaling,0.452636,0.728242
910852,CAL-85-1,Sapitinib,"EGFR, ERBB2, ERBB3",EGFR signaling,2.7840719999999997,0.904722
910910,UACC-812,Sapitinib,"EGFR, ERBB2, ERBB3",EGFR signaling,1.293052,0.7833749999999999
910927,CAL-51,Sapitinib,"EGFR, ERBB2, ERBB3",EGFR signaling,4.063065,0.955603
910948,MFM-223,Sapitinib,"EGFR, ERBB2, ERBB3",EGFR signaling,5.933513,0.968088
924106,CAL-148,Sapitinib,"EGFR, ERBB2, ERBB3",EGFR signaling,4.488803,0.977105
924240,MDA-MB-415,Sapitinib,"EGFR, ERBB2, ERBB3",EGFR signaling,3.957429,0.970428
925338,MDA-MB-157,Sapitinib,"EGFR, ERBB2, ERBB3",EGFR signaling,3.386132,0.937811
946359,BT-474,Sapitinib,"EGFR, ERBB2, ERBB3",EGFR signaling,0.8809469999999999,0.736041
946382,CAMA-1,Sapitinib,"EGFR, ERBB2, ERBB3",EGFR signaling,4.3937029999999995,0.974106
949093,BT-483,Sapitinib,"EGFR, ERBB2, ERBB3",EGFR signaling,5.894678,0.935813
1240172,MDA-MB-436,Sapitinib,"EGFR, ERBB2, ERBB3",EGFR signaling,5.068497,0.968373
1290798,EFM-192A,Sapitinib,"EGFR, ERBB2, ERBB3",EGFR signaling,1.404855,0.8050339999999999
1290905,HCC1428,Sapitinib,"EGFR, ERBB2, ERBB3",EGFR signaling,6.062396,0.969115
1290922,HDQ-P1,Sapitinib,"EGFR, ERBB2, ERBB3",EGFR signaling,0.1484059999999999,0.6828139999999999
1298157,JIMT-1,Sapitinib,"EGFR, ERBB2, ERBB3",EGFR signaling,2.342411,0.891542
1303900,HCC1500,Sapitinib,"EGFR, ERBB2, ERBB3",EGFR signaling,5.423272,0.989782
1303911,YMB-1-E,Sapitinib,"EGFR, ERBB2, ERBB3",EGFR signaling,4.920612,0.980325
1330941,MDA-MB-330,Sapitinib,"EGFR, ERBB2, ERBB3",EGFR signaling,1.216562,0.8112499999999999
749709,HCC1954,Uprosertib,"AKT1, AKT2, AKT3",PI3K/MTOR signaling,2.3016609999999997,0.883942
749710,HCC1143,Uprosertib,"AKT1, AKT2, AKT3",PI3K/MTOR signaling,4.314613,0.94656
749711,HCC1187,Uprosertib,"AKT1, AKT2, AKT3",PI3K/MTOR signaling,5.2256409999999995,0.987117
749712,HCC1395,Uprosertib,"AKT1, AKT2, AKT3",PI3K/MTOR signaling,1.863164,0.824301
749713,HCC1599,Uprosertib,"AKT1, AKT2, AKT3",PI3K/MTOR signaling,1.944021,0.8175089999999999
749714,HCC1937,Uprosertib,"AKT1, AKT2, AKT3",PI3K/MTOR signaling,2.604057,0.8634919999999999
749715,HCC2157,Uprosertib,"AKT1, AKT2, AKT3",PI3K/MTOR signaling,-0.11115,0.639922
749716,HCC2218,Uprosertib,"AKT1, AKT2, AKT3",PI3K/MTOR signaling,2.905316,0.930611
749717,HCC38,Uprosertib,"AKT1, AKT2, AKT3",PI3K/MTOR signaling,4.107722,0.940793
905945,T47D,Uprosertib,"AKT1, AKT2, AKT3",PI3K/MTOR signaling,2.874958,0.902343
905946,MCF7,Uprosertib,"AKT1, AKT2, AKT3",PI3K/MTOR signaling,1.67171,0.79252
905951,BT-549,Uprosertib,"AKT1, AKT2, AKT3",PI3K/MTOR signaling,3.05956,0.8813599999999999
905957,Hs-578-T,Uprosertib,"AKT1, AKT2, AKT3",PI3K/MTOR signaling,0.845379,0.7270679999999999
905960,MDA-MB-231,Uprosertib,"AKT1, AKT2, AKT3",PI3K/MTOR signaling,3.416105,0.935116
906801,BT-20,Uprosertib,"AKT1, AKT2, AKT3",PI3K/MTOR signaling,0.627528,0.731784
906812,COLO-824,Uprosertib,"AKT1, AKT2, AKT3",PI3K/MTOR signaling,1.78419,0.8253229999999999
906826,CAL-120,Uprosertib,"AKT1, AKT2, AKT3",PI3K/MTOR signaling,6.2177109999999995,0.95241
906844,DU-4475,Uprosertib,"AKT1, AKT2, AKT3",PI3K/MTOR signaling,2.423129,0.929582
906851,EFM-19,Uprosertib,"AKT1, AKT2, AKT3",PI3K/MTOR signaling,1.558382,0.7922629999999999
906862,EVSA-T,Uprosertib,"AKT1, AKT2, AKT3",PI3K/MTOR signaling,-1.022622,0.519061
907045,HCC1419,Uprosertib,"AKT1, AKT2, AKT3",PI3K/MTOR signaling,2.129308,0.870475
907046,HCC1569,Uprosertib,"AKT1, AKT2, AKT3",PI3K/MTOR signaling,-0.3034449999999999,0.605657
907048,HCC70,Uprosertib,"AKT1, AKT2, AKT3",PI3K/MTOR signaling,0.603772,0.720725
908120,MDA-MB-175-VII,Uprosertib,"AKT1, AKT2, AKT3",PI3K/MTOR signaling,0.3712669999999999,0.64151
908121,MDA-MB-361,Uprosertib,"AKT1, AKT2, AKT3",PI3K/MTOR signaling,-0.468225,0.58929
908122,MDA-MB-453,Uprosertib,"AKT1, AKT2, AKT3",PI3K/MTOR signaling,-0.459592,0.586536
908123,MDA-MB-468,Uprosertib,"AKT1, AKT2, AKT3",PI3K/MTOR signaling,3.657801,0.937887
908151,MRK-nu-1,Uprosertib,"AKT1, AKT2, AKT3",PI3K/MTOR signaling,2.56654,0.925418
909256,OCUB-M,Uprosertib,"AKT1, AKT2, AKT3",PI3K/MTOR signaling,-2.116284,0.3749019999999999
909778,UACC-893,Uprosertib,"AKT1, AKT2, AKT3",PI3K/MTOR signaling,-0.593758,0.5700689999999999
909907,ZR-75-30,Uprosertib,"AKT1, AKT2, AKT3",PI3K/MTOR signaling,3.917551,0.904619
910704,AU565,Uprosertib,"AKT1, AKT2, AKT3",PI3K/MTOR signaling,1.729074,0.8347979999999999
910852,CAL-85-1,Uprosertib,"AKT1, AKT2, AKT3",PI3K/MTOR signaling,4.646921,0.967383
910927,CAL-51,Uprosertib,"AKT1, AKT2, AKT3",PI3K/MTOR signaling,2.672314,0.887852
910948,MFM-223,Uprosertib,"AKT1, AKT2, AKT3",PI3K/MTOR signaling,0.4803429999999999,0.668138
924106,CAL-148,Uprosertib,"AKT1, AKT2, AKT3",PI3K/MTOR signaling,-2.1574359999999997,0.3727399999999999
924240,MDA-MB-415,Uprosertib,"AKT1, AKT2, AKT3",PI3K/MTOR signaling,0.089209,0.662477
925338,MDA-MB-157,Uprosertib,"AKT1, AKT2, AKT3",PI3K/MTOR signaling,4.218611,0.960773
946359,BT-474,Uprosertib,"AKT1, AKT2, AKT3",PI3K/MTOR signaling,1.944327,0.8040069999999999
946382,CAMA-1,Uprosertib,"AKT1, AKT2, AKT3",PI3K/MTOR signaling,0.455237,0.701758
949093,BT-483,Uprosertib,"AKT1, AKT2, AKT3",PI3K/MTOR signaling,3.837819,0.858683
1240172,MDA-MB-436,Uprosertib,"AKT1, AKT2, AKT3",PI3K/MTOR signaling,4.114462,0.939824
1290798,EFM-192A,Uprosertib,"AKT1, AKT2, AKT3",PI3K/MTOR signaling,2.696879,0.886276
1290905,HCC1428,Uprosertib,"AKT1, AKT2, AKT3",PI3K/MTOR signaling,5.861192,0.962778
1290922,HDQ-P1,Uprosertib,"AKT1, AKT2, AKT3",PI3K/MTOR signaling,2.824796,0.8901859999999999
1298157,JIMT-1,Uprosertib,"AKT1, AKT2, AKT3",PI3K/MTOR signaling,4.542663999999999,0.973777
1303900,HCC1500,Uprosertib,"AKT1, AKT2, AKT3",PI3K/MTOR signaling,4.819736,0.981632
1303911,YMB-1-E,Uprosertib,"AKT1, AKT2, AKT3",PI3K/MTOR signaling,-0.262909,0.6061799999999999
1330941,MDA-MB-330,Uprosertib,"AKT1, AKT2, AKT3",PI3K/MTOR signaling,0.8215469999999999,0.714023
749709,HCC1954,Lapatinib,"EGFR, ERBB2",EGFR signaling,1.747664,0.8395199999999999
749710,HCC1143,Lapatinib,"EGFR, ERBB2",EGFR signaling,2.022783,0.8267589999999999
749711,HCC1187,Lapatinib,"EGFR, ERBB2",EGFR signaling,5.226374,0.987125
749712,HCC1395,Lapatinib,"EGFR, ERBB2",EGFR signaling,2.143923,0.8462489999999999
749713,HCC1599,Lapatinib,"EGFR, ERBB2",EGFR signaling,2.611641,0.8648049999999999
749714,HCC1937,Lapatinib,"EGFR, ERBB2",EGFR signaling,2.6167529999999997,0.864301
749715,HCC2157,Lapatinib,"EGFR, ERBB2",EGFR signaling,-0.1472109999999999,0.636413
749716,HCC2218,Lapatinib,"EGFR, ERBB2",EGFR signaling,-0.981989,0.524158
749717,HCC38,Lapatinib,"EGFR, ERBB2",EGFR signaling,3.040377,0.8943949999999999
905945,T47D,Lapatinib,"EGFR, ERBB2",EGFR signaling,2.986515,0.908496
905946,MCF7,Lapatinib,"EGFR, ERBB2",EGFR signaling,2.342656,0.8436849999999999
905951,BT-549,Lapatinib,"EGFR, ERBB2",EGFR signaling,3.193742,0.8885369999999999
905957,Hs-578-T,Lapatinib,"EGFR, ERBB2",EGFR signaling,2.656292,0.8769399999999999
905960,MDA-MB-231,Lapatinib,"EGFR, ERBB2",EGFR signaling,2.651658,0.8954169999999999
906801,BT-20,Lapatinib,"EGFR, ERBB2",EGFR signaling,2.1836249999999997,0.8870819999999999
906812,COLO-824,Lapatinib,"EGFR, ERBB2",EGFR signaling,1.77025,0.8241419999999999
906826,CAL-120,Lapatinib,"EGFR, ERBB2",EGFR signaling,7.068270999999999,0.966795
906844,DU-4475,Lapatinib,"EGFR, ERBB2",EGFR signaling,1.078824,0.8017099999999999
906851,EFM-19,Lapatinib,"EGFR, ERBB2",EGFR signaling,4.10131,0.942785
906862,EVSA-T,Lapatinib,"EGFR, ERBB2",EGFR signaling,1.7424849999999998,0.8547039999999999
907045,HCC1419,Lapatinib,"EGFR, ERBB2",EGFR signaling,1.238208,0.790376
907046,HCC1569,Lapatinib,"EGFR, ERBB2",EGFR signaling,1.993195,0.843633
907048,HCC70,Lapatinib,"EGFR, ERBB2",EGFR signaling,2.994229,0.924969
908120,MDA-MB-175-VII,Lapatinib,"EGFR, ERBB2",EGFR signaling,-1.780921,0.441932
908121,MDA-MB-361,Lapatinib,"EGFR, ERBB2",EGFR signaling,2.610317,0.901645
908122,MDA-MB-453,Lapatinib,"EGFR, ERBB2",EGFR signaling,1.196103,0.7719389999999999
908123,MDA-MB-468,Lapatinib,"EGFR, ERBB2",EGFR signaling,1.309193,0.781115
908151,MRK-nu-1,Lapatinib,"EGFR, ERBB2",EGFR signaling,4.0804339999999995,0.981887
909256,OCUB-M,Lapatinib,"EGFR, ERBB2",EGFR signaling,0.866321,0.756138
909778,UACC-893,Lapatinib,"EGFR, ERBB2",EGFR signaling,-0.6336189999999999,0.565199
909907,ZR-75-30,Lapatinib,"EGFR, ERBB2",EGFR signaling,-0.1291749999999999,0.606089
910704,AU565,Lapatinib,"EGFR, ERBB2",EGFR signaling,-0.866544,0.538261
910852,CAL-85-1,Lapatinib,"EGFR, ERBB2",EGFR signaling,3.01822,0.908667
910910,UACC-812,Lapatinib,"EGFR, ERBB2",EGFR signaling,1.018219,0.737791
910927,CAL-51,Lapatinib,"EGFR, ERBB2",EGFR signaling,2.4531229999999997,0.873698
910948,MFM-223,Lapatinib,"EGFR, ERBB2",EGFR signaling,3.758138,0.901724
924106,CAL-148,Lapatinib,"EGFR, ERBB2",EGFR signaling,4.353318,0.972048
924240,MDA-MB-415,Lapatinib,"EGFR, ERBB2",EGFR signaling,2.367683,0.893857
925338,MDA-MB-157,Lapatinib,"EGFR, ERBB2",EGFR signaling,4.028263,0.955324
946359,BT-474,Lapatinib,"EGFR, ERBB2",EGFR signaling,0.1076599999999999,0.6364609999999999
946382,CAMA-1,Lapatinib,"EGFR, ERBB2",EGFR signaling,4.035816,0.962761
949093,BT-483,Lapatinib,"EGFR, ERBB2",EGFR signaling,5.070576,0.906837
1240172,MDA-MB-436,Lapatinib,"EGFR, ERBB2",EGFR signaling,4.758232,0.958414
1290798,EFM-192A,Lapatinib,"EGFR, ERBB2",EGFR signaling,0.6501509999999999,0.7112609999999999
1290905,HCC1428,Lapatinib,"EGFR, ERBB2",EGFR signaling,3.692818,0.897087
1290922,HDQ-P1,Lapatinib,"EGFR, ERBB2",EGFR signaling,1.070396,0.7515769999999999
1298157,JIMT-1,Lapatinib,"EGFR, ERBB2",EGFR signaling,2.080666,0.861513
1303900,HCC1500,Lapatinib,"EGFR, ERBB2",EGFR signaling,4.555204,0.977263
1303911,YMB-1-E,Lapatinib,"EGFR, ERBB2",EGFR signaling,3.121431,0.907598
1330941,MDA-MB-330,Lapatinib,"EGFR, ERBB2",EGFR signaling,0.3478759999999999,0.666929
749709,HCC1954,Alpelisib,PI3Kalpha,PI3K/MTOR signaling,1.479433,0.830743
749710,HCC1143,Alpelisib,PI3Kalpha,PI3K/MTOR signaling,2.8298,0.891285
749711,HCC1187,Alpelisib,PI3Kalpha,PI3K/MTOR signaling,4.544423,0.979443
749712,HCC1395,Alpelisib,PI3Kalpha,PI3K/MTOR signaling,3.5524069999999996,0.934106
749713,HCC1599,Alpelisib,PI3Kalpha,PI3K/MTOR signaling,1.940255,0.8172159999999999
749714,HCC1937,Alpelisib,PI3Kalpha,PI3K/MTOR signaling,4.157038,0.943325
749715,HCC2157,Alpelisib,PI3Kalpha,PI3K/MTOR signaling,3.342288,0.97678
749716,HCC2218,Alpelisib,PI3Kalpha,PI3K/MTOR signaling,3.315512,0.949514
749717,HCC38,Alpelisib,PI3Kalpha,PI3K/MTOR signaling,4.197564,0.948467
905945,T47D,Alpelisib,PI3Kalpha,PI3K/MTOR signaling,1.613641,0.826587
905946,MCF7,Alpelisib,PI3Kalpha,PI3K/MTOR signaling,2.24994,0.85047
905951,BT-549,Alpelisib,PI3Kalpha,PI3K/MTOR signaling,4.2128000000000005,0.937979
905957,Hs-578-T,Alpelisib,PI3Kalpha,PI3K/MTOR signaling,2.423235,0.8736689999999999
905960,MDA-MB-231,Alpelisib,PI3Kalpha,PI3K/MTOR signaling,4.405813,0.969903
906801,BT-20,Alpelisib,PI3Kalpha,PI3K/MTOR signaling,1.093168,0.8037299999999999
906812,COLO-824,Alpelisib,PI3Kalpha,PI3K/MTOR signaling,2.604328,0.8957529999999999
906826,CAL-120,Alpelisib,PI3Kalpha,PI3K/MTOR signaling,6.339822,0.958237
906844,DU-4475,Alpelisib,PI3Kalpha,PI3K/MTOR signaling,3.845277,0.986311
906851,EFM-19,Alpelisib,PI3Kalpha,PI3K/MTOR signaling,1.189664,0.7784829999999999
906862,EVSA-T,Alpelisib,PI3Kalpha,PI3K/MTOR signaling,3.44625,0.963975
907045,HCC1419,Alpelisib,PI3Kalpha,PI3K/MTOR signaling,4.202484,0.972295
907046,HCC1569,Alpelisib,PI3Kalpha,PI3K/MTOR signaling,2.02115,0.8589249999999999
907048,HCC70,Alpelisib,PI3Kalpha,PI3K/MTOR signaling,3.321115,0.945481
908120,MDA-MB-175-VII,Alpelisib,PI3Kalpha,PI3K/MTOR signaling,1.863429,0.7789149999999999
908121,MDA-MB-361,Alpelisib,PI3Kalpha,PI3K/MTOR signaling,-0.0365749999999999,0.673362
908122,MDA-MB-453,Alpelisib,PI3Kalpha,PI3K/MTOR signaling,0.357054,0.709023
908123,MDA-MB-468,Alpelisib,PI3Kalpha,PI3K/MTOR signaling,4.445925,0.965843
908151,MRK-nu-1,Alpelisib,PI3Kalpha,PI3K/MTOR signaling,4.415639,0.988273
909256,OCUB-M,Alpelisib,PI3Kalpha,PI3K/MTOR signaling,0.144173,0.698213
909778,UACC-893,Alpelisib,PI3Kalpha,PI3K/MTOR signaling,0.354713,0.68224
909907,ZR-75-30,Alpelisib,PI3Kalpha,PI3K/MTOR signaling,2.927469,0.866861
910704,AU565,Alpelisib,PI3Kalpha,PI3K/MTOR signaling,2.140057,0.880023
910852,CAL-85-1,Alpelisib,PI3Kalpha,PI3K/MTOR signaling,3.116063,0.921101
910910,UACC-812,Alpelisib,PI3Kalpha,PI3K/MTOR signaling,2.532909,0.900847
910927,CAL-51,Alpelisib,PI3Kalpha,PI3K/MTOR signaling,3.2501849999999997,0.926324
910948,MFM-223,Alpelisib,PI3Kalpha,PI3K/MTOR signaling,2.986898,0.873929
924106,CAL-148,Alpelisib,PI3Kalpha,PI3K/MTOR signaling,1.017403,0.7860779999999999
924240,MDA-MB-415,Alpelisib,PI3Kalpha,PI3K/MTOR signaling,4.110933999999999,0.973841
925338,MDA-MB-157,Alpelisib,PI3Kalpha,PI3K/MTOR signaling,4.301407,0.966136
946359,BT-474,Alpelisib,PI3Kalpha,PI3K/MTOR signaling,1.738243,0.804704
946382,CAMA-1,Alpelisib,PI3Kalpha,PI3K/MTOR signaling,4.311051,0.97234
949093,BT-483,Alpelisib,PI3Kalpha,PI3K/MTOR signaling,3.835282,0.868602
1240172,MDA-MB-436,Alpelisib,PI3Kalpha,PI3K/MTOR signaling,4.789746,0.962599
1290798,EFM-192A,Alpelisib,PI3Kalpha,PI3K/MTOR signaling,2.254577,0.86881
1290905,HCC1428,Alpelisib,PI3Kalpha,PI3K/MTOR signaling,7.527219,0.985267
1290922,HDQ-P1,Alpelisib,PI3Kalpha,PI3K/MTOR signaling,2.837455,0.900111
1298157,JIMT-1,Alpelisib,PI3Kalpha,PI3K/MTOR signaling,3.083572,0.931784
1303900,HCC1500,Alpelisib,PI3Kalpha,PI3K/MTOR signaling,5.069138,0.986317
1303911,YMB-1-E,Alpelisib,PI3Kalpha,PI3K/MTOR signaling,3.828843,0.938725
1330941,MDA-MB-330,Alpelisib,PI3Kalpha,PI3K/MTOR signaling,-0.020579,0.65642
749709,HCC1954,Taselisib,PI3K (beta sparing),PI3K/MTOR signaling,-1.266485,0.5408229999999999
749710,HCC1143,Taselisib,PI3K (beta sparing),PI3K/MTOR signaling,1.736929,0.8249000000000001
749711,HCC1187,Taselisib,PI3K (beta sparing),PI3K/MTOR signaling,3.117261,0.940495
749712,HCC1395,Taselisib,PI3K (beta sparing),PI3K/MTOR signaling,2.067386,0.85383
749713,HCC1599,Taselisib,PI3K (beta sparing),PI3K/MTOR signaling,1.455252,0.776941
749714,HCC1937,Taselisib,PI3K (beta sparing),PI3K/MTOR signaling,2.199183,0.853409
749715,HCC2157,Taselisib,PI3K (beta sparing),PI3K/MTOR signaling,0.043633,0.699244
749716,HCC2218,Taselisib,PI3K (beta sparing),PI3K/MTOR signaling,2.47286,0.905041
749717,HCC38,Taselisib,PI3K (beta sparing),PI3K/MTOR signaling,3.678305,0.932939
905945,T47D,Taselisib,PI3K (beta sparing),PI3K/MTOR signaling,-0.055352,0.6736989999999999
905946,MCF7,Taselisib,PI3K (beta sparing),PI3K/MTOR signaling,1.2441,0.780859
905951,BT-549,Taselisib,PI3K (beta sparing),PI3K/MTOR signaling,2.6838,0.8742449999999999
905957,Hs-578-T,Taselisib,PI3K (beta sparing),PI3K/MTOR signaling,1.258988,0.7924279999999999
905960,MDA-MB-231,Taselisib,PI3K (beta sparing),PI3K/MTOR signaling,3.057493,0.927447
906801,BT-20,Taselisib,PI3K (beta sparing),PI3K/MTOR signaling,-1.130199,0.5583159999999999
906812,COLO-824,Taselisib,PI3K (beta sparing),PI3K/MTOR signaling,1.5012029999999998,0.82229
906826,CAL-120,Taselisib,PI3K (beta sparing),PI3K/MTOR signaling,3.062105,0.854537
906844,DU-4475,Taselisib,PI3K (beta sparing),PI3K/MTOR signaling,3.466323,0.979287
906851,EFM-19,Taselisib,PI3K (beta sparing),PI3K/MTOR signaling,0.435502,0.7157779999999999
906862,EVSA-T,Taselisib,PI3K (beta sparing),PI3K/MTOR signaling,0.484697,0.748958
907045,HCC1419,Taselisib,PI3K (beta sparing),PI3K/MTOR signaling,3.2329529999999997,0.944293
907046,HCC1569,Taselisib,PI3K (beta sparing),PI3K/MTOR signaling,0.419508,0.723671
907048,HCC70,Taselisib,PI3K (beta sparing),PI3K/MTOR signaling,1.4097419999999998,0.8282879999999999
908120,MDA-MB-175-VII,Taselisib,PI3K (beta sparing),PI3K/MTOR signaling,-0.391439,0.6000789999999999
908121,MDA-MB-361,Taselisib,PI3K (beta sparing),PI3K/MTOR signaling,-2.6279109999999997,0.380347
908122,MDA-MB-453,Taselisib,PI3K (beta sparing),PI3K/MTOR signaling,-2.3478969999999997,0.4158469999999999
908123,MDA-MB-468,Taselisib,PI3K (beta sparing),PI3K/MTOR signaling,2.219297,0.873741
908151,MRK-nu-1,Taselisib,PI3K (beta sparing),PI3K/MTOR signaling,2.405775,0.924638
909256,OCUB-M,Taselisib,PI3K (beta sparing),PI3K/MTOR signaling,-2.413569,0.4032779999999999
909778,UACC-893,Taselisib,PI3K (beta sparing),PI3K/MTOR signaling,-2.455254,0.34362
909907,ZR-75-30,Taselisib,PI3K (beta sparing),PI3K/MTOR signaling,1.825351,0.803468
910704,AU565,Taselisib,PI3K (beta sparing),PI3K/MTOR signaling,1.676281,0.8490519999999999
910852,CAL-85-1,Taselisib,PI3K (beta sparing),PI3K/MTOR signaling,0.936408,0.771929
910910,UACC-812,Taselisib,PI3K (beta sparing),PI3K/MTOR signaling,1.046366,0.761428
910927,CAL-51,Taselisib,PI3K (beta sparing),PI3K/MTOR signaling,0.443192,0.7238819999999999
910948,MFM-223,Taselisib,PI3K (beta sparing),PI3K/MTOR signaling,0.4817749999999999,0.700564
924106,CAL-148,Taselisib,PI3K (beta sparing),PI3K/MTOR signaling,-1.7044709999999998,0.474923
924240,MDA-MB-415,Taselisib,PI3K (beta sparing),PI3K/MTOR signaling,1.414598,0.83407
925338,MDA-MB-157,Taselisib,PI3K (beta sparing),PI3K/MTOR signaling,3.830359,0.954648
946359,BT-474,Taselisib,PI3K (beta sparing),PI3K/MTOR signaling,0.876618,0.7417119999999999
946382,CAMA-1,Taselisib,PI3K (beta sparing),PI3K/MTOR signaling,2.295293,0.892569
949093,BT-483,Taselisib,PI3K (beta sparing),PI3K/MTOR signaling,3.3261209999999997,0.845376
1240172,MDA-MB-436,Taselisib,PI3K (beta sparing),PI3K/MTOR signaling,2.958274,0.9005029999999999
1290798,EFM-192A,Taselisib,PI3K (beta sparing),PI3K/MTOR signaling,0.753301,0.752014
1290905,HCC1428,Taselisib,PI3K (beta sparing),PI3K/MTOR signaling,6.362009,0.974041
1290922,HDQ-P1,Taselisib,PI3K (beta sparing),PI3K/MTOR signaling,-0.097109,0.6650579999999999
1298157,JIMT-1,Taselisib,PI3K (beta sparing),PI3K/MTOR signaling,0.4433439999999999,0.732521
1303900,HCC1500,Taselisib,PI3K (beta sparing),PI3K/MTOR signaling,4.151807,0.97223
1303911,YMB-1-E,Taselisib,PI3K (beta sparing),PI3K/MTOR signaling,1.142706,0.759026
1330941,MDA-MB-330,Taselisib,PI3K (beta sparing),PI3K/MTOR signaling,-1.31345,0.531492
749709,HCC1954,CZC24832,PI3Kgamma,PI3K/MTOR signaling,5.378024,0.98843
749710,HCC1143,CZC24832,PI3Kgamma,PI3K/MTOR signaling,6.07407,0.98127
749711,HCC1187,CZC24832,PI3Kgamma,PI3K/MTOR signaling,5.372303,0.988558
749713,HCC1599,CZC24832,PI3Kgamma,PI3K/MTOR signaling,6.084851,0.979963
749714,HCC1937,CZC24832,PI3Kgamma,PI3K/MTOR signaling,4.567381,0.9506
749715,HCC2157,CZC24832,PI3Kgamma,PI3K/MTOR signaling,3.5927909999999996,0.965239
749716,HCC2218,CZC24832,PI3Kgamma,PI3K/MTOR signaling,5.202946,0.990058
749717,HCC38,CZC24832,PI3Kgamma,PI3K/MTOR signaling,6.150258,0.982578
905945,T47D,CZC24832,PI3Kgamma,PI3K/MTOR signaling,4.90416,0.973405
905946,MCF7,CZC24832,PI3Kgamma,PI3K/MTOR signaling,6.073415,0.978344
905951,BT-549,CZC24832,PI3Kgamma,PI3K/MTOR signaling,4.7232959999999995,0.948026
905957,Hs-578-T,CZC24832,PI3Kgamma,PI3K/MTOR signaling,4.064585,0.943566
905960,MDA-MB-231,CZC24832,PI3Kgamma,PI3K/MTOR signaling,5.534147,0.985522
906801,BT-20,CZC24832,PI3Kgamma,PI3K/MTOR signaling,3.1393899999999997,0.944151
906812,COLO-824,CZC24832,PI3Kgamma,PI3K/MTOR signaling,5.361524999999999,0.980637
906826,CAL-120,CZC24832,PI3Kgamma,PI3K/MTOR signaling,7.394953999999999,0.971058
906844,DU-4475,CZC24832,PI3Kgamma,PI3K/MTOR signaling,3.393826,0.974517
906851,EFM-19,CZC24832,PI3Kgamma,PI3K/MTOR signaling,5.942022,0.981358
906862,EVSA-T,CZC24832,PI3Kgamma,PI3K/MTOR signaling,4.4106000000000005,0.983656
907045,HCC1419,CZC24832,PI3Kgamma,PI3K/MTOR signaling,5.097646,0.98514
907046,HCC1569,CZC24832,PI3Kgamma,PI3K/MTOR signaling,5.329946,0.98078
907048,HCC70,CZC24832,PI3Kgamma,PI3K/MTOR signaling,4.489106,0.97521
908121,MDA-MB-361,CZC24832,PI3Kgamma,PI3K/MTOR signaling,4.08468,0.964976
908122,MDA-MB-453,CZC24832,PI3Kgamma,PI3K/MTOR signaling,5.568014,0.983479
908123,MDA-MB-468,CZC24832,PI3Kgamma,PI3K/MTOR signaling,4.362004,0.960381
908151,MRK-nu-1,CZC24832,PI3Kgamma,PI3K/MTOR signaling,4.822182,0.991554
909256,OCUB-M,CZC24832,PI3Kgamma,PI3K/MTOR signaling,4.18589,0.973924
909778,UACC-893,CZC24832,PI3Kgamma,PI3K/MTOR signaling,5.719564999999999,0.984967
909907,ZR-75-30,CZC24832,PI3Kgamma,PI3K/MTOR signaling,6.097973,0.965445
910704,AU565,CZC24832,PI3Kgamma,PI3K/MTOR signaling,5.276339999999999,0.986135
910852,CAL-85-1,CZC24832,PI3Kgamma,PI3K/MTOR signaling,4.888401,0.972203
910927,CAL-51,CZC24832,PI3Kgamma,PI3K/MTOR signaling,5.203263,0.977107
910948,MFM-223,CZC24832,PI3Kgamma,PI3K/MTOR signaling,7.34638,0.98305
924240,MDA-MB-415,CZC24832,PI3Kgamma,PI3K/MTOR signaling,5.215388,0.988752
925338,MDA-MB-157,CZC24832,PI3Kgamma,PI3K/MTOR signaling,5.204059,0.980407
946359,BT-474,CZC24832,PI3Kgamma,PI3K/MTOR signaling,6.645756,0.98022
946382,CAMA-1,CZC24832,PI3Kgamma,PI3K/MTOR signaling,4.418463,0.971997
1240172,MDA-MB-436,CZC24832,PI3Kgamma,PI3K/MTOR signaling,5.840049,0.97819
1290798,EFM-192A,CZC24832,PI3Kgamma,PI3K/MTOR signaling,5.940814,0.98509
1290905,HCC1428,CZC24832,PI3Kgamma,PI3K/MTOR signaling,6.693578,0.975387
1290922,HDQ-P1,CZC24832,PI3Kgamma,PI3K/MTOR signaling,4.998036,0.969676
1298157,JIMT-1,CZC24832,PI3Kgamma,PI3K/MTOR signaling,4.008241,0.960803
1303900,HCC1500,CZC24832,PI3Kgamma,PI3K/MTOR signaling,4.799093,0.981258
1303911,YMB-1-E,CZC24832,PI3Kgamma,PI3K/MTOR signaling,4.378163,0.956263
1330941,MDA-MB-330,CZC24832,PI3Kgamma,PI3K/MTOR signaling,6.10271,0.978484
749709,HCC1954,GSK2110183B,"AKT1, AKT2, AKT3",PI3K/MTOR signaling,0.294553,0.815994
749710,HCC1143,GSK2110183B,"AKT1, AKT2, AKT3",PI3K/MTOR signaling,3.342962,0.953095
749711,HCC1187,GSK2110183B,"AKT1, AKT2, AKT3",PI3K/MTOR signaling,2.864474,0.96701
749714,HCC1937,GSK2110183B,"AKT1, AKT2, AKT3",PI3K/MTOR signaling,2.402212,0.916706
749715,HCC2157,GSK2110183B,"AKT1, AKT2, AKT3",PI3K/MTOR signaling,-0.608848,0.7297739999999999
749717,HCC38,GSK2110183B,"AKT1, AKT2, AKT3",PI3K/MTOR signaling,4.551947999999999,0.977747
905945,T47D,GSK2110183B,"AKT1, AKT2, AKT3",PI3K/MTOR signaling,1.655092,0.901109
905946,MCF7,GSK2110183B,"AKT1, AKT2, AKT3",PI3K/MTOR signaling,5.041093,0.980426
905951,BT-549,GSK2110183B,"AKT1, AKT2, AKT3",PI3K/MTOR signaling,4.175965,0.956975
905957,Hs-578-T,GSK2110183B,"AKT1, AKT2, AKT3",PI3K/MTOR signaling,1.281259,0.865868
905960,MDA-MB-231,GSK2110183B,"AKT1, AKT2, AKT3",PI3K/MTOR signaling,4.284577,0.98502
906801,BT-20,GSK2110183B,"AKT1, AKT2, AKT3",PI3K/MTOR signaling,0.377478,0.8346739999999999
906812,COLO-824,GSK2110183B,"AKT1, AKT2, AKT3",PI3K/MTOR signaling,2.980358,0.956667
906826,CAL-120,GSK2110183B,"AKT1, AKT2, AKT3",PI3K/MTOR signaling,5.585252,0.962487
906844,DU-4475,GSK2110183B,"AKT1, AKT2, AKT3",PI3K/MTOR signaling,2.502822,0.98226
906851,EFM-19,GSK2110183B,"AKT1, AKT2, AKT3",PI3K/MTOR signaling,1.5295759999999998,0.8790319999999999
906862,EVSA-T,GSK2110183B,"AKT1, AKT2, AKT3",PI3K/MTOR signaling,-1.810829,0.495114
907045,HCC1419,GSK2110183B,"AKT1, AKT2, AKT3",PI3K/MTOR signaling,2.3266359999999997,0.949245
907046,HCC1569,GSK2110183B,"AKT1, AKT2, AKT3",PI3K/MTOR signaling,-0.067495,0.765844
907048,HCC70,GSK2110183B,"AKT1, AKT2, AKT3",PI3K/MTOR signaling,1.138394,0.884936
908121,MDA-MB-361,GSK2110183B,"AKT1, AKT2, AKT3",PI3K/MTOR signaling,0.8851559999999999,0.8645459999999999
908122,MDA-MB-453,GSK2110183B,"AKT1, AKT2, AKT3",PI3K/MTOR signaling,-0.0530109999999999,0.766713
908123,MDA-MB-468,GSK2110183B,"AKT1, AKT2, AKT3",PI3K/MTOR signaling,3.103979,0.958944
908151,MRK-nu-1,GSK2110183B,"AKT1, AKT2, AKT3",PI3K/MTOR signaling,3.606047,0.991445
909256,OCUB-M,GSK2110183B,"AKT1, AKT2, AKT3",PI3K/MTOR signaling,-1.22312,0.648285
909907,ZR-75-30,GSK2110183B,"AKT1, AKT2, AKT3",PI3K/MTOR signaling,5.572226,0.975299
910704,AU565,GSK2110183B,"AKT1, AKT2, AKT3",PI3K/MTOR signaling,1.999773,0.920451
910852,CAL-85-1,GSK2110183B,"AKT1, AKT2, AKT3",PI3K/MTOR signaling,1.722816,0.90338
910927,CAL-51,GSK2110183B,"AKT1, AKT2, AKT3",PI3K/MTOR signaling,2.020599,0.902621
910948,MFM-223,GSK2110183B,"AKT1, AKT2, AKT3",PI3K/MTOR signaling,1.10935,0.8203969999999999
924240,MDA-MB-415,GSK2110183B,"AKT1, AKT2, AKT3",PI3K/MTOR signaling,0.04962,0.796132
925338,MDA-MB-157,GSK2110183B,"AKT1, AKT2, AKT3",PI3K/MTOR signaling,4.26622,0.983856
946359,BT-474,GSK2110183B,"AKT1, AKT2, AKT3",PI3K/MTOR signaling,2.887902,0.924217
946382,CAMA-1,GSK2110183B,"AKT1, AKT2, AKT3",PI3K/MTOR signaling,0.794732,0.855943
1240172,MDA-MB-436,GSK2110183B,"AKT1, AKT2, AKT3",PI3K/MTOR signaling,4.957095,0.982095
1290798,EFM-192A,GSK2110183B,"AKT1, AKT2, AKT3",PI3K/MTOR signaling,2.7628429999999997,0.945532
1290905,HCC1428,GSK2110183B,"AKT1, AKT2, AKT3",PI3K/MTOR signaling,5.782382999999999,0.978789
1290922,HDQ-P1,GSK2110183B,"AKT1, AKT2, AKT3",PI3K/MTOR signaling,4.214278,0.976881
1298157,JIMT-1,GSK2110183B,"AKT1, AKT2, AKT3",PI3K/MTOR signaling,4.417021,0.986408
1303900,HCC1500,GSK2110183B,"AKT1, AKT2, AKT3",PI3K/MTOR signaling,4.2405029999999995,0.988966
1330941,MDA-MB-330,GSK2110183B,"AKT1, AKT2, AKT3",PI3K/MTOR signaling,1.5505829999999998,0.8695299999999999
749709,HCC1954,Buparlisib,"PI3Kalpha, PI3Kdelta, PI3Kbeta, PI3Kgamma",PI3K/MTOR signaling,0.673909,0.7288169999999999
749710,HCC1143,Buparlisib,"PI3Kalpha, PI3Kdelta, PI3Kbeta, PI3Kgamma",PI3K/MTOR signaling,0.570813,0.693462
749711,HCC1187,Buparlisib,"PI3Kalpha, PI3Kdelta, PI3Kbeta, PI3Kgamma",PI3K/MTOR signaling,1.715498,0.8365819999999999
749712,HCC1395,Buparlisib,"PI3Kalpha, PI3Kdelta, PI3Kbeta, PI3Kgamma",PI3K/MTOR signaling,0.469873,0.689332
749713,HCC1599,Buparlisib,"PI3Kalpha, PI3Kdelta, PI3Kbeta, PI3Kgamma",PI3K/MTOR signaling,0.783546,0.7129369999999999
749714,HCC1937,Buparlisib,"PI3Kalpha, PI3Kdelta, PI3Kbeta, PI3Kgamma",PI3K/MTOR signaling,2.207619,0.835985
749715,HCC2157,Buparlisib,"PI3Kalpha, PI3Kdelta, PI3Kbeta, PI3Kgamma",PI3K/MTOR signaling,-0.091796,0.642465
749716,HCC2218,Buparlisib,"PI3Kalpha, PI3Kdelta, PI3Kbeta, PI3Kgamma",PI3K/MTOR signaling,1.940699,0.8646079999999999
749717,HCC38,Buparlisib,"PI3Kalpha, PI3Kdelta, PI3Kbeta, PI3Kgamma",PI3K/MTOR signaling,2.112901,0.834098
905945,T47D,Buparlisib,"PI3Kalpha, PI3Kdelta, PI3Kbeta, PI3Kgamma",PI3K/MTOR signaling,0.29086,0.6739729999999999
905946,MCF7,Buparlisib,"PI3Kalpha, PI3Kdelta, PI3Kbeta, PI3Kgamma",PI3K/MTOR signaling,0.719939,0.704311
905951,BT-549,Buparlisib,"PI3Kalpha, PI3Kdelta, PI3Kbeta, PI3Kgamma",PI3K/MTOR signaling,1.565184,0.776849
905957,Hs-578-T,Buparlisib,"PI3Kalpha, PI3Kdelta, PI3Kbeta, PI3Kgamma",PI3K/MTOR signaling,0.431344,0.6826869999999999
905960,MDA-MB-231,Buparlisib,"PI3Kalpha, PI3Kdelta, PI3Kbeta, PI3Kgamma",PI3K/MTOR signaling,1.662745,0.8202499999999999
906801,BT-20,Buparlisib,"PI3Kalpha, PI3Kdelta, PI3Kbeta, PI3Kgamma",PI3K/MTOR signaling,0.8304499999999999,0.7547419999999999
906812,COLO-824,Buparlisib,"PI3Kalpha, PI3Kdelta, PI3Kbeta, PI3Kgamma",PI3K/MTOR signaling,0.716119,0.721201
906826,CAL-120,Buparlisib,"PI3Kalpha, PI3Kdelta, PI3Kbeta, PI3Kgamma",PI3K/MTOR signaling,1.390775,0.726181
906844,DU-4475,Buparlisib,"PI3Kalpha, PI3Kdelta, PI3Kbeta, PI3Kgamma",PI3K/MTOR signaling,0.57011,0.737337
906851,EFM-19,Buparlisib,"PI3Kalpha, PI3Kdelta, PI3Kbeta, PI3Kgamma",PI3K/MTOR signaling,0.752817,0.714811
906862,EVSA-T,Buparlisib,"PI3Kalpha, PI3Kdelta, PI3Kbeta, PI3Kgamma",PI3K/MTOR signaling,-0.0210169999999999,0.6517149999999999
907045,HCC1419,Buparlisib,"PI3Kalpha, PI3Kdelta, PI3Kbeta, PI3Kgamma",PI3K/MTOR signaling,2.167702,0.872976
907046,HCC1569,Buparlisib,"PI3Kalpha, PI3Kdelta, PI3Kbeta, PI3Kgamma",PI3K/MTOR signaling,1.9991,0.843579
907048,HCC70,Buparlisib,"PI3Kalpha, PI3Kdelta, PI3Kbeta, PI3Kgamma",PI3K/MTOR signaling,0.8190689999999999,0.744188
908120,MDA-MB-175-VII,Buparlisib,"PI3Kalpha, PI3Kdelta, PI3Kbeta, PI3Kgamma",PI3K/MTOR signaling,0.171923,0.6228469999999999
908121,MDA-MB-361,Buparlisib,"PI3Kalpha, PI3Kdelta, PI3Kbeta, PI3Kgamma",PI3K/MTOR signaling,0.171592,0.6677379999999999
908122,MDA-MB-453,Buparlisib,"PI3Kalpha, PI3Kdelta, PI3Kbeta, PI3Kgamma",PI3K/MTOR signaling,0.8294929999999999,0.7336739999999999
908123,MDA-MB-468,Buparlisib,"PI3Kalpha, PI3Kdelta, PI3Kbeta, PI3Kgamma",PI3K/MTOR signaling,1.183355,0.768191
908151,MRK-nu-1,Buparlisib,"PI3Kalpha, PI3Kdelta, PI3Kbeta, PI3Kgamma",PI3K/MTOR signaling,0.3696839999999999,0.70524
909256,OCUB-M,Buparlisib,"PI3Kalpha, PI3Kdelta, PI3Kbeta, PI3Kgamma",PI3K/MTOR signaling,0.404482,0.701024
909778,UACC-893,Buparlisib,"PI3Kalpha, PI3Kdelta, PI3Kbeta, PI3Kgamma",PI3K/MTOR signaling,1.229457,0.7740319999999999
909907,ZR-75-30,Buparlisib,"PI3Kalpha, PI3Kdelta, PI3Kbeta, PI3Kgamma",PI3K/MTOR signaling,2.736042,0.8437119999999999
910704,AU565,Buparlisib,"PI3Kalpha, PI3Kdelta, PI3Kbeta, PI3Kgamma",PI3K/MTOR signaling,0.6468189999999999,0.7236009999999999
910852,CAL-85-1,Buparlisib,"PI3Kalpha, PI3Kdelta, PI3Kbeta, PI3Kgamma",PI3K/MTOR signaling,1.346741,0.784026
910910,UACC-812,Buparlisib,"PI3Kalpha, PI3Kdelta, PI3Kbeta, PI3Kgamma",PI3K/MTOR signaling,1.5143879999999998,0.782592
910927,CAL-51,Buparlisib,"PI3Kalpha, PI3Kdelta, PI3Kbeta, PI3Kgamma",PI3K/MTOR signaling,0.165017,0.658227
910948,MFM-223,Buparlisib,"PI3Kalpha, PI3Kdelta, PI3Kbeta, PI3Kgamma",PI3K/MTOR signaling,1.661542,0.7719159999999999
924106,CAL-148,Buparlisib,"PI3Kalpha, PI3Kdelta, PI3Kbeta, PI3Kgamma",PI3K/MTOR signaling,0.596734,0.718502
924240,MDA-MB-415,Buparlisib,"PI3Kalpha, PI3Kdelta, PI3Kbeta, PI3Kgamma",PI3K/MTOR signaling,1.071264,0.7768459999999999
925338,MDA-MB-157,Buparlisib,"PI3Kalpha, PI3Kdelta, PI3Kbeta, PI3Kgamma",PI3K/MTOR signaling,1.333899,0.7876799999999999
946359,BT-474,Buparlisib,"PI3Kalpha, PI3Kdelta, PI3Kbeta, PI3Kgamma",PI3K/MTOR signaling,2.168199,0.8200459999999999
946382,CAMA-1,Buparlisib,"PI3Kalpha, PI3Kdelta, PI3Kbeta, PI3Kgamma",PI3K/MTOR signaling,1.1822709999999998,0.7808
949093,BT-483,Buparlisib,"PI3Kalpha, PI3Kdelta, PI3Kbeta, PI3Kgamma",PI3K/MTOR signaling,3.141161,0.8234159999999999
1240172,MDA-MB-436,Buparlisib,"PI3Kalpha, PI3Kdelta, PI3Kbeta, PI3Kgamma",PI3K/MTOR signaling,2.2257249999999997,0.8409829999999999
1290798,EFM-192A,Buparlisib,"PI3Kalpha, PI3Kdelta, PI3Kbeta, PI3Kgamma",PI3K/MTOR signaling,0.5098429999999999,0.6951569999999999
1290905,HCC1428,Buparlisib,"PI3Kalpha, PI3Kdelta, PI3Kbeta, PI3Kgamma",PI3K/MTOR signaling,3.5559879999999997,0.89045
1290922,HDQ-P1,Buparlisib,"PI3Kalpha, PI3Kdelta, PI3Kbeta, PI3Kgamma",PI3K/MTOR signaling,0.253531,0.664674
1298157,JIMT-1,Buparlisib,"PI3Kalpha, PI3Kdelta, PI3Kbeta, PI3Kgamma",PI3K/MTOR signaling,1.007297,0.761409
1303900,HCC1500,Buparlisib,"PI3Kalpha, PI3Kdelta, PI3Kbeta, PI3Kgamma",PI3K/MTOR signaling,2.528996,0.8988809999999999
1303911,YMB-1-E,Buparlisib,"PI3Kalpha, PI3Kdelta, PI3Kbeta, PI3Kgamma",PI3K/MTOR signaling,1.0095,0.745869
1330941,MDA-MB-330,Buparlisib,"PI3Kalpha, PI3Kdelta, PI3Kbeta, PI3Kgamma",PI3K/MTOR signaling,0.5173059999999999,0.683473
749709,HCC1954,Afuresertib,"AKT1, AKT2, AKT3",PI3K/MTOR signaling,1.628423,0.828191
749710,HCC1143,Afuresertib,"AKT1, AKT2, AKT3",PI3K/MTOR signaling,3.068269,0.8945000000000001
749711,HCC1187,Afuresertib,"AKT1, AKT2, AKT3",PI3K/MTOR signaling,3.0219169999999997,0.928038
749712,HCC1395,Afuresertib,"AKT1, AKT2, AKT3",PI3K/MTOR signaling,0.712868,0.715374
749713,HCC1599,Afuresertib,"AKT1, AKT2, AKT3",PI3K/MTOR signaling,1.762857,0.80241
749714,HCC1937,Afuresertib,"AKT1, AKT2, AKT3",PI3K/MTOR signaling,2.478173,0.854823
749715,HCC2157,Afuresertib,"AKT1, AKT2, AKT3",PI3K/MTOR signaling,-1.149681,0.5001829999999999
749716,HCC2218,Afuresertib,"AKT1, AKT2, AKT3",PI3K/MTOR signaling,3.4275279999999997,0.953694
749717,HCC38,Afuresertib,"AKT1, AKT2, AKT3",PI3K/MTOR signaling,3.397435,0.912114
905945,T47D,Afuresertib,"AKT1, AKT2, AKT3",PI3K/MTOR signaling,1.047112,0.755903
905946,MCF7,Afuresertib,"AKT1, AKT2, AKT3",PI3K/MTOR signaling,2.777523,0.87142
905951,BT-549,Afuresertib,"AKT1, AKT2, AKT3",PI3K/MTOR signaling,2.035401,0.8143389999999999
905957,Hs-578-T,Afuresertib,"AKT1, AKT2, AKT3",PI3K/MTOR signaling,1.609258,0.7984789999999999
905960,MDA-MB-231,Afuresertib,"AKT1, AKT2, AKT3",PI3K/MTOR signaling,3.560485,0.940808
906801,BT-20,Afuresertib,"AKT1, AKT2, AKT3",PI3K/MTOR signaling,1.826552,0.8572829999999999
906812,COLO-824,Afuresertib,"AKT1, AKT2, AKT3",PI3K/MTOR signaling,1.780851,0.824457
906826,CAL-120,Afuresertib,"AKT1, AKT2, AKT3",PI3K/MTOR signaling,2.664531,0.8152689999999999
906844,DU-4475,Afuresertib,"AKT1, AKT2, AKT3",PI3K/MTOR signaling,2.624173,0.941859
906851,EFM-19,Afuresertib,"AKT1, AKT2, AKT3",PI3K/MTOR signaling,1.339601,0.7719659999999999
906862,EVSA-T,Afuresertib,"AKT1, AKT2, AKT3",PI3K/MTOR signaling,-1.960224,0.390642
907045,HCC1419,Afuresertib,"AKT1, AKT2, AKT3",PI3K/MTOR signaling,2.5833269999999997,0.901973
907046,HCC1569,Afuresertib,"AKT1, AKT2, AKT3",PI3K/MTOR signaling,-0.384524,0.594573
907048,HCC70,Afuresertib,"AKT1, AKT2, AKT3",PI3K/MTOR signaling,0.382934,0.693913
908120,MDA-MB-175-VII,Afuresertib,"AKT1, AKT2, AKT3",PI3K/MTOR signaling,-0.0728859999999999,0.600685
908121,MDA-MB-361,Afuresertib,"AKT1, AKT2, AKT3",PI3K/MTOR signaling,1.367757,0.8006369999999999
908122,MDA-MB-453,Afuresertib,"AKT1, AKT2, AKT3",PI3K/MTOR signaling,0.5119969999999999,0.699183
908123,MDA-MB-468,Afuresertib,"AKT1, AKT2, AKT3",PI3K/MTOR signaling,1.435903,0.79233
908151,MRK-nu-1,Afuresertib,"AKT1, AKT2, AKT3",PI3K/MTOR signaling,3.8425,0.976919
909256,OCUB-M,Afuresertib,"AKT1, AKT2, AKT3",PI3K/MTOR signaling,-2.029184,0.384277
909778,UACC-893,Afuresertib,"AKT1, AKT2, AKT3",PI3K/MTOR signaling,-0.608775,0.566893
909907,ZR-75-30,Afuresertib,"AKT1, AKT2, AKT3",PI3K/MTOR signaling,3.313564,0.876205
910704,AU565,Afuresertib,"AKT1, AKT2, AKT3",PI3K/MTOR signaling,1.352124,0.798889
910852,CAL-85-1,Afuresertib,"AKT1, AKT2, AKT3",PI3K/MTOR signaling,2.888776,0.901249
910910,UACC-812,Afuresertib,"AKT1, AKT2, AKT3",PI3K/MTOR signaling,2.091306,0.829506
910927,CAL-51,Afuresertib,"AKT1, AKT2, AKT3",PI3K/MTOR signaling,0.561353,0.70275
910948,MFM-223,Afuresertib,"AKT1, AKT2, AKT3",PI3K/MTOR signaling,0.0041649999999999,0.620163
924106,CAL-148,Afuresertib,"AKT1, AKT2, AKT3",PI3K/MTOR signaling,-2.3950709999999997,0.3414919999999999
924240,MDA-MB-415,Afuresertib,"AKT1, AKT2, AKT3",PI3K/MTOR signaling,-0.857367,0.5388459999999999
925338,MDA-MB-157,Afuresertib,"AKT1, AKT2, AKT3",PI3K/MTOR signaling,3.107005,0.918397
946359,BT-474,Afuresertib,"AKT1, AKT2, AKT3",PI3K/MTOR signaling,2.05086,0.8114389999999999
946382,CAMA-1,Afuresertib,"AKT1, AKT2, AKT3",PI3K/MTOR signaling,-1.049225,0.5131319999999999
949093,BT-483,Afuresertib,"AKT1, AKT2, AKT3",PI3K/MTOR signaling,5.682941,0.924855
1240172,MDA-MB-436,Afuresertib,"AKT1, AKT2, AKT3",PI3K/MTOR signaling,3.181753,0.9001129999999999
1290798,EFM-192A,Afuresertib,"AKT1, AKT2, AKT3",PI3K/MTOR signaling,2.2188399999999997,0.8536539999999999
1290905,HCC1428,Afuresertib,"AKT1, AKT2, AKT3",PI3K/MTOR signaling,6.5210159999999995,0.973144
1290922,HDQ-P1,Afuresertib,"AKT1, AKT2, AKT3",PI3K/MTOR signaling,1.506537,0.7918339999999999
1298157,JIMT-1,Afuresertib,"AKT1, AKT2, AKT3",PI3K/MTOR signaling,3.653526,0.949381
1303900,HCC1500,Afuresertib,"AKT1, AKT2, AKT3",PI3K/MTOR signaling,4.110412999999999,0.967566
1303911,YMB-1-E,Afuresertib,"AKT1, AKT2, AKT3",PI3K/MTOR signaling,-0.504717,0.577627
1330941,MDA-MB-330,Afuresertib,"AKT1, AKT2, AKT3",PI3K/MTOR signaling,0.879786,0.719716
749709,HCC1954,AZD3759,EGFR,EGFR signaling,2.0114419999999997,0.972509
749710,HCC1143,AZD3759,EGFR,EGFR signaling,1.861187,0.941584
749711,HCC1187,AZD3759,EGFR,EGFR signaling,2.7152879999999997,0.984649
749712,HCC1395,AZD3759,EGFR,EGFR signaling,3.131032,0.977816
749713,HCC1599,AZD3759,EGFR,EGFR signaling,3.0475399999999997,0.968962
749714,HCC1937,AZD3759,EGFR,EGFR signaling,2.897789,0.9656
749715,HCC2157,AZD3759,EGFR,EGFR signaling,1.888946,0.979928
749716,HCC2218,AZD3759,EGFR,EGFR signaling,2.556419,0.986449
749717,HCC38,AZD3759,EGFR,EGFR signaling,3.1621129999999997,0.973389
905945,T47D,AZD3759,EGFR,EGFR signaling,2.174105,0.964393
905946,MCF7,AZD3759,EGFR,EGFR signaling,3.727472,0.977786
905951,BT-549,AZD3759,EGFR,EGFR signaling,3.756761,0.974911
905957,Hs-578-T,AZD3759,EGFR,EGFR signaling,3.3758429999999997,0.979265
905960,MDA-MB-231,AZD3759,EGFR,EGFR signaling,2.8982699999999997,0.981451
906801,BT-20,AZD3759,EGFR,EGFR signaling,2.4198519999999997,0.985861
906812,COLO-824,AZD3759,EGFR,EGFR signaling,2.598837,0.973323
906826,CAL-120,AZD3759,EGFR,EGFR signaling,4.865133,0.968086
906844,DU-4475,AZD3759,EGFR,EGFR signaling,2.168184,0.992943
906851,EFM-19,AZD3759,EGFR,EGFR signaling,3.033959,0.972736
906862,EVSA-T,AZD3759,EGFR,EGFR signaling,2.176895,0.984693
907045,HCC1419,AZD3759,EGFR,EGFR signaling,2.5197469999999997,0.981411
907046,HCC1569,AZD3759,EGFR,EGFR signaling,2.346368,0.969051
907048,HCC70,AZD3759,EGFR,EGFR signaling,2.472499,0.980249
908120,MDA-MB-175-VII,AZD3759,EGFR,EGFR signaling,1.956963,0.894837
908121,MDA-MB-361,AZD3759,EGFR,EGFR signaling,1.925225,0.96859
908122,MDA-MB-453,AZD3759,EGFR,EGFR signaling,3.360981,0.984565
908123,MDA-MB-468,AZD3759,EGFR,EGFR signaling,1.116138,0.927769
908151,MRK-nu-1,AZD3759,EGFR,EGFR signaling,2.0824119999999997,0.986686
909256,OCUB-M,AZD3759,EGFR,EGFR signaling,1.5318969999999998,0.965083
909778,UACC-893,AZD3759,EGFR,EGFR signaling,2.152084,0.963824
909907,ZR-75-30,AZD3759,EGFR,EGFR signaling,4.0613209999999995,0.969684
910704,AU565,AZD3759,EGFR,EGFR signaling,1.940827,0.968804
910852,CAL-85-1,AZD3759,EGFR,EGFR signaling,3.5838319999999997,0.986088
910910,UACC-812,AZD3759,EGFR,EGFR signaling,3.979941,0.982757
910927,CAL-51,AZD3759,EGFR,EGFR signaling,2.8018069999999997,0.975508
910948,MFM-223,AZD3759,EGFR,EGFR signaling,3.319757,0.959204
924106,CAL-148,AZD3759,EGFR,EGFR signaling,2.757921,0.983972
924240,MDA-MB-415,AZD3759,EGFR,EGFR signaling,2.629069,0.985621
925338,MDA-MB-157,AZD3759,EGFR,EGFR signaling,3.338122,0.985753
946359,BT-474,AZD3759,EGFR,EGFR signaling,4.615747,0.982981
946382,CAMA-1,AZD3759,EGFR,EGFR signaling,2.788375,0.98339
949093,BT-483,AZD3759,EGFR,EGFR signaling,5.216343999999999,0.962075
1240172,MDA-MB-436,AZD3759,EGFR,EGFR signaling,2.6640569999999997,0.963091
1290798,EFM-192A,AZD3759,EGFR,EGFR signaling,3.0179169999999997,0.977323
1290905,HCC1428,AZD3759,EGFR,EGFR signaling,5.073773999999999,0.982626
1290922,HDQ-P1,AZD3759,EGFR,EGFR signaling,-0.426295,0.823441
1298157,JIMT-1,AZD3759,EGFR,EGFR signaling,3.39923,0.989314
1303900,HCC1500,AZD3759,EGFR,EGFR signaling,2.080993,0.973838
1303911,YMB-1-E,AZD3759,EGFR,EGFR signaling,2.7938669999999997,0.972361
1330941,MDA-MB-330,AZD3759,EGFR,EGFR signaling,0.878459,0.8936069999999999
749709,HCC1954,AZD5363,"AKT1, AKT2, AKT3, ROCK2","Other, kinases",1.538029,0.8197519999999999
749710,HCC1143,AZD5363,"AKT1, AKT2, AKT3, ROCK2","Other, kinases",3.52853,0.91709
749711,HCC1187,AZD5363,"AKT1, AKT2, AKT3, ROCK2","Other, kinases",3.615287,0.953271
749712,HCC1395,AZD5363,"AKT1, AKT2, AKT3, ROCK2","Other, kinases",1.7147089999999998,0.8113279999999999
749713,HCC1599,AZD5363,"AKT1, AKT2, AKT3, ROCK2","Other, kinases",2.655376,0.867139
749714,HCC1937,AZD5363,"AKT1, AKT2, AKT3, ROCK2","Other, kinases",3.3824129999999997,0.906485
749715,HCC2157,AZD5363,"AKT1, AKT2, AKT3, ROCK2","Other, kinases",-0.691954,0.562329
749716,HCC2218,AZD5363,"AKT1, AKT2, AKT3, ROCK2","Other, kinases",2.833306,0.926517
749717,HCC38,AZD5363,"AKT1, AKT2, AKT3, ROCK2","Other, kinases",2.786375,0.879536
905945,T47D,AZD5363,"AKT1, AKT2, AKT3, ROCK2","Other, kinases",1.952039,0.8386739999999999
905946,MCF7,AZD5363,"AKT1, AKT2, AKT3, ROCK2","Other, kinases",3.723217,0.919479
905951,BT-549,AZD5363,"AKT1, AKT2, AKT3, ROCK2","Other, kinases",2.707118,0.8603989999999999
905957,Hs-578-T,AZD5363,"AKT1, AKT2, AKT3, ROCK2","Other, kinases",1.333245,0.773694
905960,MDA-MB-231,AZD5363,"AKT1, AKT2, AKT3, ROCK2","Other, kinases",4.715508,0.97354
906801,BT-20,AZD5363,"AKT1, AKT2, AKT3, ROCK2","Other, kinases",1.365005,0.813183
906812,COLO-824,AZD5363,"AKT1, AKT2, AKT3, ROCK2","Other, kinases",1.6052959999999998,0.809179
906826,CAL-120,AZD5363,"AKT1, AKT2, AKT3, ROCK2","Other, kinases",3.276594,0.8501489999999999
906844,DU-4475,AZD5363,"AKT1, AKT2, AKT3, ROCK2","Other, kinases",3.1459159999999997,0.966371
906851,EFM-19,AZD5363,"AKT1, AKT2, AKT3, ROCK2","Other, kinases",2.036727,0.8309489999999999
906862,EVSA-T,AZD5363,"AKT1, AKT2, AKT3, ROCK2","Other, kinases",-1.24161,0.487678
907045,HCC1419,AZD5363,"AKT1, AKT2, AKT3, ROCK2","Other, kinases",2.445724,0.892956
907046,HCC1569,AZD5363,"AKT1, AKT2, AKT3, ROCK2","Other, kinases",0.487618,0.6968989999999999
907048,HCC70,AZD5363,"AKT1, AKT2, AKT3, ROCK2","Other, kinases",0.297533,0.683703
908120,MDA-MB-175-VII,AZD5363,"AKT1, AKT2, AKT3, ROCK2","Other, kinases",0.938962,0.689261
908121,MDA-MB-361,AZD5363,"AKT1, AKT2, AKT3, ROCK2","Other, kinases",2.1193109999999997,0.866896
908122,MDA-MB-453,AZD5363,"AKT1, AKT2, AKT3, ROCK2","Other, kinases",1.6695719999999998,0.81534
908123,MDA-MB-468,AZD5363,"AKT1, AKT2, AKT3, ROCK2","Other, kinases",2.543604,0.8801709999999999
908151,MRK-nu-1,AZD5363,"AKT1, AKT2, AKT3, ROCK2","Other, kinases",2.447127,0.917473
909256,OCUB-M,AZD5363,"AKT1, AKT2, AKT3, ROCK2","Other, kinases",-1.03419,0.515528
909778,UACC-893,AZD5363,"AKT1, AKT2, AKT3, ROCK2","Other, kinases",-0.2971479999999999,0.604771
909907,ZR-75-30,AZD5363,"AKT1, AKT2, AKT3, ROCK2","Other, kinases",3.787049,0.8987339999999999
910704,AU565,AZD5363,"AKT1, AKT2, AKT3, ROCK2","Other, kinases",1.799781,0.840434
910852,CAL-85-1,AZD5363,"AKT1, AKT2, AKT3, ROCK2","Other, kinases",5.280575,0.978761
910910,UACC-812,AZD5363,"AKT1, AKT2, AKT3, ROCK2","Other, kinases",2.998448,0.88876
910927,CAL-51,AZD5363,"AKT1, AKT2, AKT3, ROCK2","Other, kinases",1.434295,0.791397
910948,MFM-223,AZD5363,"AKT1, AKT2, AKT3, ROCK2","Other, kinases",0.71829,0.689794
924106,CAL-148,AZD5363,"AKT1, AKT2, AKT3, ROCK2","Other, kinases",-1.6820849999999998,0.431299
924240,MDA-MB-415,AZD5363,"AKT1, AKT2, AKT3, ROCK2","Other, kinases",-0.4459809999999999,0.5928359999999999
925338,MDA-MB-157,AZD5363,"AKT1, AKT2, AKT3, ROCK2","Other, kinases",3.650398,0.942305
946359,BT-474,AZD5363,"AKT1, AKT2, AKT3, ROCK2","Other, kinases",3.053995,0.876502
946382,CAMA-1,AZD5363,"AKT1, AKT2, AKT3, ROCK2","Other, kinases",-0.030615,0.6423789999999999
949093,BT-483,AZD5363,"AKT1, AKT2, AKT3, ROCK2","Other, kinases",6.318026,0.940407
1240172,MDA-MB-436,AZD5363,"AKT1, AKT2, AKT3, ROCK2","Other, kinases",3.98346,0.93504
1290798,EFM-192A,AZD5363,"AKT1, AKT2, AKT3, ROCK2","Other, kinases",2.234506,0.8548
1290905,HCC1428,AZD5363,"AKT1, AKT2, AKT3, ROCK2","Other, kinases",6.9415569999999995,0.978299
1290922,HDQ-P1,AZD5363,"AKT1, AKT2, AKT3, ROCK2","Other, kinases",1.905754,0.825826
1298157,JIMT-1,AZD5363,"AKT1, AKT2, AKT3, ROCK2","Other, kinases",3.639693,0.948882
1303900,HCC1500,AZD5363,"AKT1, AKT2, AKT3, ROCK2","Other, kinases",4.039994,0.965741
1303911,YMB-1-E,AZD5363,"AKT1, AKT2, AKT3, ROCK2","Other, kinases",-0.134674,0.621142
1330941,MDA-MB-330,AZD5363,"AKT1, AKT2, AKT3, ROCK2","Other, kinases",1.248883,0.754516
749709,HCC1954,AZD8186,"PI3Kalpha, PI3Kbeta",PI3K/MTOR signaling,3.178684,0.935135
749710,HCC1143,AZD8186,"PI3Kalpha, PI3Kbeta",PI3K/MTOR signaling,2.087897,0.83116
749711,HCC1187,AZD8186,"PI3Kalpha, PI3Kbeta",PI3K/MTOR signaling,2.962224,0.924978
749712,HCC1395,AZD8186,"PI3Kalpha, PI3Kbeta",PI3K/MTOR signaling,1.620128,0.8031659999999999
749713,HCC1599,AZD8186,"PI3Kalpha, PI3Kbeta",PI3K/MTOR signaling,4.359388,0.945174
749714,HCC1937,AZD8186,"PI3Kalpha, PI3Kbeta",PI3K/MTOR signaling,2.835884,0.8773139999999999
749715,HCC2157,AZD8186,"PI3Kalpha, PI3Kbeta",PI3K/MTOR signaling,0.3557809999999999,0.700101
749716,HCC2218,AZD8186,"PI3Kalpha, PI3Kbeta",PI3K/MTOR signaling,3.638237,0.961018
749717,HCC38,AZD8186,"PI3Kalpha, PI3Kbeta",PI3K/MTOR signaling,3.887306,0.932747
905945,T47D,AZD8186,"PI3Kalpha, PI3Kbeta",PI3K/MTOR signaling,1.831681,0.828793
905946,MCF7,AZD8186,"PI3Kalpha, PI3Kbeta",PI3K/MTOR signaling,3.12493,0.891139
905951,BT-549,AZD8186,"PI3Kalpha, PI3Kbeta",PI3K/MTOR signaling,3.197788,0.888392
905957,Hs-578-T,AZD8186,"PI3Kalpha, PI3Kbeta",PI3K/MTOR signaling,1.89847,0.822676
905960,MDA-MB-231,AZD8186,"PI3Kalpha, PI3Kbeta",PI3K/MTOR signaling,4.603306,0.971309
906801,BT-20,AZD8186,"PI3Kalpha, PI3Kbeta",PI3K/MTOR signaling,3.659899,0.963698
906812,COLO-824,AZD8186,"PI3Kalpha, PI3Kbeta",PI3K/MTOR signaling,1.98359,0.8411489999999999
906826,CAL-120,AZD8186,"PI3Kalpha, PI3Kbeta",PI3K/MTOR signaling,4.925987999999999,0.919237
906844,DU-4475,AZD8186,"PI3Kalpha, PI3Kbeta",PI3K/MTOR signaling,3.577474,0.979366
906851,EFM-19,AZD8186,"PI3Kalpha, PI3Kbeta",PI3K/MTOR signaling,1.698746,0.803658
906862,EVSA-T,AZD8186,"PI3Kalpha, PI3Kbeta",PI3K/MTOR signaling,-2.266092,0.350238
907045,HCC1419,AZD8186,"PI3Kalpha, PI3Kbeta",PI3K/MTOR signaling,3.727894,0.956181
907046,HCC1569,AZD8186,"PI3Kalpha, PI3Kbeta",PI3K/MTOR signaling,2.333798,0.8687239999999999
907048,HCC70,AZD8186,"PI3Kalpha, PI3Kbeta",PI3K/MTOR signaling,0.1724929999999999,0.66857
908120,MDA-MB-175-VII,AZD8186,"PI3Kalpha, PI3Kbeta",PI3K/MTOR signaling,2.303296,0.7916139999999999
908121,MDA-MB-361,AZD8186,"PI3Kalpha, PI3Kbeta",PI3K/MTOR signaling,1.954153,0.8537089999999999
908122,MDA-MB-453,AZD8186,"PI3Kalpha, PI3Kbeta",PI3K/MTOR signaling,2.8975709999999997,0.903741
908123,MDA-MB-468,AZD8186,"PI3Kalpha, PI3Kbeta",PI3K/MTOR signaling,2.093445,0.8481909999999999
908151,MRK-nu-1,AZD8186,"PI3Kalpha, PI3Kbeta",PI3K/MTOR signaling,4.414969999999999,0.987091
909256,OCUB-M,AZD8186,"PI3Kalpha, PI3Kbeta",PI3K/MTOR signaling,3.691952,0.960788
909778,UACC-893,AZD8186,"PI3Kalpha, PI3Kbeta",PI3K/MTOR signaling,2.888597,0.902734
909907,ZR-75-30,AZD8186,"PI3Kalpha, PI3Kbeta",PI3K/MTOR signaling,3.977661,0.906812
910704,AU565,AZD8186,"PI3Kalpha, PI3Kbeta",PI3K/MTOR signaling,1.895219,0.8485769999999999
910852,CAL-85-1,AZD8186,"PI3Kalpha, PI3Kbeta",PI3K/MTOR signaling,3.819773,0.943772
910910,UACC-812,AZD8186,"PI3Kalpha, PI3Kbeta",PI3K/MTOR signaling,2.184037,0.836387
910927,CAL-51,AZD8186,"PI3Kalpha, PI3Kbeta",PI3K/MTOR signaling,3.36497,0.924555
910948,MFM-223,AZD8186,"PI3Kalpha, PI3Kbeta",PI3K/MTOR signaling,4.427633,0.92737
924106,CAL-148,AZD8186,"PI3Kalpha, PI3Kbeta",PI3K/MTOR signaling,2.145081,0.869636
924240,MDA-MB-415,AZD8186,"PI3Kalpha, PI3Kbeta",PI3K/MTOR signaling,-1.60915,0.439482
925338,MDA-MB-157,AZD8186,"PI3Kalpha, PI3Kbeta",PI3K/MTOR signaling,4.76361,0.973122
946359,BT-474,AZD8186,"PI3Kalpha, PI3Kbeta",PI3K/MTOR signaling,3.5373259999999997,0.901061
946382,CAMA-1,AZD8186,"PI3Kalpha, PI3Kbeta",PI3K/MTOR signaling,0.4913559999999999,0.704971
949093,BT-483,AZD8186,"PI3Kalpha, PI3Kbeta",PI3K/MTOR signaling,7.20254,0.957218
1240172,MDA-MB-436,AZD8186,"PI3Kalpha, PI3Kbeta",PI3K/MTOR signaling,3.401729,0.910944
1290798,EFM-192A,AZD8186,"PI3Kalpha, PI3Kbeta",PI3K/MTOR signaling,2.554087,0.8768589999999999
1290905,HCC1428,AZD8186,"PI3Kalpha, PI3Kbeta",PI3K/MTOR signaling,6.8929469999999995,0.977756
1290922,HDQ-P1,AZD8186,"PI3Kalpha, PI3Kbeta",PI3K/MTOR signaling,1.388501,0.7811089999999999
1298157,JIMT-1,AZD8186,"PI3Kalpha, PI3Kbeta",PI3K/MTOR signaling,3.893923,0.957399
1303900,HCC1500,AZD8186,"PI3Kalpha, PI3Kbeta",PI3K/MTOR signaling,5.3831809999999995,0.988391
1303911,YMB-1-E,AZD8186,"PI3Kalpha, PI3Kbeta",PI3K/MTOR signaling,-2.605051,0.3290289999999999
1330941,MDA-MB-330,AZD8186,"PI3Kalpha, PI3Kbeta",PI3K/MTOR signaling,0.484944,0.680148
749709,HCC1954,Osimertinib,EGFR,EGFR signaling,1.138786,0.946365
749710,HCC1143,Osimertinib,EGFR,EGFR signaling,1.04739,0.90884
749711,HCC1187,Osimertinib,EGFR,EGFR signaling,1.838929,0.968849
749712,HCC1395,Osimertinib,EGFR,EGFR signaling,2.609867,0.968837
749713,HCC1599,Osimertinib,EGFR,EGFR signaling,1.961699,0.942194
749714,HCC1937,Osimertinib,EGFR,EGFR signaling,1.40634,0.921081
749715,HCC2157,Osimertinib,EGFR,EGFR signaling,0.472942,0.930469
749716,HCC2218,Osimertinib,EGFR,EGFR signaling,-2.020352,0.687292
749717,HCC38,Osimertinib,EGFR,EGFR signaling,2.959905,0.969904
905945,T47D,Osimertinib,EGFR,EGFR signaling,1.163801,0.931324
905946,MCF7,Osimertinib,EGFR,EGFR signaling,2.675802,0.959272
905951,BT-549,Osimertinib,EGFR,EGFR signaling,2.354853,0.946189
905957,Hs-578-T,Osimertinib,EGFR,EGFR signaling,3.266886,0.977765
905960,MDA-MB-231,Osimertinib,EGFR,EGFR signaling,2.421274,0.9737
906801,BT-20,Osimertinib,EGFR,EGFR signaling,2.642914,0.988482
906812,COLO-824,Osimertinib,EGFR,EGFR signaling,0.748246,0.911553
906826,CAL-120,Osimertinib,EGFR,EGFR signaling,4.574514,0.963863
906844,DU-4475,Osimertinib,EGFR,EGFR signaling,0.552419,0.954055
906851,EFM-19,Osimertinib,EGFR,EGFR signaling,1.645112,0.937277
906862,EVSA-T,Osimertinib,EGFR,EGFR signaling,2.101879,0.983561
907045,HCC1419,Osimertinib,EGFR,EGFR signaling,-0.105295,0.8752139999999999
907046,HCC1569,Osimertinib,EGFR,EGFR signaling,0.094346,0.8731369999999999
907048,HCC70,Osimertinib,EGFR,EGFR signaling,1.92316,0.969538
908120,MDA-MB-175-VII,Osimertinib,EGFR,EGFR signaling,-1.898852,0.643446
908121,MDA-MB-361,Osimertinib,EGFR,EGFR signaling,0.969903,0.936627
908122,MDA-MB-453,Osimertinib,EGFR,EGFR signaling,1.230267,0.934519
908123,MDA-MB-468,Osimertinib,EGFR,EGFR signaling,0.676755,0.906201
908151,MRK-nu-1,Osimertinib,EGFR,EGFR signaling,2.523078,0.991584
909256,OCUB-M,Osimertinib,EGFR,EGFR signaling,-0.786697,0.823727
909778,UACC-893,Osimertinib,EGFR,EGFR signaling,-1.610491,0.71861
909907,ZR-75-30,Osimertinib,EGFR,EGFR signaling,-0.3743189999999999,0.788731
910704,AU565,Osimertinib,EGFR,EGFR signaling,-1.017218,0.792245
910852,CAL-85-1,Osimertinib,EGFR,EGFR signaling,3.441572,0.984624
910910,UACC-812,Osimertinib,EGFR,EGFR signaling,-0.0606919999999999,0.8405859999999999
910927,CAL-51,Osimertinib,EGFR,EGFR signaling,1.685721,0.948751
910948,MFM-223,Osimertinib,EGFR,EGFR signaling,3.1697349999999997,0.95606
924106,CAL-148,Osimertinib,EGFR,EGFR signaling,0.734802,0.926198
924240,MDA-MB-415,Osimertinib,EGFR,EGFR signaling,1.274352,0.95577
925338,MDA-MB-157,Osimertinib,EGFR,EGFR signaling,3.007122,0.981853
946359,BT-474,Osimertinib,EGFR,EGFR signaling,-0.165431,0.8177949999999999
946382,CAMA-1,Osimertinib,EGFR,EGFR signaling,1.681666,0.961175
949093,BT-483,Osimertinib,EGFR,EGFR signaling,5.082110999999999,0.960081
1240172,MDA-MB-436,Osimertinib,EGFR,EGFR signaling,2.546386,0.960439
1290798,EFM-192A,Osimertinib,EGFR,EGFR signaling,-0.629729,0.8099489999999999
1290905,HCC1428,Osimertinib,EGFR,EGFR signaling,4.392846,0.97541
1290922,HDQ-P1,Osimertinib,EGFR,EGFR signaling,-1.242939,0.749714
1298157,JIMT-1,Osimertinib,EGFR,EGFR signaling,2.836035,0.983364
1303900,HCC1500,Osimertinib,EGFR,EGFR signaling,2.591923,0.982656
1303911,YMB-1-E,Osimertinib,EGFR,EGFR signaling,2.022467,0.954787
1330941,MDA-MB-330,Osimertinib,EGFR,EGFR signaling,-1.407944,0.721159
749709,HCC1954,Cediranib,"VEGFR, FLT1, FLT2, FLT3, FLT4, KIT, PDGFRB",RTK signaling,2.882022,0.920215
749710,HCC1143,Cediranib,"VEGFR, FLT1, FLT2, FLT3, FLT4, KIT, PDGFRB",RTK signaling,3.3468039999999997,0.908688
749711,HCC1187,Cediranib,"VEGFR, FLT1, FLT2, FLT3, FLT4, KIT, PDGFRB",RTK signaling,3.869727,0.961504
749712,HCC1395,Cediranib,"VEGFR, FLT1, FLT2, FLT3, FLT4, KIT, PDGFRB",RTK signaling,0.8657239999999999,0.7312649999999999
749713,HCC1599,Cediranib,"VEGFR, FLT1, FLT2, FLT3, FLT4, KIT, PDGFRB",RTK signaling,2.264043,0.840866
749714,HCC1937,Cediranib,"VEGFR, FLT1, FLT2, FLT3, FLT4, KIT, PDGFRB",RTK signaling,1.998873,0.820379
749715,HCC2157,Cediranib,"VEGFR, FLT1, FLT2, FLT3, FLT4, KIT, PDGFRB",RTK signaling,2.051879,0.881069
749716,HCC2218,Cediranib,"VEGFR, FLT1, FLT2, FLT3, FLT4, KIT, PDGFRB",RTK signaling,5.202798,0.990057
749717,HCC38,Cediranib,"VEGFR, FLT1, FLT2, FLT3, FLT4, KIT, PDGFRB",RTK signaling,2.8841319999999997,0.885289
905945,T47D,Cediranib,"VEGFR, FLT1, FLT2, FLT3, FLT4, KIT, PDGFRB",RTK signaling,1.6953429999999998,0.8171619999999999
905946,MCF7,Cediranib,"VEGFR, FLT1, FLT2, FLT3, FLT4, KIT, PDGFRB",RTK signaling,3.744738,0.920373
905951,BT-549,Cediranib,"VEGFR, FLT1, FLT2, FLT3, FLT4, KIT, PDGFRB",RTK signaling,1.76835,0.7935599999999999
905957,Hs-578-T,Cediranib,"VEGFR, FLT1, FLT2, FLT3, FLT4, KIT, PDGFRB",RTK signaling,0.915954,0.733337
905960,MDA-MB-231,Cediranib,"VEGFR, FLT1, FLT2, FLT3, FLT4, KIT, PDGFRB",RTK signaling,2.494899,0.8849889999999999
906801,BT-20,Cediranib,"VEGFR, FLT1, FLT2, FLT3, FLT4, KIT, PDGFRB",RTK signaling,3.885009,0.970093
906812,COLO-824,Cediranib,"VEGFR, FLT1, FLT2, FLT3, FLT4, KIT, PDGFRB",RTK signaling,2.101086,0.850344
906826,CAL-120,Cediranib,"VEGFR, FLT1, FLT2, FLT3, FLT4, KIT, PDGFRB",RTK signaling,2.596777,0.8110839999999999
906844,DU-4475,Cediranib,"VEGFR, FLT1, FLT2, FLT3, FLT4, KIT, PDGFRB",RTK signaling,1.5624669999999998,0.855254
906851,EFM-19,Cediranib,"VEGFR, FLT1, FLT2, FLT3, FLT4, KIT, PDGFRB",RTK signaling,2.863167,0.8867499999999999
906862,EVSA-T,Cediranib,"VEGFR, FLT1, FLT2, FLT3, FLT4, KIT, PDGFRB",RTK signaling,1.425094,0.8233769999999999
907045,HCC1419,Cediranib,"VEGFR, FLT1, FLT2, FLT3, FLT4, KIT, PDGFRB",RTK signaling,4.1459839999999994,0.968184
907046,HCC1569,Cediranib,"VEGFR, FLT1, FLT2, FLT3, FLT4, KIT, PDGFRB",RTK signaling,1.957834,0.8402769999999999
907048,HCC70,Cediranib,"VEGFR, FLT1, FLT2, FLT3, FLT4, KIT, PDGFRB",RTK signaling,3.55352,0.949373
908120,MDA-MB-175-VII,Cediranib,"VEGFR, FLT1, FLT2, FLT3, FLT4, KIT, PDGFRB",RTK signaling,3.5804549999999997,0.8648969999999999
908121,MDA-MB-361,Cediranib,"VEGFR, FLT1, FLT2, FLT3, FLT4, KIT, PDGFRB",RTK signaling,3.2505029999999997,0.935646
908122,MDA-MB-453,Cediranib,"VEGFR, FLT1, FLT2, FLT3, FLT4, KIT, PDGFRB",RTK signaling,2.633548,0.8880359999999999
908123,MDA-MB-468,Cediranib,"VEGFR, FLT1, FLT2, FLT3, FLT4, KIT, PDGFRB",RTK signaling,1.889387,0.83199
908151,MRK-nu-1,Cediranib,"VEGFR, FLT1, FLT2, FLT3, FLT4, KIT, PDGFRB",RTK signaling,3.819549,0.976386
909256,OCUB-M,Cediranib,"VEGFR, FLT1, FLT2, FLT3, FLT4, KIT, PDGFRB",RTK signaling,2.897322,0.927541
909778,UACC-893,Cediranib,"VEGFR, FLT1, FLT2, FLT3, FLT4, KIT, PDGFRB",RTK signaling,3.400992,0.928437
909907,ZR-75-30,Cediranib,"VEGFR, FLT1, FLT2, FLT3, FLT4, KIT, PDGFRB",RTK signaling,5.813757,0.960306
910704,AU565,Cediranib,"VEGFR, FLT1, FLT2, FLT3, FLT4, KIT, PDGFRB",RTK signaling,1.826338,0.842726
910852,CAL-85-1,Cediranib,"VEGFR, FLT1, FLT2, FLT3, FLT4, KIT, PDGFRB",RTK signaling,2.271788,0.861551
910910,UACC-812,Cediranib,"VEGFR, FLT1, FLT2, FLT3, FLT4, KIT, PDGFRB",RTK signaling,2.1467579999999997,0.8336429999999999
910927,CAL-51,Cediranib,"VEGFR, FLT1, FLT2, FLT3, FLT4, KIT, PDGFRB",RTK signaling,1.468938,0.794593
910948,MFM-223,Cediranib,"VEGFR, FLT1, FLT2, FLT3, FLT4, KIT, PDGFRB",RTK signaling,0.5301009999999999,0.671968
924106,CAL-148,Cediranib,"VEGFR, FLT1, FLT2, FLT3, FLT4, KIT, PDGFRB",RTK signaling,1.589048,0.822467
924240,MDA-MB-415,Cediranib,"VEGFR, FLT1, FLT2, FLT3, FLT4, KIT, PDGFRB",RTK signaling,1.633691,0.8335269999999999
925338,MDA-MB-157,Cediranib,"VEGFR, FLT1, FLT2, FLT3, FLT4, KIT, PDGFRB",RTK signaling,3.229308,0.924383
946359,BT-474,Cediranib,"VEGFR, FLT1, FLT2, FLT3, FLT4, KIT, PDGFRB",RTK signaling,3.298463,0.8894559999999999
946382,CAMA-1,Cediranib,"VEGFR, FLT1, FLT2, FLT3, FLT4, KIT, PDGFRB",RTK signaling,1.805621,0.839804
949093,BT-483,Cediranib,"VEGFR, FLT1, FLT2, FLT3, FLT4, KIT, PDGFRB",RTK signaling,5.4001719999999995,0.916843
1240172,MDA-MB-436,Cediranib,"VEGFR, FLT1, FLT2, FLT3, FLT4, KIT, PDGFRB",RTK signaling,4.353446,0.94727
1290798,EFM-192A,Cediranib,"VEGFR, FLT1, FLT2, FLT3, FLT4, KIT, PDGFRB",RTK signaling,2.97987,0.902337
1290905,HCC1428,Cediranib,"VEGFR, FLT1, FLT2, FLT3, FLT4, KIT, PDGFRB",RTK signaling,3.3729139999999997,0.88152
1290922,HDQ-P1,Cediranib,"VEGFR, FLT1, FLT2, FLT3, FLT4, KIT, PDGFRB",RTK signaling,1.711352,0.809723
1298157,JIMT-1,Cediranib,"VEGFR, FLT1, FLT2, FLT3, FLT4, KIT, PDGFRB",RTK signaling,3.82731,0.955297
1303900,HCC1500,Cediranib,"VEGFR, FLT1, FLT2, FLT3, FLT4, KIT, PDGFRB",RTK signaling,2.066033,0.8654769999999999
1303911,YMB-1-E,Cediranib,"VEGFR, FLT1, FLT2, FLT3, FLT4, KIT, PDGFRB",RTK signaling,2.765034,0.887716
1330941,MDA-MB-330,Cediranib,"VEGFR, FLT1, FLT2, FLT3, FLT4, KIT, PDGFRB",RTK signaling,3.504292,0.909432
749709,HCC1954,Ipatasertib,"AKT1, AKT, AKT3",PI3K/MTOR signaling,2.404069,0.89076
749710,HCC1143,Ipatasertib,"AKT1, AKT, AKT3",PI3K/MTOR signaling,2.99549,0.890524
749711,HCC1187,Ipatasertib,"AKT1, AKT, AKT3",PI3K/MTOR signaling,3.469112,0.947882
749712,HCC1395,Ipatasertib,"AKT1, AKT, AKT3",PI3K/MTOR signaling,1.667087,0.807244
749713,HCC1599,Ipatasertib,"AKT1, AKT, AKT3",PI3K/MTOR signaling,3.617055,0.917944
749714,HCC1937,Ipatasertib,"AKT1, AKT, AKT3",PI3K/MTOR signaling,3.0396479999999997,0.88891
749715,HCC2157,Ipatasertib,"AKT1, AKT, AKT3",PI3K/MTOR signaling,0.415861,0.7076359999999999
749716,HCC2218,Ipatasertib,"AKT1, AKT, AKT3",PI3K/MTOR signaling,3.633744,0.960873
749717,HCC38,Ipatasertib,"AKT1, AKT, AKT3",PI3K/MTOR signaling,4.780449,0.959814
905945,T47D,Ipatasertib,"AKT1, AKT, AKT3",PI3K/MTOR signaling,1.3115409999999998,0.7820269999999999
905946,MCF7,Ipatasertib,"AKT1, AKT, AKT3",PI3K/MTOR signaling,3.116363,0.890683
905951,BT-549,Ipatasertib,"AKT1, AKT, AKT3",PI3K/MTOR signaling,2.959665,0.8753949999999999
905957,Hs-578-T,Ipatasertib,"AKT1, AKT, AKT3",PI3K/MTOR signaling,1.6708,0.8037829999999999
905960,MDA-MB-231,Ipatasertib,"AKT1, AKT, AKT3",PI3K/MTOR signaling,4.867681,0.976309
906801,BT-20,Ipatasertib,"AKT1, AKT, AKT3",PI3K/MTOR signaling,1.80272,0.855169
906812,COLO-824,Ipatasertib,"AKT1, AKT, AKT3",PI3K/MTOR signaling,2.027235,0.844606
906826,CAL-120,Ipatasertib,"AKT1, AKT, AKT3",PI3K/MTOR signaling,4.574777,0.907343
906844,DU-4475,Ipatasertib,"AKT1, AKT, AKT3",PI3K/MTOR signaling,3.2026109999999997,0.968411
906851,EFM-19,Ipatasertib,"AKT1, AKT, AKT3",PI3K/MTOR signaling,1.394116,0.7769469999999999
906862,EVSA-T,Ipatasertib,"AKT1, AKT, AKT3",PI3K/MTOR signaling,-0.477382,0.591227
907045,HCC1419,Ipatasertib,"AKT1, AKT, AKT3",PI3K/MTOR signaling,1.607278,0.825643
907046,HCC1569,Ipatasertib,"AKT1, AKT, AKT3",PI3K/MTOR signaling,0.710519,0.721436
907048,HCC70,Ipatasertib,"AKT1, AKT, AKT3",PI3K/MTOR signaling,0.6832619999999999,0.728896
908120,MDA-MB-175-VII,Ipatasertib,"AKT1, AKT, AKT3",PI3K/MTOR signaling,1.185191,0.709383
908121,MDA-MB-361,Ipatasertib,"AKT1, AKT, AKT3",PI3K/MTOR signaling,1.727156,0.834293
908122,MDA-MB-453,Ipatasertib,"AKT1, AKT, AKT3",PI3K/MTOR signaling,1.740265,0.8214779999999999
908123,MDA-MB-468,Ipatasertib,"AKT1, AKT, AKT3",PI3K/MTOR signaling,2.922738,0.903088
908151,MRK-nu-1,Ipatasertib,"AKT1, AKT, AKT3",PI3K/MTOR signaling,4.227078,0.984343
909256,OCUB-M,Ipatasertib,"AKT1, AKT, AKT3",PI3K/MTOR signaling,-0.655396,0.5657
909778,UACC-893,Ipatasertib,"AKT1, AKT, AKT3",PI3K/MTOR signaling,0.576935,0.7060449999999999
909907,ZR-75-30,Ipatasertib,"AKT1, AKT, AKT3",PI3K/MTOR signaling,4.981873,0.940961
910704,AU565,Ipatasertib,"AKT1, AKT, AKT3",PI3K/MTOR signaling,2.399006,0.887139
910852,CAL-85-1,Ipatasertib,"AKT1, AKT, AKT3",PI3K/MTOR signaling,3.433578,0.928482
910910,UACC-812,Ipatasertib,"AKT1, AKT, AKT3",PI3K/MTOR signaling,3.3274209999999997,0.905886
910927,CAL-51,Ipatasertib,"AKT1, AKT, AKT3",PI3K/MTOR signaling,1.365588,0.78498
910948,MFM-223,Ipatasertib,"AKT1, AKT, AKT3",PI3K/MTOR signaling,1.273458,0.7397119999999999
924106,CAL-148,Ipatasertib,"AKT1, AKT, AKT3",PI3K/MTOR signaling,-1.402818,0.467344
924240,MDA-MB-415,Ipatasertib,"AKT1, AKT, AKT3",PI3K/MTOR signaling,-0.68995,0.560906
925338,MDA-MB-157,Ipatasertib,"AKT1, AKT, AKT3",PI3K/MTOR signaling,4.507136,0.967787
946359,BT-474,Ipatasertib,"AKT1, AKT, AKT3",PI3K/MTOR signaling,2.765516,0.8597699999999999
946382,CAMA-1,Ipatasertib,"AKT1, AKT, AKT3",PI3K/MTOR signaling,0.088486,0.6569699999999999
949093,BT-483,Ipatasertib,"AKT1, AKT, AKT3",PI3K/MTOR signaling,6.325393999999999,0.940569
1240172,MDA-MB-436,Ipatasertib,"AKT1, AKT, AKT3",PI3K/MTOR signaling,4.907406,0.961777
1290798,EFM-192A,Ipatasertib,"AKT1, AKT, AKT3",PI3K/MTOR signaling,2.887321,0.897173
1290905,HCC1428,Ipatasertib,"AKT1, AKT, AKT3",PI3K/MTOR signaling,6.810573,0.976805
1290922,HDQ-P1,Ipatasertib,"AKT1, AKT, AKT3",PI3K/MTOR signaling,2.6641969999999997,0.8800969999999999
1298157,JIMT-1,Ipatasertib,"AKT1, AKT, AKT3",PI3K/MTOR signaling,3.625641,0.948371
1303900,HCC1500,Ipatasertib,"AKT1, AKT, AKT3",PI3K/MTOR signaling,2.8750869999999997,0.919599
1303911,YMB-1-E,Ipatasertib,"AKT1, AKT, AKT3",PI3K/MTOR signaling,-0.0559039999999999,0.6302599999999999
1330941,MDA-MB-330,Ipatasertib,"AKT1, AKT, AKT3",PI3K/MTOR signaling,1.670691,0.7913209999999999
749709,HCC1954,GNE-317,PI3Kalpha,PI3K/MTOR signaling,0.111469,0.661795
749710,HCC1143,GNE-317,PI3Kalpha,PI3K/MTOR signaling,0.012081,0.63332
749711,HCC1187,GNE-317,PI3Kalpha,PI3K/MTOR signaling,2.705014,0.910608
749712,HCC1395,GNE-317,PI3Kalpha,PI3K/MTOR signaling,1.097542,0.754571
749713,HCC1599,GNE-317,PI3Kalpha,PI3K/MTOR signaling,1.127868,0.7463719999999999
749714,HCC1937,GNE-317,PI3Kalpha,PI3K/MTOR signaling,1.693104,0.7958719999999999
749715,HCC2157,GNE-317,PI3Kalpha,PI3K/MTOR signaling,-1.172983,0.497013
749717,HCC38,GNE-317,PI3Kalpha,PI3K/MTOR signaling,1.136758,0.750732
905945,T47D,GNE-317,PI3Kalpha,PI3K/MTOR signaling,-0.717061,0.553613
905946,MCF7,GNE-317,PI3Kalpha,PI3K/MTOR signaling,1.463696,0.774115
905951,BT-549,GNE-317,PI3Kalpha,PI3K/MTOR signaling,0.6631859999999999,0.6941149999999999
905957,Hs-578-T,GNE-317,PI3Kalpha,PI3K/MTOR signaling,-0.10947,0.622405
905960,MDA-MB-231,GNE-317,PI3Kalpha,PI3K/MTOR signaling,0.076933,0.6521859999999999
906801,BT-20,GNE-317,PI3Kalpha,PI3K/MTOR signaling,0.274889,0.6876329999999999
906812,COLO-824,GNE-317,PI3Kalpha,PI3K/MTOR signaling,0.677151,0.71699
906826,CAL-120,GNE-317,PI3Kalpha,PI3K/MTOR signaling,-0.512965,0.560176
906844,DU-4475,GNE-317,PI3Kalpha,PI3K/MTOR signaling,0.568777,0.7371639999999999
906851,EFM-19,GNE-317,PI3Kalpha,PI3K/MTOR signaling,-0.932753,0.5257499999999999
906862,EVSA-T,GNE-317,PI3Kalpha,PI3K/MTOR signaling,-1.036196,0.51562
907045,HCC1419,GNE-317,PI3Kalpha,PI3K/MTOR signaling,2.742508,0.91169
907046,HCC1569,GNE-317,PI3Kalpha,PI3K/MTOR signaling,0.4102099999999999,0.6881959999999999
907048,HCC70,GNE-317,PI3Kalpha,PI3K/MTOR signaling,0.0260749999999999,0.650597
908120,MDA-MB-175-VII,GNE-317,PI3Kalpha,PI3K/MTOR signaling,-1.138366,0.501196
908121,MDA-MB-361,GNE-317,PI3Kalpha,PI3K/MTOR signaling,-1.102596,0.506273
908122,MDA-MB-453,GNE-317,PI3Kalpha,PI3K/MTOR signaling,0.544083,0.702745
908123,MDA-MB-468,GNE-317,PI3Kalpha,PI3K/MTOR signaling,0.489299,0.695365
908151,MRK-nu-1,GNE-317,PI3Kalpha,PI3K/MTOR signaling,-1.329838,0.4753199999999999
909256,OCUB-M,GNE-317,PI3Kalpha,PI3K/MTOR signaling,-1.497017,0.454073
909778,UACC-893,GNE-317,PI3Kalpha,PI3K/MTOR signaling,-0.890118,0.532276
909907,ZR-75-30,GNE-317,PI3Kalpha,PI3K/MTOR signaling,2.114904,0.802415
910704,AU565,GNE-317,PI3Kalpha,PI3K/MTOR signaling,-0.1695269999999999,0.625594
910852,CAL-85-1,GNE-317,PI3Kalpha,PI3K/MTOR signaling,0.254426,0.668963
910910,UACC-812,GNE-317,PI3Kalpha,PI3K/MTOR signaling,0.452883,0.679908
910927,CAL-51,GNE-317,PI3Kalpha,PI3K/MTOR signaling,-0.928459,0.527326
910948,MFM-223,GNE-317,PI3Kalpha,PI3K/MTOR signaling,0.4100129999999999,0.660382
924106,CAL-148,GNE-317,PI3Kalpha,PI3K/MTOR signaling,-0.7490509999999999,0.552076
924240,MDA-MB-415,GNE-317,PI3Kalpha,PI3K/MTOR signaling,-1.2092429999999998,0.4922919999999999
925338,MDA-MB-157,GNE-317,PI3Kalpha,PI3K/MTOR signaling,1.362822,0.7904599999999999
946359,BT-474,GNE-317,PI3Kalpha,PI3K/MTOR signaling,1.856017,0.796574
946382,CAMA-1,GNE-317,PI3Kalpha,PI3K/MTOR signaling,-0.7204389999999999,0.555427
949093,BT-483,GNE-317,PI3Kalpha,PI3K/MTOR signaling,2.304597,0.773909
1240172,MDA-MB-436,GNE-317,PI3Kalpha,PI3K/MTOR signaling,2.077631,0.830019
1290798,EFM-192A,GNE-317,PI3Kalpha,PI3K/MTOR signaling,-0.217965,0.612283
1290905,HCC1428,GNE-317,PI3Kalpha,PI3K/MTOR signaling,3.706177,0.8973679999999999
1290922,HDQ-P1,GNE-317,PI3Kalpha,PI3K/MTOR signaling,-1.012885,0.516595
1298157,JIMT-1,GNE-317,PI3Kalpha,PI3K/MTOR signaling,-0.270173,0.612126
1303900,HCC1500,GNE-317,PI3Kalpha,PI3K/MTOR signaling,3.182517,0.935087
1303911,YMB-1-E,GNE-317,PI3Kalpha,PI3K/MTOR signaling,0.1477989999999999,0.653548
1330941,MDA-MB-330,GNE-317,PI3Kalpha,PI3K/MTOR signaling,-0.987706,0.518571
749709,HCC1954,Foretinib,"MET, KDR, TIE2, VEGFR3/FLT4, RON, PDGFR, FGFR1, EGFR",RTK signaling,1.856893,0.848487
749710,HCC1143,Foretinib,"MET, KDR, TIE2, VEGFR3/FLT4, RON, PDGFR, FGFR1, EGFR",RTK signaling,1.291299,0.764299
749711,HCC1187,Foretinib,"MET, KDR, TIE2, VEGFR3/FLT4, RON, PDGFR, FGFR1, EGFR",RTK signaling,0.2838279999999999,0.683094
749712,HCC1395,Foretinib,"MET, KDR, TIE2, VEGFR3/FLT4, RON, PDGFR, FGFR1, EGFR",RTK signaling,0.668219,0.710658
749713,HCC1599,Foretinib,"MET, KDR, TIE2, VEGFR3/FLT4, RON, PDGFR, FGFR1, EGFR",RTK signaling,1.352886,0.767111
749714,HCC1937,Foretinib,"MET, KDR, TIE2, VEGFR3/FLT4, RON, PDGFR, FGFR1, EGFR",RTK signaling,1.7377479999999998,0.79957
749715,HCC2157,Foretinib,"MET, KDR, TIE2, VEGFR3/FLT4, RON, PDGFR, FGFR1, EGFR",RTK signaling,1.918591,0.8699209999999999
749716,HCC2218,Foretinib,"MET, KDR, TIE2, VEGFR3/FLT4, RON, PDGFR, FGFR1, EGFR",RTK signaling,4.393057,0.979524
749717,HCC38,Foretinib,"MET, KDR, TIE2, VEGFR3/FLT4, RON, PDGFR, FGFR1, EGFR",RTK signaling,1.619345,0.794412
905945,T47D,Foretinib,"MET, KDR, TIE2, VEGFR3/FLT4, RON, PDGFR, FGFR1, EGFR",RTK signaling,2.453351,0.8758229999999999
905946,MCF7,Foretinib,"MET, KDR, TIE2, VEGFR3/FLT4, RON, PDGFR, FGFR1, EGFR",RTK signaling,1.262603,0.756182
905951,BT-549,Foretinib,"MET, KDR, TIE2, VEGFR3/FLT4, RON, PDGFR, FGFR1, EGFR",RTK signaling,2.33473,0.835973
905957,Hs-578-T,Foretinib,"MET, KDR, TIE2, VEGFR3/FLT4, RON, PDGFR, FGFR1, EGFR",RTK signaling,0.462176,0.6860149999999999
905960,MDA-MB-231,Foretinib,"MET, KDR, TIE2, VEGFR3/FLT4, RON, PDGFR, FGFR1, EGFR",RTK signaling,1.62594,0.8169599999999999
906801,BT-20,Foretinib,"MET, KDR, TIE2, VEGFR3/FLT4, RON, PDGFR, FGFR1, EGFR",RTK signaling,2.79534,0.926944
906812,COLO-824,Foretinib,"MET, KDR, TIE2, VEGFR3/FLT4, RON, PDGFR, FGFR1, EGFR",RTK signaling,-0.13125,0.624643
906826,CAL-120,Foretinib,"MET, KDR, TIE2, VEGFR3/FLT4, RON, PDGFR, FGFR1, EGFR",RTK signaling,0.75811,0.6744939999999999
906844,DU-4475,Foretinib,"MET, KDR, TIE2, VEGFR3/FLT4, RON, PDGFR, FGFR1, EGFR",RTK signaling,0.1380299999999999,0.679812
906851,EFM-19,Foretinib,"MET, KDR, TIE2, VEGFR3/FLT4, RON, PDGFR, FGFR1, EGFR",RTK signaling,1.72332,0.805727
906862,EVSA-T,Foretinib,"MET, KDR, TIE2, VEGFR3/FLT4, RON, PDGFR, FGFR1, EGFR",RTK signaling,0.626351,0.733545
907045,HCC1419,Foretinib,"MET, KDR, TIE2, VEGFR3/FLT4, RON, PDGFR, FGFR1, EGFR",RTK signaling,4.53545,0.976594
907046,HCC1569,Foretinib,"MET, KDR, TIE2, VEGFR3/FLT4, RON, PDGFR, FGFR1, EGFR",RTK signaling,0.752286,0.725941
907048,HCC70,Foretinib,"MET, KDR, TIE2, VEGFR3/FLT4, RON, PDGFR, FGFR1, EGFR",RTK signaling,2.471273,0.893806
908120,MDA-MB-175-VII,Foretinib,"MET, KDR, TIE2, VEGFR3/FLT4, RON, PDGFR, FGFR1, EGFR",RTK signaling,2.3679479999999997,0.7958679999999999
908121,MDA-MB-361,Foretinib,"MET, KDR, TIE2, VEGFR3/FLT4, RON, PDGFR, FGFR1, EGFR",RTK signaling,1.403327,0.80412
908122,MDA-MB-453,Foretinib,"MET, KDR, TIE2, VEGFR3/FLT4, RON, PDGFR, FGFR1, EGFR",RTK signaling,2.507705,0.879917
908123,MDA-MB-468,Foretinib,"MET, KDR, TIE2, VEGFR3/FLT4, RON, PDGFR, FGFR1, EGFR",RTK signaling,0.925976,0.7422179999999999
908151,MRK-nu-1,Foretinib,"MET, KDR, TIE2, VEGFR3/FLT4, RON, PDGFR, FGFR1, EGFR",RTK signaling,1.099289,0.7939529999999999
909256,OCUB-M,Foretinib,"MET, KDR, TIE2, VEGFR3/FLT4, RON, PDGFR, FGFR1, EGFR",RTK signaling,1.7486499999999998,0.845459
909778,UACC-893,Foretinib,"MET, KDR, TIE2, VEGFR3/FLT4, RON, PDGFR, FGFR1, EGFR",RTK signaling,2.974275,0.907474
909907,ZR-75-30,Foretinib,"MET, KDR, TIE2, VEGFR3/FLT4, RON, PDGFR, FGFR1, EGFR",RTK signaling,3.4880649999999997,0.8849269999999999
910704,AU565,Foretinib,"MET, KDR, TIE2, VEGFR3/FLT4, RON, PDGFR, FGFR1, EGFR",RTK signaling,1.075872,0.7706989999999999
910852,CAL-85-1,Foretinib,"MET, KDR, TIE2, VEGFR3/FLT4, RON, PDGFR, FGFR1, EGFR",RTK signaling,1.291895,0.778794
910910,UACC-812,Foretinib,"MET, KDR, TIE2, VEGFR3/FLT4, RON, PDGFR, FGFR1, EGFR",RTK signaling,2.2102299999999997,0.838297
910927,CAL-51,Foretinib,"MET, KDR, TIE2, VEGFR3/FLT4, RON, PDGFR, FGFR1, EGFR",RTK signaling,1.186447,0.767764
910948,MFM-223,Foretinib,"MET, KDR, TIE2, VEGFR3/FLT4, RON, PDGFR, FGFR1, EGFR",RTK signaling,0.080409,0.627832
924106,CAL-148,Foretinib,"MET, KDR, TIE2, VEGFR3/FLT4, RON, PDGFR, FGFR1, EGFR",RTK signaling,0.053339,0.653637
924240,MDA-MB-415,Foretinib,"MET, KDR, TIE2, VEGFR3/FLT4, RON, PDGFR, FGFR1, EGFR",RTK signaling,1.374008,0.808407
925338,MDA-MB-157,Foretinib,"MET, KDR, TIE2, VEGFR3/FLT4, RON, PDGFR, FGFR1, EGFR",RTK signaling,1.246807,0.779196
946359,BT-474,Foretinib,"MET, KDR, TIE2, VEGFR3/FLT4, RON, PDGFR, FGFR1, EGFR",RTK signaling,4.047318,0.922542
946382,CAMA-1,Foretinib,"MET, KDR, TIE2, VEGFR3/FLT4, RON, PDGFR, FGFR1, EGFR",RTK signaling,1.986303,0.854939
949093,BT-483,Foretinib,"MET, KDR, TIE2, VEGFR3/FLT4, RON, PDGFR, FGFR1, EGFR",RTK signaling,8.04647,0.969038
1240172,MDA-MB-436,Foretinib,"MET, KDR, TIE2, VEGFR3/FLT4, RON, PDGFR, FGFR1, EGFR",RTK signaling,3.93694,0.933341
1290798,EFM-192A,Foretinib,"MET, KDR, TIE2, VEGFR3/FLT4, RON, PDGFR, FGFR1, EGFR",RTK signaling,2.68525,0.8851789999999999
1290905,HCC1428,Foretinib,"MET, KDR, TIE2, VEGFR3/FLT4, RON, PDGFR, FGFR1, EGFR",RTK signaling,2.108831,0.804213
1290922,HDQ-P1,Foretinib,"MET, KDR, TIE2, VEGFR3/FLT4, RON, PDGFR, FGFR1, EGFR",RTK signaling,0.375723,0.6781929999999999
1298157,JIMT-1,Foretinib,"MET, KDR, TIE2, VEGFR3/FLT4, RON, PDGFR, FGFR1, EGFR",RTK signaling,1.507014,0.8115009999999999
1303911,YMB-1-E,Foretinib,"MET, KDR, TIE2, VEGFR3/FLT4, RON, PDGFR, FGFR1, EGFR",RTK signaling,2.113907,0.843518
1330941,MDA-MB-330,Foretinib,"MET, KDR, TIE2, VEGFR3/FLT4, RON, PDGFR, FGFR1, EGFR",RTK signaling,1.964866,0.814947
749709,HCC1954,AMG-319,PI3K (beta sparing),PI3K/MTOR signaling,5.189259,0.986474
749710,HCC1143,AMG-319,PI3K (beta sparing),PI3K/MTOR signaling,4.839417,0.960469
749711,HCC1187,AMG-319,PI3K (beta sparing),PI3K/MTOR signaling,5.361198,0.988452
749712,HCC1395,AMG-319,PI3K (beta sparing),PI3K/MTOR signaling,2.947304,0.898215
749713,HCC1599,AMG-319,PI3K (beta sparing),PI3K/MTOR signaling,5.449517,0.970727
749714,HCC1937,AMG-319,PI3K (beta sparing),PI3K/MTOR signaling,5.744675,0.975006
749715,HCC2157,AMG-319,PI3K (beta sparing),PI3K/MTOR signaling,3.909042,0.973904
749716,HCC2218,AMG-319,PI3K (beta sparing),PI3K/MTOR signaling,4.7953719999999995,0.985656
749717,HCC38,AMG-319,PI3K (beta sparing),PI3K/MTOR signaling,5.419881999999999,0.972651
905945,T47D,AMG-319,PI3K (beta sparing),PI3K/MTOR signaling,4.866001,0.972696
905946,MCF7,AMG-319,PI3K (beta sparing),PI3K/MTOR signaling,5.370957,0.967426
905951,BT-549,AMG-319,PI3K (beta sparing),PI3K/MTOR signaling,5.261158,0.961043
905957,Hs-578-T,AMG-319,PI3K (beta sparing),PI3K/MTOR signaling,4.798471999999999,0.963839
905960,MDA-MB-231,AMG-319,PI3K (beta sparing),PI3K/MTOR signaling,5.204676,0.981503
906801,BT-20,AMG-319,PI3K (beta sparing),PI3K/MTOR signaling,5.191222,0.990828
906812,COLO-824,AMG-319,PI3K (beta sparing),PI3K/MTOR signaling,4.4266939999999995,0.963135
906826,CAL-120,AMG-319,PI3K (beta sparing),PI3K/MTOR signaling,7.372633,0.970778
906844,DU-4475,AMG-319,PI3K (beta sparing),PI3K/MTOR signaling,3.4133169999999997,0.975076
906851,EFM-19,AMG-319,PI3K (beta sparing),PI3K/MTOR signaling,4.724595,0.960324
906862,EVSA-T,AMG-319,PI3K (beta sparing),PI3K/MTOR signaling,2.3954359999999997,0.906822
907045,HCC1419,AMG-319,PI3K (beta sparing),PI3K/MTOR signaling,5.182078,0.986132
907046,HCC1569,AMG-319,PI3K (beta sparing),PI3K/MTOR signaling,5.893402,0.987157
907048,HCC70,AMG-319,PI3K (beta sparing),PI3K/MTOR signaling,3.374447,0.942346
908120,MDA-MB-175-VII,AMG-319,PI3K (beta sparing),PI3K/MTOR signaling,7.604439999999999,0.973258
908121,MDA-MB-361,AMG-319,PI3K (beta sparing),PI3K/MTOR signaling,5.220403999999999,0.985599
908122,MDA-MB-453,AMG-319,PI3K (beta sparing),PI3K/MTOR signaling,5.105906,0.977116
908123,MDA-MB-468,AMG-319,PI3K (beta sparing),PI3K/MTOR signaling,5.055827,0.975169
908151,MRK-nu-1,AMG-319,PI3K (beta sparing),PI3K/MTOR signaling,4.3289409999999995,0.985895
909256,OCUB-M,AMG-319,PI3K (beta sparing),PI3K/MTOR signaling,4.446422,0.979097
909778,UACC-893,AMG-319,PI3K (beta sparing),PI3K/MTOR signaling,5.834216,0.986144
909907,ZR-75-30,AMG-319,PI3K (beta sparing),PI3K/MTOR signaling,6.518857,0.971923
910704,AU565,AMG-319,PI3K (beta sparing),PI3K/MTOR signaling,3.79796,0.956407
910852,CAL-85-1,AMG-319,PI3K (beta sparing),PI3K/MTOR signaling,5.772005,0.984922
910910,UACC-812,AMG-319,PI3K (beta sparing),PI3K/MTOR signaling,6.183358999999999,0.98168
910927,CAL-51,AMG-319,PI3K (beta sparing),PI3K/MTOR signaling,5.563844,0.982139
910948,MFM-223,AMG-319,PI3K (beta sparing),PI3K/MTOR signaling,6.7707049999999995,0.977177
924106,CAL-148,AMG-319,PI3K (beta sparing),PI3K/MTOR signaling,5.192182,0.985585
924240,MDA-MB-415,AMG-319,PI3K (beta sparing),PI3K/MTOR signaling,3.1192659999999997,0.937186
925338,MDA-MB-157,AMG-319,PI3K (beta sparing),PI3K/MTOR signaling,4.814031,0.974069
946359,BT-474,AMG-319,PI3K (beta sparing),PI3K/MTOR signaling,6.24156,0.975322
946382,CAMA-1,AMG-319,PI3K (beta sparing),PI3K/MTOR signaling,4.4901789999999995,0.973491
949093,BT-483,AMG-319,PI3K (beta sparing),PI3K/MTOR signaling,7.366426,0.959802
1240172,MDA-MB-436,AMG-319,PI3K (beta sparing),PI3K/MTOR signaling,5.615405,0.97499
1290798,EFM-192A,AMG-319,PI3K (beta sparing),PI3K/MTOR signaling,5.993004,0.985612
1290905,HCC1428,AMG-319,PI3K (beta sparing),PI3K/MTOR signaling,6.367863,0.970993
1290922,HDQ-P1,AMG-319,PI3K (beta sparing),PI3K/MTOR signaling,6.095988999999999,0.985197
1298157,JIMT-1,AMG-319,PI3K (beta sparing),PI3K/MTOR signaling,5.614167999999999,0.988547
1303911,YMB-1-E,AMG-319,PI3K (beta sparing),PI3K/MTOR signaling,3.4508,0.923402
1330941,MDA-MB-330,AMG-319,PI3K (beta sparing),PI3K/MTOR signaling,5.063276,0.96085
749709,HCC1954,Uprosertib,"AKT1, AKT2, AKT3",PI3K/MTOR signaling,0.88871,0.752984
749710,HCC1143,Uprosertib,"AKT1, AKT2, AKT3",PI3K/MTOR signaling,3.69615,0.924268
749711,HCC1187,Uprosertib,"AKT1, AKT2, AKT3",PI3K/MTOR signaling,4.906088,0.98317
749712,HCC1395,Uprosertib,"AKT1, AKT2, AKT3",PI3K/MTOR signaling,1.107337,0.755533
749714,HCC1937,Uprosertib,"AKT1, AKT2, AKT3",PI3K/MTOR signaling,2.72991,0.8709359999999999
749715,HCC2157,Uprosertib,"AKT1, AKT2, AKT3",PI3K/MTOR signaling,2.299735,0.9001119999999999
749717,HCC38,Uprosertib,"AKT1, AKT2, AKT3",PI3K/MTOR signaling,4.786595999999999,0.95996
905945,T47D,Uprosertib,"AKT1, AKT2, AKT3",PI3K/MTOR signaling,3.723858,0.941601
905946,MCF7,Uprosertib,"AKT1, AKT2, AKT3",PI3K/MTOR signaling,1.7026359999999998,0.794431
905951,BT-549,Uprosertib,"AKT1, AKT2, AKT3",PI3K/MTOR signaling,3.2429159999999997,0.890733
905957,Hs-578-T,Uprosertib,"AKT1, AKT2, AKT3",PI3K/MTOR signaling,1.696052,0.805935
905960,MDA-MB-231,Uprosertib,"AKT1, AKT2, AKT3",PI3K/MTOR signaling,3.729356,0.94714
906801,BT-20,Uprosertib,"AKT1, AKT2, AKT3",PI3K/MTOR signaling,1.605463,0.8369719999999999
906812,COLO-824,Uprosertib,"AKT1, AKT2, AKT3",PI3K/MTOR signaling,1.033239,0.754448
906826,CAL-120,Uprosertib,"AKT1, AKT2, AKT3",PI3K/MTOR signaling,4.58709,0.907784
906844,DU-4475,Uprosertib,"AKT1, AKT2, AKT3",PI3K/MTOR signaling,1.433795,0.841569
906851,EFM-19,Uprosertib,"AKT1, AKT2, AKT3",PI3K/MTOR signaling,0.933685,0.733082
906862,EVSA-T,Uprosertib,"AKT1, AKT2, AKT3",PI3K/MTOR signaling,-1.63083,0.4348769999999999
907045,HCC1419,Uprosertib,"AKT1, AKT2, AKT3",PI3K/MTOR signaling,3.190047,0.935067
907048,HCC70,Uprosertib,"AKT1, AKT2, AKT3",PI3K/MTOR signaling,-0.372791,0.6005039999999999
908120,MDA-MB-175-VII,Uprosertib,"AKT1, AKT2, AKT3",PI3K/MTOR signaling,1.057106,0.698997
908121,MDA-MB-361,Uprosertib,"AKT1, AKT2, AKT3",PI3K/MTOR signaling,0.721672,0.7322409999999999
908122,MDA-MB-453,Uprosertib,"AKT1, AKT2, AKT3",PI3K/MTOR signaling,-0.061855,0.633095
908123,MDA-MB-468,Uprosertib,"AKT1, AKT2, AKT3",PI3K/MTOR signaling,2.221462,0.857815
908151,MRK-nu-1,Uprosertib,"AKT1, AKT2, AKT3",PI3K/MTOR signaling,1.858637,0.871514
909256,OCUB-M,Uprosertib,"AKT1, AKT2, AKT3",PI3K/MTOR signaling,-2.186775,0.363981
909907,ZR-75-30,Uprosertib,"AKT1, AKT2, AKT3",PI3K/MTOR signaling,2.9753179999999997,0.85786
910704,AU565,Uprosertib,"AKT1, AKT2, AKT3",PI3K/MTOR signaling,-0.250604,0.615432
910852,CAL-85-1,Uprosertib,"AKT1, AKT2, AKT3",PI3K/MTOR signaling,4.6672839999999995,0.967717
910910,UACC-812,Uprosertib,"AKT1, AKT2, AKT3",PI3K/MTOR signaling,4.65849,0.954638
910927,CAL-51,Uprosertib,"AKT1, AKT2, AKT3",PI3K/MTOR signaling,1.194312,0.7685339999999999
910948,MFM-223,Uprosertib,"AKT1, AKT2, AKT3",PI3K/MTOR signaling,0.319146,0.6515139999999999
924106,CAL-148,Uprosertib,"AKT1, AKT2, AKT3",PI3K/MTOR signaling,-2.436721,0.336397
924240,MDA-MB-415,Uprosertib,"AKT1, AKT2, AKT3",PI3K/MTOR signaling,-1.025303,0.516644
925338,MDA-MB-157,Uprosertib,"AKT1, AKT2, AKT3",PI3K/MTOR signaling,4.335889,0.963702
946359,BT-474,Uprosertib,"AKT1, AKT2, AKT3",PI3K/MTOR signaling,3.017451,0.87447
946382,CAMA-1,Uprosertib,"AKT1, AKT2, AKT3",PI3K/MTOR signaling,0.1672499999999999,0.666527
949093,BT-483,Uprosertib,"AKT1, AKT2, AKT3",PI3K/MTOR signaling,5.319255999999999,0.914417
1240172,MDA-MB-436,Uprosertib,"AKT1, AKT2, AKT3",PI3K/MTOR signaling,4.0881929999999995,0.938729
1290798,EFM-192A,Uprosertib,"AKT1, AKT2, AKT3",PI3K/MTOR signaling,1.883901,0.827695
1290905,HCC1428,Uprosertib,"AKT1, AKT2, AKT3",PI3K/MTOR signaling,5.7474359999999995,0.960505
1290922,HDQ-P1,Uprosertib,"AKT1, AKT2, AKT3",PI3K/MTOR signaling,1.462175,0.7878379999999999
1298157,JIMT-1,Uprosertib,"AKT1, AKT2, AKT3",PI3K/MTOR signaling,4.032999,0.961507
1303900,HCC1500,Uprosertib,"AKT1, AKT2, AKT3",PI3K/MTOR signaling,5.331293,0.987882
749709,HCC1954,AZD6482,PI3Kbeta,PI3K/MTOR signaling,2.781671,0.91489
749710,HCC1143,AZD6482,PI3Kbeta,PI3K/MTOR signaling,4.1402209999999995,0.940996
749711,HCC1187,AZD6482,PI3Kbeta,PI3K/MTOR signaling,5.485882999999999,0.989629
749712,HCC1395,AZD6482,PI3Kbeta,PI3K/MTOR signaling,1.897377,0.827075
749713,HCC1599,AZD6482,PI3Kbeta,PI3K/MTOR signaling,3.554992,0.915502
749714,HCC1937,AZD6482,PI3Kbeta,PI3K/MTOR signaling,3.489608,0.911789
749716,HCC2218,AZD6482,PI3Kbeta,PI3K/MTOR signaling,5.713439,0.993778
749717,HCC38,AZD6482,PI3Kbeta,PI3K/MTOR signaling,4.313444,0.947368
905945,T47D,AZD6482,PI3Kbeta,PI3K/MTOR signaling,2.254174,0.8623069999999999
905946,MCF7,AZD6482,PI3Kbeta,PI3K/MTOR signaling,2.3888119999999997,0.846862
905951,BT-549,AZD6482,PI3Kbeta,PI3K/MTOR signaling,3.517147,0.904442
905957,Hs-578-T,AZD6482,PI3Kbeta,PI3K/MTOR signaling,1.599429,0.79828
905960,MDA-MB-231,AZD6482,PI3Kbeta,PI3K/MTOR signaling,3.520783,0.939435
906801,BT-20,AZD6482,PI3Kbeta,PI3K/MTOR signaling,1.274653,0.8044899999999999
906812,COLO-824,AZD6482,PI3Kbeta,PI3K/MTOR signaling,3.581063,0.936242
906826,CAL-120,AZD6482,PI3Kbeta,PI3K/MTOR signaling,4.762193,0.914116
906844,DU-4475,AZD6482,PI3Kbeta,PI3K/MTOR signaling,3.983511,0.987276
906851,EFM-19,AZD6482,PI3Kbeta,PI3K/MTOR signaling,3.724204,0.929021
906862,EVSA-T,AZD6482,PI3Kbeta,PI3K/MTOR signaling,-0.341211,0.61076
907045,HCC1419,AZD6482,PI3Kbeta,PI3K/MTOR signaling,4.324026,0.972419
907046,HCC1569,AZD6482,PI3Kbeta,PI3K/MTOR signaling,3.5551869999999997,0.936272
907048,HCC70,AZD6482,PI3Kbeta,PI3K/MTOR signaling,1.685655,0.832572
908120,MDA-MB-175-VII,AZD6482,PI3Kbeta,PI3K/MTOR signaling,3.703904,0.871161
908121,MDA-MB-361,AZD6482,PI3Kbeta,PI3K/MTOR signaling,2.573148,0.899299
908122,MDA-MB-453,AZD6482,PI3Kbeta,PI3K/MTOR signaling,0.898335,0.741767
908123,MDA-MB-468,AZD6482,PI3Kbeta,PI3K/MTOR signaling,2.110284,0.849981
908151,MRK-nu-1,AZD6482,PI3Kbeta,PI3K/MTOR signaling,3.360349,0.963249
909256,OCUB-M,AZD6482,PI3Kbeta,PI3K/MTOR signaling,-0.2996419999999999,0.613544
909778,UACC-893,AZD6482,PI3Kbeta,PI3K/MTOR signaling,0.90694,0.742281
909907,ZR-75-30,AZD6482,PI3Kbeta,PI3K/MTOR signaling,5.832154999999999,0.960782
910704,AU565,AZD6482,PI3Kbeta,PI3K/MTOR signaling,3.333628,0.939284
910852,CAL-85-1,AZD6482,PI3Kbeta,PI3K/MTOR signaling,4.178459,0.955512
910927,CAL-51,AZD6482,PI3Kbeta,PI3K/MTOR signaling,5.499826,0.981393
910948,MFM-223,AZD6482,PI3Kbeta,PI3K/MTOR signaling,3.014767,0.8646739999999999
924106,CAL-148,AZD6482,PI3Kbeta,PI3K/MTOR signaling,0.8083039999999999,0.743327
924240,MDA-MB-415,AZD6482,PI3Kbeta,PI3K/MTOR signaling,0.070392,0.6601239999999999
925338,MDA-MB-157,AZD6482,PI3Kbeta,PI3K/MTOR signaling,5.472333,0.983936
946359,BT-474,AZD6482,PI3Kbeta,PI3K/MTOR signaling,5.068155,0.953968
946382,CAMA-1,AZD6482,PI3Kbeta,PI3K/MTOR signaling,2.008437,0.857215
949093,BT-483,AZD6482,PI3Kbeta,PI3K/MTOR signaling,5.617177,0.923269
1240172,MDA-MB-436,AZD6482,PI3Kbeta,PI3K/MTOR signaling,2.731563,0.875174
1290798,EFM-192A,AZD6482,PI3Kbeta,PI3K/MTOR signaling,4.074663999999999,0.949239
1290905,HCC1428,AZD6482,PI3Kbeta,PI3K/MTOR signaling,6.9576649999999995,0.978544
1290922,HDQ-P1,AZD6482,PI3Kbeta,PI3K/MTOR signaling,2.3106359999999997,0.8569859999999999
1298157,JIMT-1,AZD6482,PI3Kbeta,PI3K/MTOR signaling,5.044595,0.982163
1303911,YMB-1-E,AZD6482,PI3Kbeta,PI3K/MTOR signaling,-0.657507,0.559403
1330941,MDA-MB-330,AZD6482,PI3Kbeta,PI3K/MTOR signaling,2.328094,0.8421799999999999
749709,HCC1954,AT13148,AKT1,PI3K/MTOR signaling,2.157111,0.872811
749710,HCC1143,AT13148,AKT1,PI3K/MTOR signaling,4.468086,0.950906
749711,HCC1187,AT13148,AKT1,PI3K/MTOR signaling,2.004434,0.8612799999999999
749712,HCC1395,AT13148,AKT1,PI3K/MTOR signaling,2.759839,0.887363
749713,HCC1599,AT13148,AKT1,PI3K/MTOR signaling,3.654997,0.9286
749714,HCC1937,AT13148,AKT1,PI3K/MTOR signaling,6.1115949999999994,0.979915
749715,HCC2157,AT13148,AKT1,PI3K/MTOR signaling,2.846049,0.934292
749716,HCC2218,AT13148,AKT1,PI3K/MTOR signaling,2.91873,0.94191
749717,HCC38,AT13148,AKT1,PI3K/MTOR signaling,5.976633,0.98059
905945,T47D,AT13148,AKT1,PI3K/MTOR signaling,4.848907,0.972373
905946,MCF7,AT13148,AKT1,PI3K/MTOR signaling,2.774852,0.871259
905951,BT-549,AT13148,AKT1,PI3K/MTOR signaling,1.940925,0.807145
905957,Hs-578-T,AT13148,AKT1,PI3K/MTOR signaling,2.140233,0.8414459999999999
905960,MDA-MB-231,AT13148,AKT1,PI3K/MTOR signaling,2.623377,0.8932939999999999
906801,BT-20,AT13148,AKT1,PI3K/MTOR signaling,4.429993,0.981556
906812,COLO-824,AT13148,AKT1,PI3K/MTOR signaling,1.913456,0.835492
906826,CAL-120,AT13148,AKT1,PI3K/MTOR signaling,5.646203,0.939548
906844,DU-4475,AT13148,AKT1,PI3K/MTOR signaling,3.2679229999999997,0.970627
906851,EFM-19,AT13148,AKT1,PI3K/MTOR signaling,3.436126,0.916437
906862,EVSA-T,AT13148,AKT1,PI3K/MTOR signaling,2.129861,0.8872519999999999
907045,HCC1419,AT13148,AKT1,PI3K/MTOR signaling,5.070707,0.984809
907046,HCC1569,AT13148,AKT1,PI3K/MTOR signaling,1.416192,0.813333
907048,HCC70,AT13148,AKT1,PI3K/MTOR signaling,3.147121,0.932266
908120,MDA-MB-175-VII,AT13148,AKT1,PI3K/MTOR signaling,3.037623,0.8365199999999999
908121,MDA-MB-361,AT13148,AKT1,PI3K/MTOR signaling,3.4761949999999997,0.945138
908122,MDA-MB-453,AT13148,AKT1,PI3K/MTOR signaling,2.034315,0.845668
908123,MDA-MB-468,AT13148,AKT1,PI3K/MTOR signaling,3.149028,0.915068
908151,MRK-nu-1,AT13148,AKT1,PI3K/MTOR signaling,1.269738,0.812916
909256,OCUB-M,AT13148,AKT1,PI3K/MTOR signaling,2.059037,0.871849
909778,UACC-893,AT13148,AKT1,PI3K/MTOR signaling,2.348754,0.883598
909907,ZR-75-30,AT13148,AKT1,PI3K/MTOR signaling,4.4566479999999995,0.924772
910704,AU565,AT13148,AKT1,PI3K/MTOR signaling,0.740953,0.734246
910852,CAL-85-1,AT13148,AKT1,PI3K/MTOR signaling,5.811986999999999,0.98534
910910,UACC-812,AT13148,AKT1,PI3K/MTOR signaling,3.127567,0.8957489999999999
910927,CAL-51,AT13148,AKT1,PI3K/MTOR signaling,2.550356,0.879726
910948,MFM-223,AT13148,AKT1,PI3K/MTOR signaling,4.261324999999999,0.921536
924106,CAL-148,AT13148,AKT1,PI3K/MTOR signaling,0.487043,0.705766
924240,MDA-MB-415,AT13148,AKT1,PI3K/MTOR signaling,0.930804,0.761452
925338,MDA-MB-157,AT13148,AKT1,PI3K/MTOR signaling,4.277654,0.962209
946359,BT-474,AT13148,AKT1,PI3K/MTOR signaling,6.585926,0.979559
946382,CAMA-1,AT13148,AKT1,PI3K/MTOR signaling,1.957119,0.852557
949093,BT-483,AT13148,AKT1,PI3K/MTOR signaling,8.332158999999999,0.972283
1240172,MDA-MB-436,AT13148,AKT1,PI3K/MTOR signaling,5.623729,0.975116
1290798,EFM-192A,AT13148,AKT1,PI3K/MTOR signaling,3.4606679999999996,0.925972
1290905,HCC1428,AT13148,AKT1,PI3K/MTOR signaling,6.556121,0.973616
1290922,HDQ-P1,AT13148,AKT1,PI3K/MTOR signaling,1.564893,0.797025
1298157,JIMT-1,AT13148,AKT1,PI3K/MTOR signaling,4.711927,0.97687
1303900,HCC1500,AT13148,AKT1,PI3K/MTOR signaling,2.891867,0.920513
1303911,YMB-1-E,AT13148,AKT1,PI3K/MTOR signaling,1.6798769999999998,0.827002
1330941,MDA-MB-330,AT13148,AKT1,PI3K/MTOR signaling,3.485499,0.918413
